Id,LotFrontage,LotArea,LotShape,LandContour,LandSlope,HouseStyle,OverallQual,OverallCond,YearBuilt,YearRemodAdd,MasVnrArea,ExterQual,ExterCond,BsmtQual,BsmtCond,BsmtExposure,BsmtFinType1,BsmtFinSF1,BsmtFinType2,BsmtFinSF2,BsmtUnfSF,TotalBsmtSF,HeatingQC,1stFlrSF,2ndFlrSF,LowQualFinSF,GrLivArea,BedroomAbvGr,KitchenAbvGr,KitchenQual,TotRmsAbvGrd,Functional,Fireplaces,FireplaceQu,No. of bathrooms,GarageYrBlt,GarageFinish,GarageCars,GarageArea,GarageQual,GarageCond,PavedDrive,WoodDeckSF,OpenPorchSF,EnclosedPorch,3SsnPorch,ScreenPorch,PoolArea,PoolQC,Fence,MiscVal,MoSold,YrSold,SalePrice,Street_Pave,Alley_Pave,CentralAir_Y,MasVnrType_BrkFace,MasVnrType_Stone,MiscFeature_Othr,MiscFeature_Shed,MiscFeature_TenC,BldgType_freq,SaleType_freq,SaleCondition_freq,MSSubClass_freq,MSZoning_freq,Neighborhood_freq,Condition1_freq,Condition2_freq,LotConfig_freq,RoofStyle_freq,RoofMatl_freq,Exterior1st_freq,Exterior2nd_freq,Foundation_freq,Heating_freq,Electrical_freq,GarageType_freq
1,65.0,8450.0,0.0,0.0,0.0,3.0,7.0,5.0,2003.0,2003.0,196.0,1.0,2.0,1.0,2.0,3.0,0.0,706.0,5.0,0.0,150.0,856.0,0.0,856.0,854.0,0.0,1710.0,3.0,1.0,1.0,8.0,0.0,0.0,5.0,3.5,2003.0,1.0,2.0,548.0,2.0,2.0,0.0,0.0,61.0,0.0,0.0,0.0,0.0,4.0,4.0,0.0,2.0,2008.0,208500.0,1.0,0.0,1.0,1.0,0.0,0.0,0.0,0.0,0.8356164383561644,0.8678082191780822,0.8205479452054795,0.2047945205479452,0.7883561643835616,0.10273972602739725,0.863013698630137,0.9897260273972602,0.7205479452054795,0.7815068493150685,0.9821917808219178,0.3527397260273973,0.3452054794520548,0.44315068493150683,0.9780821917808219,0.914324880054832,0.630891950688905
2,80.0,9600.0,0.0,0.0,0.0,0.0,6.0,8.0,1976.0,1976.0,0.0,2.0,2.0,1.0,2.0,0.0,1.0,978.0,5.0,0.0,284.0,1262.0,0.0,1262.0,0.0,0.0,1262.0,3.0,1.0,2.0,6.0,0.0,1.0,2.0,2.5,1976.0,1.0,2.0,460.0,2.0,2.0,0.0,298.0,0.0,0.0,0.0,0.0,0.0,4.0,4.0,0.0,5.0,2007.0,181500.0,1.0,0.0,1.0,0.0,0.0,0.0,0.0,0.0,0.8356164383561644,0.8678082191780822,0.8205479452054795,0.36712328767123287,0.7883561643835616,0.007534246575342466,0.05547945205479452,0.9897260273972602,0.03219178082191781,0.7815068493150685,0.9821917808219178,0.1506849315068493,0.14657534246575343,0.43424657534246575,0.9780821917808219,0.914324880054832,0.630891950688905
3,68.0,11250.0,1.0,0.0,0.0,3.0,7.0,5.0,2001.0,2002.0,162.0,1.0,2.0,1.0,2.0,2.0,0.0,486.0,5.0,0.0,434.0,920.0,0.0,920.0,866.0,0.0,1786.0,3.0,1.0,1.0,6.0,0.0,1.0,2.0,3.5,2001.0,1.0,2.0,608.0,2.0,2.0,0.0,0.0,42.0,0.0,0.0,0.0,0.0,4.0,4.0,0.0,9.0,2008.0,223500.0,1.0,0.0,1.0,1.0,0.0,0.0,0.0,0.0,0.8356164383561644,0.8678082191780822,0.8205479452054795,0.2047945205479452,0.7883561643835616,0.10273972602739725,0.863013698630137,0.9897260273972602,0.7205479452054795,0.7815068493150685,0.9821917808219178,0.3527397260273973,0.3452054794520548,0.44315068493150683,0.9780821917808219,0.914324880054832,0.630891950688905
4,60.0,9550.0,1.0,0.0,0.0,3.0,7.0,5.0,1915.0,1970.0,0.0,2.0,2.0,2.0,1.0,3.0,1.0,216.0,5.0,0.0,540.0,756.0,1.0,961.0,756.0,0.0,1717.0,3.0,1.0,1.0,7.0,0.0,1.0,1.0,2.0,1998.0,2.0,3.0,642.0,2.0,2.0,0.0,0.0,35.0,272.0,0.0,0.0,0.0,4.0,4.0,0.0,2.0,2006.0,140000.0,1.0,0.0,1.0,0.0,0.0,0.0,0.0,0.0,0.8356164383561644,0.8678082191780822,0.06917808219178082,0.0410958904109589,0.7883561643835616,0.03493150684931507,0.863013698630137,0.9897260273972602,0.18013698630136987,0.7815068493150685,0.9821917808219178,0.1410958904109589,0.026027397260273973,0.1,0.9780821917808219,0.914324880054832,0.28063814358230604
5,84.0,14260.0,1.0,0.0,0.0,3.0,8.0,5.0,2000.0,2000.0,350.0,1.0,2.0,1.0,2.0,1.0,0.0,655.0,5.0,0.0,490.0,1145.0,0.0,1145.0,1053.0,0.0,2198.0,4.0,1.0,1.0,9.0,0.0,1.0,2.0,3.5,2000.0,1.0,3.0,836.0,2.0,2.0,0.0,192.0,84.0,0.0,0.0,0.0,0.0,4.0,4.0,0.0,12.0,2008.0,250000.0,1.0,0.0,1.0,1.0,0.0,0.0,0.0,0.0,0.8356164383561644,0.8678082191780822,0.8205479452054795,0.2047945205479452,0.7883561643835616,0.028082191780821917,0.863013698630137,0.9897260273972602,0.03219178082191781,0.7815068493150685,0.9821917808219178,0.3527397260273973,0.3452054794520548,0.44315068493150683,0.9780821917808219,0.914324880054832,0.630891950688905
6,85.0,14115.0,1.0,0.0,0.0,1.0,5.0,5.0,1993.0,1995.0,0.0,2.0,2.0,1.0,2.0,3.0,0.0,732.0,5.0,0.0,64.0,796.0,0.0,796.0,566.0,0.0,1362.0,1.0,1.0,2.0,5.0,0.0,0.0,5.0,2.5,1993.0,2.0,2.0,480.0,2.0,2.0,0.0,40.0,30.0,0.0,320.0,0.0,0.0,4.0,1.0,700.0,10.0,2009.0,143000.0,1.0,0.0,1.0,0.0,0.0,0.0,1.0,0.0,0.8356164383561644,0.8678082191780822,0.8205479452054795,0.09863013698630137,0.7883561643835616,0.03356164383561644,0.863013698630137,0.9897260273972602,0.7205479452054795,0.7815068493150685,0.9821917808219178,0.3527397260273973,0.3452054794520548,0.002054794520547945,0.9780821917808219,0.914324880054832,0.630891950688905
7,75.0,10084.0,0.0,0.0,0.0,0.0,8.0,5.0,2004.0,2005.0,186.0,1.0,2.0,0.0,2.0,1.0,0.0,1369.0,5.0,0.0,317.0,1686.0,0.0,1694.0,0.0,0.0,1694.0,3.0,1.0,1.0,7.0,0.0,1.0,1.0,3.0,2004.0,1.0,2.0,636.0,2.0,2.0,0.0,255.0,57.0,0.0,0.0,0.0,0.0,4.0,4.0,0.0,8.0,2007.0,307000.0,1.0,0.0,1.0,0.0,1.0,0.0,0.0,0.0,0.8356164383561644,0.8678082191780822,0.8205479452054795,0.36712328767123287,0.7883561643835616,0.0589041095890411,0.863013698630137,0.9897260273972602,0.7205479452054795,0.7815068493150685,0.9821917808219178,0.3527397260273973,0.3452054794520548,0.44315068493150683,0.9780821917808219,0.914324880054832,0.630891950688905
8,75.6,10382.0,1.0,0.0,0.0,3.0,7.0,6.0,1973.0,1973.0,240.0,2.0,2.0,1.0,2.0,2.0,1.0,859.0,2.0,32.0,216.0,1107.0,0.0,1107.0,983.0,0.0,2090.0,3.0,1.0,2.0,7.0,0.0,2.0,2.0,3.5,1973.0,1.0,2.0,484.0,2.0,2.0,0.0,235.0,204.0,228.0,0.0,0.0,0.0,4.0,4.0,350.0,11.0,2009.0,200000.0,1.0,0.0,1.0,0.0,1.0,0.0,1.0,0.0,0.8356164383561644,0.8678082191780822,0.8205479452054795,0.2047945205479452,0.7883561643835616,0.05,0.013013698630136987,0.9897260273972602,0.18013698630136987,0.7815068493150685,0.9821917808219178,0.15205479452054796,0.14178082191780822,0.43424657534246575,0.9780821917808219,0.914324880054832,0.630891950688905
9,51.0,6120.0,0.0,0.0,0.0,1.0,7.0,5.0,1931.0,1950.0,0.0,2.0,2.0,2.0,2.0,3.0,5.0,0.0,5.0,0.0,952.0,952.0,1.0,1022.0,752.0,0.0,1774.0,2.0,2.0,2.0,8.0,1.0,2.0,2.0,2.0,1931.0,2.0,2.0,468.0,3.0,2.0,0.0,90.0,0.0,205.0,0.0,0.0,0.0,4.0,4.0,0.0,4.0,2008.0,129900.0,1.0,0.0,1.0,0.0,0.0,0.0,0.0,0.0,0.8356164383561644,0.8678082191780822,0.06917808219178082,0.09863013698630137,0.14931506849315068,0.0773972602739726,0.03287671232876712,0.9897260273972602,0.7205479452054795,0.7815068493150685,0.9821917808219178,0.03424657534246575,0.026027397260273973,0.1,0.9780821917808219,0.018505825908156272,0.28063814358230604
10,50.0,7420.0,0.0,0.0,0.0,2.0,5.0,6.0,1939.0,1950.0,0.0,2.0,2.0,2.0,2.0,3.0,0.0,851.0,5.0,0.0,140.0,991.0,0.0,1077.0,0.0,0.0,1077.0,2.0,2.0,2.0,5.0,0.0,2.0,2.0,2.0,1939.0,1.0,1.0,205.0,1.0,2.0,0.0,0.0,4.0,0.0,0.0,0.0,0.0,4.0,4.0,0.0,1.0,2008.0,118000.0,1.0,0.0,1.0,0.0,0.0,0.0,0.0,0.0,0.021232876712328767,0.8678082191780822,0.8205479452054795,0.02054794520547945,0.7883561643835616,0.03972602739726028,0.03287671232876712,0.0013698630136986301,0.18013698630136987,0.7815068493150685,0.9821917808219178,0.1506849315068493,0.14657534246575343,0.1,0.9780821917808219,0.914324880054832,0.630891950688905
11,70.0,11200.0,0.0,0.0,0.0,0.0,5.0,5.0,1965.0,1965.0,0.0,2.0,2.0,2.0,2.0,3.0,3.0,906.0,5.0,0.0,134.0,1040.0,0.0,1040.0,0.0,0.0,1040.0,3.0,1.0,2.0,5.0,0.0,0.0,5.0,2.0,1965.0,2.0,1.0,384.0,2.0,2.0,0.0,0.0,0.0,0.0,0.0,0.0,0.0,4.0,4.0,0.0,2.0,2008.0,129500.0,1.0,0.0,1.0,0.0,0.0,0.0,0.0,0.0,0.8356164383561644,0.8678082191780822,0.8205479452054795,0.36712328767123287,0.7883561643835616,0.050684931506849315,0.863013698630137,0.9897260273972602,0.7205479452054795,0.1958904109589041,0.9821917808219178,0.15205479452054796,0.14178082191780822,0.43424657534246575,0.9780821917808219,0.914324880054832,0.28063814358230604
12,85.0,11924.0,1.0,0.0,0.0,3.0,9.0,5.0,2005.0,2006.0,286.0,0.0,2.0,0.0,2.0,3.0,0.0,998.0,5.0,0.0,177.0,1175.0,0.0,1182.0,1142.0,0.0,2324.0,4.0,1.0,0.0,11.0,0.0,2.0,1.0,4.0,2005.0,0.0,3.0,736.0,2.0,2.0,0.0,147.0,21.0,0.0,0.0,0.0,0.0,4.0,4.0,0.0,7.0,2006.0,345000.0,1.0,0.0,1.0,0.0,1.0,0.0,0.0,0.0,0.8356164383561644,0.08356164383561644,0.08561643835616438,0.2047945205479452,0.7883561643835616,0.05273972602739726,0.863013698630137,0.9897260273972602,0.7205479452054795,0.1958904109589041,0.9821917808219178,0.01780821917808219,0.026027397260273973,0.44315068493150683,0.9780821917808219,0.914324880054832,0.06381435823060189
13,76.6,12968.0,2.0,0.0,0.0,0.0,5.0,6.0,1962.0,1962.0,0.0,2.0,2.0,2.0,2.0,3.0,1.0,737.0,5.0,0.0,175.0,912.0,2.0,912.0,0.0,0.0,912.0,2.0,1.0,2.0,4.0,0.0,0.0,5.0,2.0,1962.0,2.0,1.0,352.0,2.0,2.0,0.0,140.0,0.0,0.0,0.0,176.0,0.0,4.0,4.0,0.0,9.0,2008.0,144000.0,1.0,0.0,1.0,0.0,0.0,0.0,0.0,0.0,0.8356164383561644,0.8678082191780822,0.8205479452054795,0.36712328767123287,0.7883561643835616,0.050684931506849315,0.863013698630137,0.9897260273972602,0.7205479452054795,0.1958904109589041,0.9821917808219178,0.15205479452054796,0.09726027397260274,0.43424657534246575,0.9780821917808219,0.914324880054832,0.28063814358230604
14,91.0,10652.0,1.0,0.0,0.0,0.0,7.0,5.0,2006.0,2007.0,306.0,1.0,2.0,1.0,2.0,1.0,5.0,0.0,5.0,0.0,1494.0,1494.0,0.0,1494.0,0.0,0.0,1494.0,3.0,1.0,1.0,7.0,0.0,1.0,1.0,2.0,2006.0,1.0,3.0,840.0,2.0,2.0,0.0,160.0,33.0,0.0,0.0,0.0,0.0,4.0,4.0,0.0,8.0,2007.0,279500.0,1.0,0.0,1.0,0.0,1.0,0.0,0.0,0.0,0.8356164383561644,0.08356164383561644,0.08561643835616438,0.36712328767123287,0.7883561643835616,0.10273972602739725,0.863013698630137,0.9897260273972602,0.7205479452054795,0.7815068493150685,0.9821917808219178,0.3527397260273973,0.3452054794520548,0.44315068493150683,0.9780821917808219,0.914324880054832,0.630891950688905
15,75.2,10920.0,1.0,0.0,0.0,0.0,6.0,5.0,1960.0,1960.0,212.0,2.0,2.0,2.0,2.0,3.0,2.0,733.0,5.0,0.0,520.0,1253.0,2.0,1253.0,0.0,0.0,1253.0,2.0,1.0,2.0,5.0,0.0,1.0,3.0,2.5,1960.0,1.0,1.0,352.0,2.0,2.0,0.0,0.0,213.0,176.0,0.0,0.0,0.0,4.0,2.0,0.0,5.0,2008.0,157000.0,1.0,0.0,1.0,1.0,0.0,0.0,0.0,0.0,0.8356164383561644,0.8678082191780822,0.8205479452054795,0.36712328767123287,0.7883561643835616,0.1541095890410959,0.863013698630137,0.9897260273972602,0.18013698630136987,0.1958904109589041,0.9821917808219178,0.1506849315068493,0.14657534246575343,0.43424657534246575,0.9780821917808219,0.914324880054832,0.630891950688905
16,51.0,6120.0,0.0,0.0,0.0,2.0,7.0,8.0,1929.0,2001.0,0.0,2.0,2.0,2.0,2.0,3.0,5.0,0.0,5.0,0.0,832.0,832.0,0.0,854.0,0.0,0.0,854.0,2.0,1.0,2.0,5.0,0.0,0.0,5.0,1.0,1991.0,2.0,2.0,576.0,2.0,2.0,0.0,48.0,112.0,0.0,0.0,0.0,0.0,4.0,0.0,0.0,7.0,2007.0,132000.0,1.0,0.0,1.0,0.0,0.0,0.0,0.0,0.0,0.8356164383561644,0.8678082191780822,0.8205479452054795,0.00821917808219178,0.14931506849315068,0.03972602739726028,0.863013698630137,0.9897260273972602,0.18013698630136987,0.7815068493150685,0.9821917808219178,0.1410958904109589,0.13493150684931507,0.1,0.9780821917808219,0.06442769019876628,0.28063814358230604
17,90.2,11241.0,1.0,0.0,0.0,0.0,6.0,7.0,1970.0,1970.0,180.0,2.0,2.0,2.0,2.0,3.0,1.0,578.0,5.0,0.0,426.0,1004.0,0.0,1004.0,0.0,0.0,1004.0,2.0,1.0,2.0,5.0,0.0,1.0,2.0,2.0,1970.0,0.0,2.0,480.0,2.0,2.0,0.0,0.0,0.0,0.0,0.0,0.0,0.0,4.0,4.0,700.0,3.0,2010.0,149000.0,1.0,0.0,1.0,1.0,0.0,0.0,1.0,0.0,0.8356164383561644,0.8678082191780822,0.8205479452054795,0.36712328767123287,0.7883561643835616,0.1541095890410959,0.863013698630137,0.9897260273972602,0.06438356164383562,0.7815068493150685,0.9821917808219178,0.1410958904109589,0.13493150684931507,0.43424657534246575,0.9780821917808219,0.914324880054832,0.630891950688905
18,72.0,10791.0,0.0,0.0,0.0,0.0,4.0,5.0,1967.0,1967.0,0.0,2.0,2.0,5.0,5.0,4.0,6.0,0.0,6.0,0.0,0.0,0.0,2.0,1296.0,0.0,0.0,1296.0,2.0,2.0,2.0,6.0,0.0,0.0,5.0,2.0,1967.0,2.0,2.0,516.0,2.0,2.0,0.0,0.0,0.0,0.0,0.0,0.0,0.0,4.0,4.0,500.0,10.0,2006.0,90000.0,1.0,0.0,1.0,0.0,0.0,0.0,1.0,0.0,0.03561643835616438,0.8678082191780822,0.8205479452054795,0.03561643835616438,0.7883561643835616,0.050684931506849315,0.863013698630137,0.9897260273972602,0.7205479452054795,0.7815068493150685,0.9821917808219178,0.1506849315068493,0.14657534246575343,0.01643835616438356,0.9780821917808219,0.914324880054832,0.006526468455402465
19,66.0,13695.0,0.0,0.0,0.0,0.0,5.0,5.0,2004.0,2004.0,0.0,2.0,2.0,2.0,2.0,3.0,0.0,646.0,5.0,0.0,468.0,1114.0,0.0,1114.0,0.0,0.0,1114.0,3.0,1.0,1.0,6.0,0.0,0.0,5.0,2.5,2004.0,2.0,2.0,576.0,2.0,2.0,0.0,0.0,102.0,0.0,0.0,0.0,0.0,4.0,4.0,0.0,6.0,2008.0,159000.0,1.0,0.0,1.0,0.0,0.0,0.0,0.0,0.0,0.8356164383561644,0.8678082191780822,0.8205479452054795,0.36712328767123287,0.7883561643835616,0.04041095890410959,0.007534246575342466,0.9897260273972602,0.7205479452054795,0.7815068493150685,0.9821917808219178,0.3527397260273973,0.3452054794520548,0.44315068493150683,0.9780821917808219,0.914324880054832,0.28063814358230604
20,70.0,7560.0,0.0,0.0,0.0,0.0,5.0,6.0,1958.0,1965.0,0.0,2.0,2.0,2.0,2.0,3.0,4.0,504.0,5.0,0.0,525.0,1029.0,2.0,1339.0,0.0,0.0,1339.0,3.0,1.0,2.0,6.0,1.0,0.0,5.0,1.0,1958.0,2.0,1.0,294.0,2.0,2.0,0.0,0.0,0.0,0.0,0.0,0.0,0.0,4.0,1.0,0.0,5.0,2009.0,139000.0,1.0,0.0,1.0,0.0,0.0,0.0,0.0,0.0,0.8356164383561644,0.02945205479452055,0.06917808219178082,0.36712328767123287,0.7883561643835616,0.1541095890410959,0.863013698630137,0.9897260273972602,0.7205479452054795,0.1958904109589041,0.9821917808219178,0.03424657534246575,0.09726027397260274,0.43424657534246575,0.9780821917808219,0.914324880054832,0.630891950688905
21,101.0,14215.0,1.0,0.0,0.0,3.0,8.0,5.0,2005.0,2006.0,380.0,1.0,2.0,0.0,2.0,1.0,5.0,0.0,5.0,0.0,1158.0,1158.0,0.0,1158.0,1218.0,0.0,2376.0,4.0,1.0,1.0,9.0,0.0,1.0,1.0,3.5,2005.0,1.0,3.0,853.0,2.0,2.0,0.0,240.0,154.0,0.0,0.0,0.0,0.0,4.0,4.0,0.0,11.0,2006.0,325300.0,1.0,0.0,1.0,1.0,0.0,0.0,0.0,0.0,0.8356164383561644,0.08356164383561644,0.08561643835616438,0.2047945205479452,0.7883561643835616,0.05273972602739726,0.863013698630137,0.9897260273972602,0.18013698630136987,0.7815068493150685,0.9821917808219178,0.3527397260273973,0.3452054794520548,0.44315068493150683,0.9780821917808219,0.914324880054832,0.06381435823060189
22,57.0,7449.0,0.0,1.0,0.0,2.0,7.0,7.0,1930.0,1950.0,0.0,2.0,2.0,2.0,2.0,3.0,5.0,0.0,5.0,0.0,637.0,637.0,0.0,1108.0,0.0,0.0,1108.0,3.0,1.0,1.0,6.0,0.0,1.0,1.0,1.0,1930.0,2.0,1.0,280.0,2.0,2.0,2.0,0.0,0.0,205.0,0.0,0.0,0.0,4.0,0.0,0.0,6.0,2007.0,139400.0,1.0,0.0,1.0,0.0,0.0,0.0,0.0,0.0,0.8356164383561644,0.8678082191780822,0.8205479452054795,0.00821917808219178,0.14931506849315068,0.025342465753424658,0.863013698630137,0.9897260273972602,0.7205479452054795,0.7815068493150685,0.9821917808219178,0.1410958904109589,0.13493150684931507,0.44315068493150683,0.9780821917808219,0.018505825908156272,0.630891950688905
23,75.0,9742.0,0.0,0.0,0.0,0.0,8.0,5.0,2002.0,2002.0,281.0,1.0,2.0,1.0,2.0,3.0,5.0,0.0,5.0,0.0,1777.0,1777.0,0.0,1795.0,0.0,0.0,1795.0,3.0,1.0,1.0,7.0,0.0,1.0,1.0,2.0,2002.0,1.0,2.0,534.0,2.0,2.0,0.0,171.0,159.0,0.0,0.0,0.0,0.0,4.0,4.0,0.0,9.0,2008.0,230000.0,1.0,0.0,1.0,1.0,0.0,0.0,0.0,0.0,0.8356164383561644,0.8678082191780822,0.8205479452054795,0.36712328767123287,0.7883561643835616,0.10273972602739725,0.863013698630137,0.9897260273972602,0.7205479452054795,0.1958904109589041,0.9821917808219178,0.3527397260273973,0.3452054794520548,0.44315068493150683,0.9780821917808219,0.914324880054832,0.630891950688905
24,44.0,4224.0,0.0,0.0,0.0,0.0,5.0,7.0,1976.0,1976.0,0.0,2.0,2.0,1.0,2.0,3.0,0.0,840.0,5.0,0.0,200.0,1040.0,2.0,1060.0,0.0,0.0,1060.0,3.0,1.0,2.0,6.0,0.0,1.0,2.0,2.0,1976.0,2.0,2.0,572.0,2.0,2.0,0.0,100.0,110.0,0.0,0.0,0.0,0.0,4.0,4.0,0.0,6.0,2007.0,129900.0,1.0,0.0,1.0,0.0,0.0,0.0,0.0,0.0,0.07808219178082192,0.8678082191780822,0.8205479452054795,0.05958904109589041,0.14931506849315068,0.011643835616438357,0.863013698630137,0.9897260273972602,0.7205479452054795,0.7815068493150685,0.9821917808219178,0.04178082191780822,0.0410958904109589,0.44315068493150683,0.9780821917808219,0.914324880054832,0.630891950688905
25,66.0,8246.0,1.0,0.0,0.0,0.0,5.0,8.0,1968.0,2001.0,0.0,2.0,1.0,2.0,2.0,2.0,3.0,188.0,1.0,668.0,204.0,1060.0,0.0,1060.0,0.0,0.0,1060.0,3.0,1.0,1.0,6.0,0.0,1.0,2.0,2.0,1968.0,2.0,1.0,270.0,2.0,2.0,0.0,406.0,90.0,0.0,0.0,0.0,0.0,4.0,1.0,0.0,5.0,2010.0,154000.0,1.0,0.0,1.0,0.0,0.0,0.0,0.0,0.0,0.8356164383561644,0.8678082191780822,0.8205479452054795,0.36712328767123287,0.7883561643835616,0.050684931506849315,0.863013698630137,0.9897260273972602,0.7205479452054795,0.7815068493150685,0.9821917808219178,0.07397260273972603,0.09726027397260274,0.43424657534246575,0.9780821917808219,0.914324880054832,0.630891950688905
26,110.0,14230.0,0.0,0.0,0.0,0.0,8.0,5.0,2007.0,2007.0,640.0,1.0,2.0,1.0,2.0,3.0,5.0,0.0,5.0,0.0,1566.0,1566.0,0.0,1600.0,0.0,0.0,1600.0,3.0,1.0,1.0,7.0,0.0,1.0,1.0,2.0,2007.0,1.0,3.0,890.0,2.0,2.0,0.0,0.0,56.0,0.0,0.0,0.0,0.0,4.0,4.0,0.0,7.0,2009.0,256300.0,1.0,0.0,1.0,0.0,1.0,0.0,0.0,0.0,0.8356164383561644,0.8678082191780822,0.8205479452054795,0.36712328767123287,0.7883561643835616,0.05273972602739726,0.863013698630137,0.9897260273972602,0.18013698630136987,0.7815068493150685,0.9821917808219178,0.3527397260273973,0.3452054794520548,0.44315068493150683,0.9780821917808219,0.914324880054832,0.630891950688905
27,60.0,7200.0,0.0,0.0,0.0,0.0,5.0,7.0,1951.0,2000.0,0.0,2.0,2.0,2.0,2.0,2.0,2.0,234.0,3.0,486.0,180.0,900.0,2.0,900.0,0.0,0.0,900.0,3.0,1.0,1.0,5.0,0.0,0.0,5.0,1.5,2005.0,2.0,2.0,576.0,2.0,2.0,0.0,222.0,32.0,0.0,0.0,0.0,0.0,4.0,4.0,0.0,5.0,2010.0,134800.0,1.0,0.0,1.0,0.0,0.0,0.0,0.0,0.0,0.8356164383561644,0.8678082191780822,0.8205479452054795,0.36712328767123287,0.7883561643835616,0.1541095890410959,0.863013698630137,0.9897260273972602,0.18013698630136987,0.7815068493150685,0.9821917808219178,0.1410958904109589,0.13493150684931507,0.43424657534246575,0.9780821917808219,0.914324880054832,0.28063814358230604
28,98.0,11478.0,0.0,0.0,0.0,0.0,8.0,5.0,2007.0,2008.0,200.0,1.0,2.0,0.0,2.0,3.0,0.0,1218.0,5.0,0.0,486.0,1704.0,0.0,1704.0,0.0,0.0,1704.0,3.0,1.0,1.0,7.0,0.0,1.0,1.0,3.0,2008.0,1.0,3.0,772.0,2.0,2.0,0.0,0.0,50.0,0.0,0.0,0.0,0.0,4.0,4.0,0.0,5.0,2010.0,306000.0,1.0,0.0,1.0,0.0,1.0,0.0,0.0,0.0,0.8356164383561644,0.8678082191780822,0.8205479452054795,0.36712328767123287,0.7883561643835616,0.05273972602739726,0.863013698630137,0.9897260273972602,0.7205479452054795,0.7815068493150685,0.9821917808219178,0.3527397260273973,0.3452054794520548,0.44315068493150683,0.9780821917808219,0.914324880054832,0.630891950688905
29,47.0,16321.0,1.0,0.0,0.0,0.0,5.0,6.0,1957.0,1997.0,0.0,2.0,2.0,2.0,2.0,0.0,2.0,1277.0,5.0,0.0,207.0,1484.0,2.0,1600.0,0.0,0.0,1600.0,2.0,1.0,2.0,6.0,0.0,2.0,1.0,2.0,1957.0,1.0,1.0,319.0,2.0,2.0,0.0,288.0,258.0,0.0,0.0,0.0,0.0,4.0,4.0,0.0,12.0,2006.0,207500.0,1.0,0.0,1.0,0.0,0.0,0.0,0.0,0.0,0.8356164383561644,0.8678082191780822,0.8205479452054795,0.36712328767123287,0.7883561643835616,0.1541095890410959,0.863013698630137,0.9897260273972602,0.06438356164383562,0.7815068493150685,0.9821917808219178,0.1506849315068493,0.14657534246575343,0.43424657534246575,0.9780821917808219,0.914324880054832,0.630891950688905
30,60.0,6324.0,1.0,0.0,0.0,0.0,4.0,6.0,1927.0,1950.0,0.0,2.0,2.0,2.0,2.0,3.0,5.0,0.0,5.0,0.0,520.0,520.0,3.0,520.0,0.0,0.0,520.0,1.0,1.0,3.0,4.0,0.0,0.0,5.0,1.0,1920.0,2.0,1.0,240.0,3.0,2.0,0.0,49.0,0.0,87.0,0.0,0.0,0.0,4.0,4.0,0.0,5.0,2008.0,68500.0,1.0,0.0,0.0,0.0,0.0,0.0,0.0,0.0,0.8356164383561644,0.8678082191780822,0.8205479452054795,0.04726027397260274,0.14931506849315068,0.03972602739726028,0.05547945205479452,0.0013698630136986301,0.7205479452054795,0.7815068493150685,0.9821917808219178,0.1506849315068493,0.14657534246575343,0.1,0.9780821917808219,0.914324880054832,0.28063814358230604
31,50.0,8500.0,0.0,0.0,0.0,3.0,4.0,4.0,1920.0,1950.0,0.0,2.0,3.0,2.0,2.0,3.0,5.0,0.0,5.0,0.0,649.0,649.0,2.0,649.0,668.0,0.0,1317.0,3.0,1.0,2.0,6.0,0.0,0.0,5.0,1.0,1920.0,2.0,1.0,250.0,2.0,3.0,2.0,0.0,54.0,172.0,0.0,0.0,0.0,4.0,1.0,0.0,7.0,2008.0,40000.0,1.0,1.0,0.0,0.0,0.0,0.0,0.0,0.0,0.8356164383561644,0.8678082191780822,0.8205479452054795,0.0410958904109589,0.00684931506849315,0.025342465753424658,0.05547945205479452,0.9897260273972602,0.7205479452054795,0.007534246575342466,0.9821917808219178,0.03424657534246575,0.017123287671232876,0.1,0.9780821917808219,0.914324880054832,0.28063814358230604
32,67.6,8544.0,1.0,0.0,0.0,0.0,5.0,6.0,1966.0,2006.0,0.0,2.0,2.0,2.0,2.0,3.0,5.0,0.0,5.0,0.0,1228.0,1228.0,1.0,1228.0,0.0,0.0,1228.0,3.0,1.0,1.0,6.0,0.0,0.0,5.0,1.5,1966.0,2.0,1.0,271.0,2.0,2.0,0.0,0.0,65.0,0.0,0.0,0.0,0.0,4.0,1.0,0.0,6.0,2008.0,149350.0,1.0,0.0,1.0,0.0,0.0,0.0,0.0,0.0,0.8356164383561644,0.8678082191780822,0.8205479452054795,0.36712328767123287,0.7883561643835616,0.050684931506849315,0.863013698630137,0.9897260273972602,0.06438356164383562,0.7815068493150685,0.9821917808219178,0.15205479452054796,0.14178082191780822,0.43424657534246575,0.9780821917808219,0.914324880054832,0.630891950688905
33,85.0,11049.0,0.0,0.0,0.0,0.0,8.0,5.0,2007.0,2007.0,0.0,1.0,2.0,0.0,2.0,1.0,5.0,0.0,5.0,0.0,1234.0,1234.0,0.0,1234.0,0.0,0.0,1234.0,3.0,1.0,1.0,7.0,0.0,0.0,5.0,2.0,2007.0,1.0,2.0,484.0,2.0,2.0,0.0,0.0,30.0,0.0,0.0,0.0,0.0,4.0,4.0,0.0,1.0,2008.0,179900.0,1.0,0.0,1.0,0.0,0.0,0.0,0.0,0.0,0.8356164383561644,0.8678082191780822,0.8205479452054795,0.36712328767123287,0.7883561643835616,0.10273972602739725,0.863013698630137,0.9897260273972602,0.18013698630136987,0.7815068493150685,0.9821917808219178,0.3527397260273973,0.3452054794520548,0.44315068493150683,0.9780821917808219,0.914324880054832,0.630891950688905
34,70.0,10552.0,1.0,0.0,0.0,0.0,5.0,5.0,1959.0,1959.0,0.0,2.0,2.0,2.0,2.0,3.0,3.0,1018.0,5.0,0.0,380.0,1398.0,1.0,1700.0,0.0,0.0,1700.0,4.0,1.0,1.0,6.0,0.0,1.0,1.0,2.0,1959.0,1.0,2.0,447.0,2.0,2.0,0.0,0.0,38.0,0.0,0.0,0.0,0.0,4.0,4.0,0.0,4.0,2010.0,165500.0,1.0,0.0,1.0,0.0,0.0,0.0,0.0,0.0,0.8356164383561644,0.8678082191780822,0.8205479452054795,0.36712328767123287,0.7883561643835616,0.1541095890410959,0.863013698630137,0.9897260273972602,0.7205479452054795,0.1958904109589041,0.9821917808219178,0.03424657534246575,0.017123287671232876,0.43424657534246575,0.9780821917808219,0.914324880054832,0.630891950688905
35,60.0,7313.0,0.0,0.0,0.0,0.0,9.0,5.0,2005.0,2005.0,246.0,0.0,2.0,0.0,2.0,3.0,0.0,1153.0,5.0,0.0,408.0,1561.0,0.0,1561.0,0.0,0.0,1561.0,2.0,1.0,0.0,6.0,0.0,1.0,1.0,3.0,2005.0,0.0,2.0,556.0,2.0,2.0,0.0,203.0,47.0,0.0,0.0,0.0,0.0,4.0,4.0,0.0,8.0,2007.0,277500.0,1.0,0.0,1.0,1.0,0.0,0.0,0.0,0.0,0.07808219178082192,0.8678082191780822,0.8205479452054795,0.05958904109589041,0.7883561643835616,0.05273972602739726,0.863013698630137,0.9897260273972602,0.7205479452054795,0.1958904109589041,0.9821917808219178,0.1506849315068493,0.14657534246575343,0.44315068493150683,0.9780821917808219,0.914324880054832,0.630891950688905
36,108.0,13418.0,0.0,0.0,0.0,3.0,8.0,5.0,2004.0,2005.0,132.0,1.0,2.0,0.0,2.0,1.0,5.0,0.0,5.0,0.0,1117.0,1117.0,0.0,1132.0,1320.0,0.0,2452.0,4.0,1.0,1.0,9.0,0.0,1.0,1.0,3.5,2004.0,0.0,3.0,691.0,2.0,2.0,0.0,113.0,32.0,0.0,0.0,0.0,0.0,4.0,4.0,0.0,9.0,2006.0,309000.0,1.0,0.0,1.0,0.0,1.0,0.0,0.0,0.0,0.8356164383561644,0.8678082191780822,0.8205479452054795,0.2047945205479452,0.7883561643835616,0.05273972602739726,0.863013698630137,0.9897260273972602,0.7205479452054795,0.7815068493150685,0.9821917808219178,0.3527397260273973,0.3452054794520548,0.44315068493150683,0.9780821917808219,0.914324880054832,0.06381435823060189
37,112.0,10859.0,0.0,0.0,0.0,0.0,5.0,5.0,1994.0,1995.0,0.0,2.0,2.0,1.0,2.0,3.0,5.0,0.0,5.0,0.0,1097.0,1097.0,0.0,1097.0,0.0,0.0,1097.0,3.0,1.0,2.0,6.0,0.0,0.0,5.0,1.5,1995.0,2.0,2.0,672.0,2.0,2.0,0.0,392.0,64.0,0.0,0.0,0.0,0.0,4.0,4.0,0.0,6.0,2009.0,145000.0,1.0,0.0,1.0,0.0,0.0,0.0,0.0,0.0,0.8356164383561644,0.8678082191780822,0.8205479452054795,0.36712328767123287,0.7883561643835616,0.10273972602739725,0.863013698630137,0.9897260273972602,0.18013698630136987,0.7815068493150685,0.9821917808219178,0.3527397260273973,0.3452054794520548,0.44315068493150683,0.9780821917808219,0.914324880054832,0.630891950688905
38,74.0,8532.0,0.0,0.0,0.0,0.0,5.0,6.0,1954.0,1990.0,650.0,2.0,2.0,2.0,2.0,3.0,3.0,1213.0,5.0,0.0,84.0,1297.0,1.0,1297.0,0.0,0.0,1297.0,3.0,1.0,2.0,5.0,0.0,1.0,2.0,1.5,1954.0,0.0,2.0,498.0,2.0,2.0,0.0,0.0,0.0,0.0,0.0,0.0,0.0,4.0,4.0,0.0,10.0,2009.0,153000.0,1.0,0.0,1.0,1.0,0.0,0.0,0.0,0.0,0.8356164383561644,0.8678082191780822,0.8205479452054795,0.36712328767123287,0.7883561643835616,0.1541095890410959,0.863013698630137,0.9897260273972602,0.7205479452054795,0.1958904109589041,0.9821917808219178,0.1410958904109589,0.13493150684931507,0.43424657534246575,0.9780821917808219,0.914324880054832,0.630891950688905
39,68.0,7922.0,0.0,0.0,0.0,0.0,5.0,7.0,1953.0,2007.0,0.0,2.0,1.0,2.0,2.0,3.0,0.0,731.0,5.0,0.0,326.0,1057.0,2.0,1057.0,0.0,0.0,1057.0,3.0,1.0,1.0,5.0,0.0,0.0,5.0,2.0,1953.0,2.0,1.0,246.0,2.0,2.0,0.0,0.0,52.0,0.0,0.0,0.0,0.0,4.0,4.0,0.0,1.0,2010.0,109000.0,1.0,0.0,1.0,0.0,0.0,0.0,0.0,0.0,0.8356164383561644,0.8678082191780822,0.06917808219178082,0.36712328767123287,0.7883561643835616,0.1541095890410959,0.863013698630137,0.9897260273972602,0.7205479452054795,0.7815068493150685,0.9821917808219178,0.3527397260273973,0.3452054794520548,0.43424657534246575,0.9780821917808219,0.914324880054832,0.28063814358230604
40,65.0,6040.0,0.0,0.0,0.0,0.0,4.0,5.0,1955.0,1955.0,0.0,2.0,2.0,5.0,5.0,4.0,6.0,0.0,6.0,0.0,0.0,0.0,2.0,1152.0,0.0,0.0,1152.0,2.0,2.0,3.0,6.0,0.0,0.0,5.0,2.0,1948.8,3.0,0.0,0.0,5.0,5.0,2.0,0.0,0.0,0.0,0.0,0.0,0.0,4.0,4.0,0.0,6.0,2008.0,82000.0,1.0,0.0,0.0,0.0,0.0,0.0,0.0,0.0,0.03561643835616438,0.8678082191780822,0.0027397260273972603,0.03561643835616438,0.7883561643835616,0.0684931506849315,0.863013698630137,0.9897260273972602,0.7205479452054795,0.7815068493150685,0.9821917808219178,0.0136986301369863,0.09726027397260274,0.44315068493150683,0.9780821917808219,0.00205620287868403,0.3659173313995649
41,84.0,8658.0,0.0,0.0,0.0,0.0,6.0,5.0,1965.0,1965.0,101.0,2.0,2.0,2.0,2.0,3.0,3.0,643.0,5.0,0.0,445.0,1088.0,0.0,1324.0,0.0,0.0,1324.0,3.0,1.0,2.0,6.0,0.0,1.0,2.0,2.0,1965.0,1.0,2.0,440.0,2.0,2.0,0.0,0.0,138.0,0.0,0.0,0.0,0.0,4.0,2.0,0.0,12.0,2006.0,160000.0,1.0,0.0,1.0,1.0,0.0,0.0,0.0,0.0,0.8356164383561644,0.8678082191780822,0.06917808219178082,0.36712328767123287,0.7883561643835616,0.1541095890410959,0.863013698630137,0.9897260273972602,0.7205479452054795,0.7815068493150685,0.9821917808219178,0.1410958904109589,0.13493150684931507,0.43424657534246575,0.9780821917808219,0.914324880054832,0.630891950688905
42,115.0,16905.0,0.0,0.0,0.0,0.0,5.0,6.0,1959.0,1959.0,0.0,2.0,1.0,2.0,2.0,0.0,2.0,967.0,5.0,0.0,383.0,1350.0,1.0,1328.0,0.0,0.0,1328.0,2.0,1.0,2.0,5.0,0.0,2.0,1.0,2.0,1959.0,1.0,1.0,308.0,2.0,2.0,1.0,0.0,104.0,0.0,0.0,0.0,0.0,4.0,4.0,0.0,7.0,2007.0,170000.0,1.0,0.0,1.0,0.0,0.0,0.0,0.0,0.0,0.8356164383561644,0.8678082191780822,0.8205479452054795,0.36712328767123287,0.7883561643835616,0.026027397260273973,0.863013698630137,0.9897260273972602,0.7205479452054795,0.7815068493150685,0.9821917808219178,0.3527397260273973,0.3452054794520548,0.43424657534246575,0.9780821917808219,0.914324880054832,0.630891950688905
43,77.0,9180.0,1.0,0.0,0.0,6.0,5.0,7.0,1983.0,1983.0,0.0,2.0,2.0,1.0,2.0,1.0,1.0,747.0,4.0,93.0,0.0,840.0,1.0,884.0,0.0,0.0,884.0,2.0,1.0,1.0,5.0,0.0,0.0,5.0,2.0,1983.0,1.0,2.0,504.0,2.0,1.0,0.0,240.0,0.0,0.0,0.0,0.0,0.0,4.0,1.0,0.0,12.0,2007.0,144000.0,1.0,0.0,1.0,0.0,0.0,0.0,0.0,0.0,0.8356164383561644,0.8678082191780822,0.8205479452054795,0.0136986301369863,0.7883561643835616,0.04041095890410959,0.863013698630137,0.9897260273972602,0.06438356164383562,0.7815068493150685,0.9821917808219178,0.15205479452054796,0.14178082191780822,0.43424657534246575,0.9780821917808219,0.914324880054832,0.630891950688905
44,63.0,9200.0,1.0,0.0,0.0,0.0,5.0,6.0,1975.0,1980.0,0.0,2.0,2.0,1.0,2.0,1.0,4.0,280.0,2.0,491.0,167.0,938.0,2.0,938.0,0.0,0.0,938.0,3.0,1.0,2.0,5.0,0.0,0.0,5.0,2.0,1977.0,2.0,1.0,308.0,2.0,2.0,0.0,145.0,0.0,0.0,0.0,0.0,0.0,4.0,1.0,0.0,7.0,2008.0,130250.0,1.0,0.0,1.0,0.0,0.0,0.0,0.0,0.0,0.8356164383561644,0.8678082191780822,0.8205479452054795,0.36712328767123287,0.7883561643835616,0.10273972602739725,0.863013698630137,0.9897260273972602,0.06438356164383562,0.1958904109589041,0.9821917808219178,0.3527397260273973,0.3452054794520548,0.43424657534246575,0.9780821917808219,0.914324880054832,0.28063814358230604
45,70.0,7945.0,0.0,0.0,0.0,0.0,5.0,6.0,1959.0,1959.0,0.0,2.0,2.0,2.0,2.0,3.0,1.0,179.0,2.0,506.0,465.0,1150.0,0.0,1150.0,0.0,0.0,1150.0,3.0,1.0,2.0,6.0,0.0,0.0,5.0,2.0,1959.0,1.0,1.0,300.0,2.0,2.0,0.0,0.0,0.0,0.0,0.0,0.0,0.0,4.0,4.0,0.0,5.0,2006.0,141000.0,1.0,0.0,1.0,0.0,0.0,0.0,0.0,0.0,0.8356164383561644,0.8678082191780822,0.8205479452054795,0.36712328767123287,0.7883561643835616,0.1541095890410959,0.863013698630137,0.9897260273972602,0.7205479452054795,0.7815068493150685,0.9821917808219178,0.03424657534246575,0.13493150684931507,0.43424657534246575,0.9780821917808219,0.06442769019876628,0.630891950688905
46,61.0,7658.0,0.0,0.0,0.0,0.0,9.0,5.0,2005.0,2005.0,412.0,0.0,2.0,0.0,2.0,3.0,0.0,456.0,5.0,0.0,1296.0,1752.0,0.0,1752.0,0.0,0.0,1752.0,2.0,1.0,0.0,6.0,0.0,1.0,1.0,3.0,2005.0,1.0,2.0,576.0,2.0,2.0,0.0,196.0,82.0,0.0,0.0,0.0,0.0,4.0,4.0,0.0,2.0,2010.0,319900.0,1.0,0.0,1.0,1.0,0.0,0.0,0.0,0.0,0.07808219178082192,0.8678082191780822,0.8205479452054795,0.05958904109589041,0.7883561643835616,0.05273972602739726,0.863013698630137,0.9897260273972602,0.7205479452054795,0.1958904109589041,0.9821917808219178,0.1506849315068493,0.14657534246575343,0.44315068493150683,0.9780821917808219,0.914324880054832,0.630891950688905
47,48.0,12822.0,1.0,0.0,0.0,1.0,7.0,5.0,2003.0,2003.0,0.0,1.0,2.0,0.0,2.0,3.0,0.0,1351.0,5.0,0.0,83.0,1434.0,0.0,1518.0,631.0,0.0,2149.0,1.0,1.0,1.0,6.0,0.0,1.0,0.0,2.5,2003.0,1.0,2.0,670.0,2.0,2.0,0.0,168.0,43.0,0.0,0.0,198.0,0.0,4.0,4.0,0.0,8.0,2009.0,239686.0,1.0,0.0,1.0,0.0,0.0,0.0,0.0,0.0,0.8356164383561644,0.8678082191780822,0.06917808219178082,0.09863013698630137,0.7883561643835616,0.03356164383561644,0.863013698630137,0.9897260273972602,0.06438356164383562,0.7815068493150685,0.9821917808219178,0.3527397260273973,0.3452054794520548,0.44315068493150683,0.9780821917808219,0.914324880054832,0.630891950688905
48,84.0,11096.0,0.0,0.0,0.0,0.0,8.0,5.0,2006.0,2006.0,0.0,1.0,2.0,1.0,2.0,1.0,0.0,24.0,5.0,0.0,1632.0,1656.0,0.0,1656.0,0.0,0.0,1656.0,3.0,1.0,1.0,7.0,0.0,0.0,5.0,2.0,2006.0,1.0,3.0,826.0,2.0,2.0,0.0,0.0,146.0,0.0,0.0,0.0,0.0,4.0,4.0,0.0,7.0,2007.0,249700.0,1.0,0.0,1.0,0.0,0.0,0.0,0.0,0.0,0.8356164383561644,0.8678082191780822,0.8205479452054795,0.36712328767123287,0.04452054794520548,0.0589041095890411,0.863013698630137,0.9897260273972602,0.7205479452054795,0.7815068493150685,0.9821917808219178,0.3527397260273973,0.3452054794520548,0.44315068493150683,0.9780821917808219,0.914324880054832,0.630891950688905
49,33.0,4456.0,0.0,0.0,0.0,3.0,4.0,5.0,1920.0,2008.0,0.0,2.0,2.0,2.0,2.0,3.0,5.0,0.0,5.0,0.0,736.0,736.0,1.0,736.0,716.0,0.0,1452.0,2.0,3.0,2.0,8.0,0.0,0.0,5.0,2.0,1944.0,3.0,0.0,0.0,5.0,5.0,2.0,0.0,0.0,102.0,0.0,0.0,0.0,4.0,4.0,0.0,6.0,2009.0,113000.0,1.0,0.0,1.0,0.0,0.0,0.0,0.0,0.0,0.021232876712328767,0.08356164383561644,0.08561643835616438,0.02054794520547945,0.14931506849315068,0.0773972602739726,0.863013698630137,0.9897260273972602,0.7205479452054795,0.7815068493150685,0.9821917808219178,0.1506849315068493,0.14657534246575343,0.1,0.9780821917808219,0.914324880054832,0.3506889050036258
50,66.0,7742.0,0.0,0.0,0.0,0.0,5.0,7.0,1966.0,1966.0,0.0,2.0,2.0,2.0,2.0,3.0,2.0,763.0,5.0,0.0,192.0,955.0,0.0,955.0,0.0,0.0,955.0,3.0,1.0,2.0,6.0,0.0,0.0,5.0,2.0,1966.0,2.0,1.0,386.0,2.0,2.0,0.0,0.0,0.0,0.0,0.0,0.0,0.0,4.0,1.0,0.0,1.0,2007.0,127000.0,1.0,0.0,1.0,0.0,0.0,0.0,0.0,0.0,0.8356164383561644,0.8678082191780822,0.8205479452054795,0.36712328767123287,0.7883561643835616,0.050684931506849315,0.863013698630137,0.9897260273972602,0.7205479452054795,0.7815068493150685,0.9821917808219178,0.15205479452054796,0.14178082191780822,0.43424657534246575,0.9780821917808219,0.914324880054832,0.630891950688905
51,68.6,13869.0,2.0,0.0,0.0,3.0,6.0,6.0,1997.0,1997.0,0.0,2.0,2.0,1.0,2.0,1.0,0.0,182.0,5.0,0.0,612.0,794.0,1.0,794.0,676.0,0.0,1470.0,3.0,1.0,2.0,6.0,0.0,0.0,5.0,2.5,1997.0,0.0,2.0,388.0,2.0,2.0,0.0,0.0,75.0,0.0,0.0,0.0,0.0,4.0,4.0,0.0,7.0,2007.0,177000.0,1.0,0.0,1.0,0.0,0.0,0.0,0.0,0.0,0.8356164383561644,0.8678082191780822,0.8205479452054795,0.2047945205479452,0.7883561643835616,0.05410958904109589,0.863013698630137,0.9897260273972602,0.18013698630136987,0.7815068493150685,0.9821917808219178,0.3527397260273973,0.3452054794520548,0.44315068493150683,0.9780821917808219,0.914324880054832,0.630891950688905
52,52.0,6240.0,0.0,0.0,0.0,1.0,6.0,6.0,1934.0,1950.0,0.0,2.0,2.0,2.0,2.0,3.0,5.0,0.0,5.0,0.0,816.0,816.0,2.0,816.0,0.0,360.0,1176.0,3.0,1.0,2.0,6.0,0.0,1.0,1.0,1.0,1985.0,2.0,2.0,528.0,2.0,2.0,0.0,112.0,0.0,0.0,0.0,0.0,0.0,4.0,1.0,400.0,9.0,2006.0,114500.0,1.0,0.0,1.0,0.0,0.0,0.0,1.0,0.0,0.8356164383561644,0.8678082191780822,0.8205479452054795,0.09863013698630137,0.14931506849315068,0.03972602739726028,0.863013698630137,0.9897260273972602,0.7205479452054795,0.7815068493150685,0.9821917808219178,0.1410958904109589,0.13493150684931507,0.44315068493150683,0.9780821917808219,0.914324880054832,0.28063814358230604
53,110.0,8472.0,2.0,1.0,1.0,0.0,5.0,5.0,1963.0,1963.0,0.0,3.0,2.0,1.0,2.0,0.0,4.0,104.0,0.0,712.0,0.0,816.0,2.0,816.0,0.0,0.0,816.0,2.0,1.0,2.0,5.0,0.0,0.0,5.0,2.0,1963.0,2.0,2.0,516.0,2.0,2.0,0.0,106.0,0.0,0.0,0.0,0.0,0.0,4.0,4.0,0.0,5.0,2010.0,110000.0,0.0,0.0,0.0,0.0,0.0,0.0,0.0,0.0,0.03561643835616438,0.8678082191780822,0.8205479452054795,0.03561643835616438,0.14931506849315068,0.025342465753424658,0.003424657534246575,0.9897260273972602,0.18013698630136987,0.7815068493150685,0.9821917808219178,0.1410958904109589,0.13493150684931507,0.43424657534246575,0.9780821917808219,0.914324880054832,0.006526468455402465
54,68.0,50271.0,1.0,3.0,0.0,0.0,9.0,5.0,1981.0,1987.0,0.0,1.0,2.0,0.0,2.0,0.0,0.0,1810.0,5.0,0.0,32.0,1842.0,1.0,1842.0,0.0,0.0,1842.0,0.0,1.0,1.0,5.0,0.0,1.0,1.0,2.5,1981.0,0.0,3.0,894.0,2.0,2.0,0.0,857.0,72.0,0.0,0.0,0.0,0.0,4.0,4.0,0.0,11.0,2006.0,385000.0,1.0,0.0,1.0,0.0,0.0,0.0,0.0,0.0,0.8356164383561644,0.8678082191780822,0.8205479452054795,0.36712328767123287,0.7883561643835616,0.007534246575342466,0.863013698630137,0.9897260273972602,0.7205479452054795,0.7815068493150685,0.00410958904109589,0.01780821917808219,0.026027397260273973,0.43424657534246575,0.9780821917808219,0.914324880054832,0.630891950688905
55,60.0,7134.0,0.0,1.0,1.0,7.0,5.0,5.0,1955.0,1955.0,0.0,2.0,2.0,2.0,2.0,3.0,1.0,384.0,5.0,0.0,0.0,384.0,2.0,1360.0,0.0,0.0,1360.0,3.0,1.0,2.0,6.0,1.0,1.0,2.0,1.0,1962.0,2.0,2.0,572.0,2.0,2.0,0.0,0.0,50.0,0.0,0.0,0.0,0.0,4.0,1.0,0.0,2.0,2007.0,130000.0,1.0,0.0,1.0,0.0,0.0,0.0,0.0,0.0,0.8356164383561644,0.8678082191780822,0.8205479452054795,0.03972602739726028,0.7883561643835616,0.1541095890410959,0.863013698630137,0.9897260273972602,0.7205479452054795,0.7815068493150685,0.9821917808219178,0.1506849315068493,0.14657534246575343,0.43424657534246575,0.9780821917808219,0.914324880054832,0.28063814358230604
56,100.0,10175.0,1.0,0.0,0.0,0.0,6.0,5.0,1964.0,1964.0,272.0,2.0,2.0,2.0,2.0,3.0,2.0,490.0,5.0,0.0,935.0,1425.0,1.0,1425.0,0.0,0.0,1425.0,3.0,1.0,2.0,7.0,0.0,1.0,1.0,2.0,1964.0,1.0,2.0,576.0,2.0,2.0,0.0,0.0,0.0,0.0,407.0,0.0,0.0,4.0,4.0,0.0,7.0,2008.0,180500.0,1.0,0.0,1.0,1.0,0.0,0.0,0.0,0.0,0.8356164383561644,0.8678082191780822,0.8205479452054795,0.36712328767123287,0.7883561643835616,0.1541095890410959,0.863013698630137,0.9897260273972602,0.7205479452054795,0.7815068493150685,0.9821917808219178,0.15205479452054796,0.09726027397260274,0.43424657534246575,0.9780821917808219,0.914324880054832,0.630891950688905
57,24.0,2645.0,0.0,0.0,0.0,3.0,8.0,5.0,1999.0,2000.0,456.0,1.0,2.0,1.0,2.0,3.0,0.0,649.0,5.0,0.0,321.0,970.0,0.0,983.0,756.0,0.0,1739.0,3.0,1.0,1.0,7.0,0.0,0.0,5.0,3.5,1999.0,0.0,2.0,480.0,2.0,2.0,0.0,115.0,0.0,0.0,0.0,0.0,0.0,4.0,4.0,0.0,8.0,2009.0,172500.0,1.0,1.0,1.0,1.0,0.0,0.0,0.0,0.0,0.02945205479452055,0.8678082191780822,0.06917808219178082,0.04315068493150685,0.04452054794520548,0.0589041095890411,0.863013698630137,0.9897260273972602,0.7205479452054795,0.7815068493150685,0.9821917808219178,0.1506849315068493,0.14657534246575343,0.44315068493150683,0.9780821917808219,0.914324880054832,0.630891950688905
58,89.0,11645.0,1.0,0.0,0.0,3.0,7.0,5.0,2004.0,2004.0,0.0,1.0,2.0,1.0,2.0,3.0,5.0,0.0,5.0,0.0,860.0,860.0,0.0,860.0,860.0,0.0,1720.0,3.0,1.0,1.0,7.0,0.0,0.0,5.0,2.5,2004.0,1.0,2.0,565.0,2.0,2.0,0.0,0.0,70.0,0.0,0.0,0.0,0.0,4.0,4.0,0.0,8.0,2006.0,196500.0,1.0,0.0,1.0,0.0,0.0,0.0,0.0,0.0,0.8356164383561644,0.8678082191780822,0.8205479452054795,0.2047945205479452,0.7883561643835616,0.10273972602739725,0.863013698630137,0.9897260273972602,0.18013698630136987,0.7815068493150685,0.9821917808219178,0.3527397260273973,0.3452054794520548,0.44315068493150683,0.9780821917808219,0.914324880054832,0.630891950688905
59,66.0,13682.0,2.0,2.0,0.0,3.0,10.0,5.0,2006.0,2006.0,1031.0,0.0,2.0,0.0,2.0,0.0,5.0,0.0,5.0,0.0,1410.0,1410.0,0.0,1426.0,1519.0,0.0,2945.0,3.0,1.0,1.0,10.0,0.0,1.0,1.0,3.5,2006.0,0.0,3.0,641.0,2.0,2.0,0.0,192.0,0.0,37.0,0.0,0.0,0.0,4.0,4.0,0.0,10.0,2006.0,438780.0,1.0,0.0,1.0,1.0,0.0,0.0,0.0,0.0,0.8356164383561644,0.08356164383561644,0.08561643835616438,0.2047945205479452,0.7883561643835616,0.017123287671232876,0.863013698630137,0.9897260273972602,0.06438356164383562,0.1958904109589041,0.9821917808219178,0.3527397260273973,0.3452054794520548,0.44315068493150683,0.9780821917808219,0.914324880054832,0.06381435823060189
60,60.0,7200.0,0.0,1.0,0.0,0.0,5.0,7.0,1972.0,1972.0,0.0,2.0,2.0,2.0,2.0,1.0,1.0,632.0,5.0,0.0,148.0,780.0,0.0,780.0,0.0,0.0,780.0,2.0,1.0,2.0,4.0,0.0,0.0,5.0,1.0,1973.0,2.0,1.0,352.0,2.0,2.0,0.0,196.0,0.0,0.0,0.0,0.0,0.0,4.0,1.0,0.0,1.0,2008.0,124900.0,1.0,0.0,1.0,0.0,0.0,0.0,0.0,0.0,0.8356164383561644,0.8678082191780822,0.8205479452054795,0.36712328767123287,0.7883561643835616,0.10273972602739725,0.863013698630137,0.9897260273972602,0.7205479452054795,0.7815068493150685,0.9821917808219178,0.15205479452054796,0.14178082191780822,0.43424657534246575,0.9780821917808219,0.914324880054832,0.28063814358230604
61,63.0,13072.0,0.0,0.0,0.0,0.0,6.0,5.0,2004.0,2004.0,0.0,2.0,2.0,1.0,2.0,3.0,1.0,941.0,5.0,0.0,217.0,1158.0,0.0,1158.0,0.0,0.0,1158.0,3.0,1.0,1.0,5.0,0.0,0.0,5.0,2.5,2006.0,2.0,2.0,576.0,2.0,2.0,0.0,0.0,50.0,0.0,0.0,0.0,0.0,4.0,4.0,0.0,5.0,2006.0,158000.0,1.0,0.0,1.0,0.0,0.0,0.0,0.0,0.0,0.8356164383561644,0.08356164383561644,0.08561643835616438,0.36712328767123287,0.7883561643835616,0.04041095890410959,0.007534246575342466,0.9897260273972602,0.7205479452054795,0.7815068493150685,0.9821917808219178,0.3527397260273973,0.3452054794520548,0.44315068493150683,0.9780821917808219,0.914324880054832,0.28063814358230604
62,60.0,7200.0,0.0,0.0,0.0,5.0,5.0,7.0,1920.0,1996.0,0.0,2.0,2.0,2.0,3.0,3.0,5.0,0.0,5.0,0.0,530.0,530.0,2.0,581.0,530.0,0.0,1111.0,3.0,1.0,3.0,6.0,0.0,0.0,5.0,1.0,1935.0,2.0,1.0,288.0,2.0,2.0,2.0,0.0,0.0,144.0,0.0,0.0,0.0,4.0,4.0,0.0,3.0,2007.0,101000.0,1.0,0.0,0.0,0.0,0.0,0.0,0.0,0.0,0.8356164383561644,0.8678082191780822,0.8205479452054795,0.010958904109589041,0.14931506849315068,0.025342465753424658,0.863013698630137,0.9897260273972602,0.7205479452054795,0.7815068493150685,0.9821917808219178,0.1506849315068493,0.14657534246575343,0.1,0.9780821917808219,0.914324880054832,0.28063814358230604
63,44.0,6442.0,1.0,0.0,0.0,0.0,8.0,5.0,2006.0,2006.0,178.0,1.0,2.0,1.0,1.0,2.0,0.0,24.0,5.0,0.0,1346.0,1370.0,0.0,1370.0,0.0,0.0,1370.0,2.0,1.0,1.0,6.0,0.0,1.0,1.0,2.0,2006.0,1.0,2.0,484.0,2.0,2.0,0.0,120.0,49.0,0.0,0.0,0.0,0.0,4.0,4.0,0.0,10.0,2007.0,202500.0,1.0,0.0,1.0,0.0,1.0,0.0,0.0,0.0,0.07808219178082192,0.8678082191780822,0.8205479452054795,0.05958904109589041,0.7883561643835616,0.05273972602739726,0.863013698630137,0.9897260273972602,0.7205479452054795,0.7815068493150685,0.9821917808219178,0.3527397260273973,0.3452054794520548,0.44315068493150683,0.9780821917808219,0.914324880054832,0.630891950688905
64,50.0,10300.0,1.0,1.0,0.0,3.0,7.0,6.0,1921.0,1950.0,0.0,2.0,2.0,2.0,2.0,3.0,5.0,0.0,5.0,0.0,576.0,576.0,1.0,902.0,808.0,0.0,1710.0,3.0,1.0,2.0,9.0,0.0,0.0,5.0,2.0,1990.0,2.0,2.0,480.0,2.0,2.0,0.0,12.0,11.0,64.0,0.0,0.0,0.0,4.0,0.0,0.0,4.0,2010.0,140000.0,1.0,0.0,1.0,0.0,0.0,0.0,0.0,0.0,0.8356164383561644,0.8678082191780822,0.8205479452054795,0.0410958904109589,0.14931506849315068,0.0773972602739726,0.01780821917808219,0.00410958904109589,0.7205479452054795,0.7815068493150685,0.9821917808219178,0.017123287671232876,0.01780821917808219,0.1,0.9780821917808219,0.914324880054832,0.28063814358230604
65,76.4,9375.0,0.0,0.0,0.0,3.0,7.0,5.0,1997.0,1998.0,573.0,2.0,2.0,1.0,2.0,3.0,0.0,739.0,5.0,0.0,318.0,1057.0,0.0,1057.0,977.0,0.0,2034.0,3.0,1.0,1.0,8.0,0.0,0.0,5.0,3.5,1998.0,1.0,2.0,645.0,2.0,2.0,0.0,576.0,36.0,0.0,0.0,0.0,0.0,4.0,0.0,0.0,2.0,2009.0,219500.0,1.0,0.0,1.0,1.0,0.0,0.0,0.0,0.0,0.8356164383561644,0.8678082191780822,0.8205479452054795,0.2047945205479452,0.7883561643835616,0.10273972602739725,0.863013698630137,0.9897260273972602,0.7205479452054795,0.7815068493150685,0.9821917808219178,0.3527397260273973,0.3452054794520548,0.44315068493150683,0.9780821917808219,0.914324880054832,0.630891950688905
66,76.0,9591.0,0.0,0.0,0.0,3.0,8.0,5.0,2004.0,2005.0,344.0,1.0,2.0,0.0,2.0,1.0,5.0,0.0,5.0,0.0,1143.0,1143.0,0.0,1143.0,1330.0,0.0,2473.0,4.0,1.0,1.0,9.0,0.0,1.0,1.0,2.5,2004.0,1.0,3.0,852.0,2.0,2.0,0.0,192.0,151.0,0.0,0.0,0.0,0.0,4.0,4.0,0.0,10.0,2007.0,317000.0,1.0,0.0,1.0,1.0,0.0,0.0,0.0,0.0,0.8356164383561644,0.8678082191780822,0.8205479452054795,0.2047945205479452,0.7883561643835616,0.05273972602739726,0.863013698630137,0.9897260273972602,0.7205479452054795,0.7815068493150685,0.9821917808219178,0.3527397260273973,0.3452054794520548,0.44315068493150683,0.9780821917808219,0.914324880054832,0.06381435823060189
67,71.0,19900.0,0.0,0.0,0.0,0.0,7.0,5.0,1970.0,1989.0,287.0,2.0,2.0,1.0,2.0,0.0,0.0,912.0,5.0,0.0,1035.0,1947.0,2.0,2207.0,0.0,0.0,2207.0,3.0,1.0,2.0,7.0,1.0,1.0,1.0,3.0,1970.0,1.0,2.0,576.0,2.0,2.0,0.0,301.0,0.0,0.0,0.0,0.0,0.0,4.0,4.0,0.0,7.0,2010.0,180000.0,1.0,0.0,1.0,1.0,0.0,0.0,0.0,0.0,0.8356164383561644,0.8678082191780822,0.8205479452054795,0.36712328767123287,0.7883561643835616,0.1541095890410959,0.005479452054794521,0.9897260273972602,0.7205479452054795,0.7815068493150685,0.9821917808219178,0.07397260273972603,0.09726027397260274,0.43424657534246575,0.9780821917808219,0.914324880054832,0.630891950688905
68,72.0,10665.0,1.0,0.0,0.0,0.0,7.0,5.0,2003.0,2003.0,167.0,1.0,2.0,1.0,2.0,1.0,0.0,1013.0,5.0,0.0,440.0,1453.0,0.0,1479.0,0.0,0.0,1479.0,3.0,1.0,1.0,7.0,0.0,0.0,5.0,3.0,2003.0,1.0,2.0,558.0,2.0,2.0,0.0,144.0,29.0,0.0,0.0,0.0,0.0,4.0,4.0,0.0,6.0,2007.0,226000.0,1.0,0.0,1.0,1.0,0.0,0.0,0.0,0.0,0.8356164383561644,0.8678082191780822,0.8205479452054795,0.36712328767123287,0.7883561643835616,0.10273972602739725,0.863013698630137,0.9897260273972602,0.7205479452054795,0.7815068493150685,0.9821917808219178,0.3527397260273973,0.3452054794520548,0.44315068493150683,0.9780821917808219,0.914324880054832,0.630891950688905
69,47.0,4608.0,0.0,0.0,0.0,0.0,4.0,6.0,1945.0,1950.0,0.0,2.0,1.0,2.0,2.0,3.0,5.0,0.0,5.0,0.0,747.0,747.0,2.0,747.0,0.0,0.0,747.0,2.0,1.0,2.0,4.0,0.0,0.0,5.0,1.0,1945.0,2.0,1.0,220.0,2.0,2.0,0.0,0.0,0.0,0.0,0.0,0.0,0.0,4.0,4.0,0.0,6.0,2010.0,80000.0,1.0,0.0,1.0,0.0,0.0,0.0,0.0,0.0,0.8356164383561644,0.8678082191780822,0.8205479452054795,0.04726027397260274,0.14931506849315068,0.0773972602739726,0.03287671232876712,0.9897260273972602,0.18013698630136987,0.7815068493150685,0.9821917808219178,0.1506849315068493,0.14657534246575343,0.43424657534246575,0.9780821917808219,0.914324880054832,0.630891950688905
70,81.0,15593.0,0.0,0.0,0.0,1.0,7.0,4.0,1953.0,1953.0,0.0,1.0,2.0,2.0,2.0,3.0,2.0,603.0,5.0,0.0,701.0,1304.0,2.0,1304.0,983.0,0.0,2287.0,3.0,1.0,2.0,7.0,0.0,1.0,2.0,2.0,1953.0,0.0,2.0,667.0,2.0,2.0,0.0,0.0,21.0,114.0,0.0,0.0,0.0,4.0,4.0,0.0,7.0,2006.0,225000.0,1.0,0.0,1.0,0.0,0.0,0.0,0.0,0.0,0.8356164383561644,0.8678082191780822,0.8205479452054795,0.09863013698630137,0.7883561643835616,0.019178082191780823,0.863013698630137,0.9897260273972602,0.18013698630136987,0.7815068493150685,0.9821917808219178,0.03424657534246575,0.0136986301369863,0.43424657534246575,0.012328767123287671,0.914324880054832,0.630891950688905
71,95.0,13651.0,1.0,0.0,0.0,0.0,7.0,6.0,1973.0,1973.0,1115.0,2.0,1.0,1.0,2.0,0.0,1.0,1880.0,5.0,0.0,343.0,2223.0,0.0,2223.0,0.0,0.0,2223.0,3.0,1.0,2.0,8.0,0.0,2.0,1.0,3.0,1973.0,0.0,2.0,516.0,2.0,2.0,0.0,300.0,0.0,0.0,0.0,0.0,0.0,4.0,4.0,0.0,2.0,2007.0,244000.0,1.0,0.0,1.0,1.0,0.0,0.0,0.0,0.0,0.8356164383561644,0.8678082191780822,0.8205479452054795,0.36712328767123287,0.7883561643835616,0.1541095890410959,0.863013698630137,0.9897260273972602,0.7205479452054795,0.7815068493150685,0.9821917808219178,0.07397260273972603,0.09726027397260274,0.43424657534246575,0.9780821917808219,0.914324880054832,0.630891950688905
72,69.0,7599.0,0.0,0.0,0.0,0.0,4.0,6.0,1982.0,2006.0,0.0,2.0,2.0,2.0,2.0,3.0,1.0,565.0,5.0,0.0,280.0,845.0,2.0,845.0,0.0,0.0,845.0,2.0,1.0,2.0,4.0,0.0,0.0,5.0,2.0,1987.0,2.0,2.0,360.0,2.0,2.0,0.0,0.0,0.0,0.0,0.0,0.0,0.0,4.0,4.0,0.0,6.0,2007.0,129500.0,1.0,0.0,1.0,0.0,0.0,0.0,0.0,0.0,0.8356164383561644,0.8678082191780822,0.8205479452054795,0.36712328767123287,0.7883561643835616,0.03356164383561644,0.863013698630137,0.9897260273972602,0.18013698630136987,0.7815068493150685,0.9821917808219178,0.15205479452054796,0.09726027397260274,0.43424657534246575,0.9780821917808219,0.914324880054832,0.28063814358230604
73,74.0,10141.0,1.0,0.0,0.0,3.0,7.0,5.0,1998.0,1998.0,40.0,2.0,2.0,1.0,2.0,3.0,5.0,0.0,5.0,0.0,832.0,832.0,1.0,885.0,833.0,0.0,1718.0,3.0,1.0,2.0,7.0,0.0,1.0,2.0,2.5,1998.0,0.0,2.0,427.0,2.0,2.0,0.0,0.0,94.0,0.0,0.0,291.0,0.0,4.0,4.0,0.0,12.0,2009.0,185000.0,1.0,0.0,1.0,1.0,0.0,0.0,0.0,0.0,0.8356164383561644,0.8678082191780822,0.8205479452054795,0.2047945205479452,0.7883561643835616,0.05410958904109589,0.863013698630137,0.9897260273972602,0.18013698630136987,0.7815068493150685,0.9821917808219178,0.3527397260273973,0.3452054794520548,0.44315068493150683,0.9780821917808219,0.914324880054832,0.630891950688905
74,85.0,10200.0,0.0,0.0,0.0,0.0,5.0,7.0,1954.0,2003.0,104.0,2.0,2.0,2.0,2.0,3.0,1.0,320.0,2.0,362.0,404.0,1086.0,1.0,1086.0,0.0,0.0,1086.0,3.0,1.0,2.0,6.0,0.0,0.0,5.0,2.0,1989.0,2.0,2.0,490.0,2.0,2.0,0.0,0.0,0.0,0.0,0.0,0.0,0.0,4.0,2.0,0.0,5.0,2010.0,144900.0,1.0,0.0,1.0,1.0,0.0,0.0,0.0,0.0,0.8356164383561644,0.8678082191780822,0.8205479452054795,0.36712328767123287,0.7883561643835616,0.1541095890410959,0.863013698630137,0.9897260273972602,0.7205479452054795,0.7815068493150685,0.9821917808219178,0.1410958904109589,0.13493150684931507,0.43424657534246575,0.9780821917808219,0.914324880054832,0.630891950688905
75,60.0,5790.0,0.0,0.0,0.0,3.0,3.0,6.0,1915.0,1950.0,0.0,1.0,1.0,3.0,2.0,3.0,5.0,0.0,5.0,0.0,840.0,840.0,1.0,840.0,765.0,0.0,1605.0,3.0,2.0,2.0,8.0,0.0,0.0,5.0,2.0,1915.0,2.0,1.0,379.0,2.0,2.0,0.0,0.0,0.0,202.0,0.0,0.0,0.0,4.0,4.0,0.0,5.0,2010.0,107400.0,1.0,0.0,0.0,0.0,0.0,0.0,0.0,0.0,0.8356164383561644,0.8678082191780822,0.8205479452054795,0.09863013698630137,0.14931506849315068,0.0773972602739726,0.863013698630137,0.9897260273972602,0.18013698630136987,0.007534246575342466,0.9821917808219178,0.3527397260273973,0.3452054794520548,0.43424657534246575,0.9780821917808219,0.914324880054832,0.28063814358230604
76,21.0,1596.0,0.0,0.0,0.0,7.0,4.0,5.0,1973.0,1973.0,0.0,2.0,2.0,1.0,2.0,0.0,0.0,462.0,5.0,0.0,0.0,462.0,2.0,526.0,462.0,0.0,988.0,2.0,1.0,2.0,5.0,0.0,0.0,5.0,2.0,1973.0,2.0,1.0,297.0,2.0,2.0,0.0,120.0,101.0,0.0,0.0,0.0,0.0,4.0,2.0,0.0,11.0,2009.0,91000.0,1.0,0.0,1.0,0.0,0.0,0.0,0.0,0.0,0.02945205479452055,0.8678082191780822,0.8205479452054795,0.00684931506849315,0.14931506849315068,0.011643835616438357,0.863013698630137,0.9897260273972602,0.7205479452054795,0.7815068493150685,0.9821917808219178,0.04178082191780822,0.0410958904109589,0.43424657534246575,0.9780821917808219,0.914324880054832,0.06381435823060189
77,68.8,8475.0,1.0,0.0,0.0,0.0,4.0,7.0,1956.0,1956.0,0.0,2.0,2.0,2.0,2.0,3.0,1.0,228.0,5.0,0.0,724.0,952.0,0.0,952.0,0.0,0.0,952.0,2.0,1.0,2.0,4.0,0.0,0.0,5.0,1.0,1956.0,2.0,1.0,283.0,2.0,2.0,0.0,0.0,0.0,0.0,0.0,0.0,0.0,4.0,4.0,0.0,4.0,2008.0,135750.0,1.0,0.0,1.0,0.0,0.0,0.0,0.0,0.0,0.8356164383561644,0.8678082191780822,0.8205479452054795,0.36712328767123287,0.7883561643835616,0.1541095890410959,0.863013698630137,0.9897260273972602,0.7205479452054795,0.7815068493150685,0.9821917808219178,0.3527397260273973,0.3452054794520548,0.43424657534246575,0.9780821917808219,0.06442769019876628,0.28063814358230604
78,50.0,8635.0,0.0,0.0,0.0,1.0,5.0,5.0,1948.0,2001.0,0.0,2.0,2.0,2.0,2.0,3.0,2.0,336.0,0.0,41.0,295.0,672.0,2.0,1072.0,213.0,0.0,1285.0,2.0,1.0,2.0,6.0,1.0,0.0,5.0,2.0,1948.0,2.0,1.0,240.0,2.0,2.0,0.0,0.0,0.0,0.0,0.0,0.0,0.0,4.0,1.0,0.0,1.0,2008.0,127000.0,1.0,0.0,1.0,0.0,0.0,0.0,0.0,0.0,0.8356164383561644,0.8678082191780822,0.8205479452054795,0.09863013698630137,0.14931506849315068,0.03972602739726028,0.863013698630137,0.9897260273972602,0.7205479452054795,0.7815068493150685,0.9821917808219178,0.1410958904109589,0.13493150684931507,0.43424657534246575,0.9780821917808219,0.914324880054832,0.28063814358230604
79,72.0,10778.0,0.0,0.0,0.0,0.0,4.0,5.0,1968.0,1968.0,0.0,2.0,2.0,2.0,2.0,3.0,5.0,0.0,5.0,0.0,1768.0,1768.0,2.0,1768.0,0.0,0.0,1768.0,4.0,2.0,2.0,8.0,0.0,0.0,5.0,2.0,1951.4,3.0,0.0,0.0,5.0,5.0,0.0,0.0,0.0,0.0,0.0,0.0,0.0,4.0,4.0,0.0,4.0,2010.0,136500.0,1.0,0.0,0.0,0.0,0.0,0.0,0.0,0.0,0.03561643835616438,0.8678082191780822,0.8205479452054795,0.03561643835616438,0.7883561643835616,0.050684931506849315,0.863013698630137,0.9897260273972602,0.7205479452054795,0.1958904109589041,0.9821917808219178,0.15205479452054796,0.14178082191780822,0.43424657534246575,0.9780821917808219,0.914324880054832,0.42073966642494565
80,60.0,10440.0,0.0,0.0,0.0,3.0,5.0,6.0,1910.0,1981.0,0.0,2.0,2.0,2.0,2.0,3.0,5.0,0.0,5.0,0.0,440.0,440.0,1.0,682.0,548.0,0.0,1230.0,2.0,1.0,2.0,5.0,0.0,0.0,5.0,1.5,1966.0,2.0,2.0,440.0,2.0,2.0,0.0,74.0,0.0,128.0,0.0,0.0,0.0,4.0,1.0,0.0,5.0,2009.0,110000.0,1.0,0.0,1.0,0.0,0.0,0.0,0.0,0.0,0.8356164383561644,0.8678082191780822,0.8205479452054795,0.09863013698630137,0.14931506849315068,0.0773972602739726,0.863013698630137,0.9897260273972602,0.18013698630136987,0.7815068493150685,0.9821917808219178,0.1410958904109589,0.13493150684931507,0.44315068493150683,0.9780821917808219,0.914324880054832,0.28063814358230604
81,100.0,13000.0,0.0,0.0,0.0,3.0,6.0,6.0,1968.0,1968.0,576.0,2.0,1.0,1.0,2.0,3.0,3.0,448.0,5.0,0.0,448.0,896.0,2.0,1182.0,960.0,0.0,2142.0,4.0,1.0,1.0,8.0,0.0,1.0,1.0,2.5,1968.0,0.0,1.0,509.0,2.0,2.0,0.0,0.0,72.0,0.0,0.0,252.0,0.0,4.0,4.0,0.0,6.0,2009.0,193500.0,1.0,0.0,1.0,1.0,0.0,0.0,0.0,0.0,0.8356164383561644,0.8678082191780822,0.8205479452054795,0.2047945205479452,0.7883561643835616,0.1541095890410959,0.863013698630137,0.9897260273972602,0.18013698630136987,0.7815068493150685,0.9821917808219178,0.3527397260273973,0.3452054794520548,0.43424657534246575,0.9780821917808219,0.914324880054832,0.630891950688905
82,32.0,4500.0,0.0,0.0,0.0,0.0,6.0,5.0,1998.0,1998.0,443.0,2.0,1.0,0.0,1.0,3.0,0.0,1201.0,5.0,0.0,36.0,1237.0,0.0,1337.0,0.0,0.0,1337.0,2.0,1.0,2.0,5.0,0.0,0.0,5.0,3.0,1998.0,0.0,2.0,405.0,2.0,2.0,0.0,0.0,199.0,0.0,0.0,0.0,0.0,4.0,4.0,0.0,3.0,2006.0,153500.0,1.0,0.0,1.0,1.0,0.0,0.0,0.0,0.0,0.07808219178082192,0.8678082191780822,0.8205479452054795,0.05958904109589041,0.14931506849315068,0.03356164383561644,0.863013698630137,0.9897260273972602,0.03219178082191781,0.1958904109589041,0.9821917808219178,0.3527397260273973,0.3452054794520548,0.44315068493150683,0.9780821917808219,0.914324880054832,0.630891950688905
83,78.0,10206.0,0.0,0.0,0.0,0.0,8.0,5.0,2007.0,2007.0,468.0,2.0,2.0,1.0,2.0,3.0,0.0,33.0,5.0,0.0,1530.0,1563.0,0.0,1563.0,0.0,0.0,1563.0,3.0,1.0,1.0,6.0,0.0,1.0,1.0,2.0,2007.0,1.0,3.0,758.0,2.0,2.0,0.0,144.0,99.0,0.0,0.0,0.0,0.0,4.0,4.0,0.0,10.0,2008.0,245000.0,1.0,0.0,1.0,0.0,1.0,0.0,0.0,0.0,0.8356164383561644,0.8678082191780822,0.8205479452054795,0.36712328767123287,0.7883561643835616,0.0589041095890411,0.863013698630137,0.9897260273972602,0.7205479452054795,0.7815068493150685,0.9821917808219178,0.3527397260273973,0.3452054794520548,0.44315068493150683,0.9780821917808219,0.914324880054832,0.630891950688905
84,80.0,8892.0,1.0,0.0,0.0,0.0,5.0,5.0,1960.0,1960.0,66.0,2.0,2.0,2.0,2.0,3.0,5.0,0.0,5.0,0.0,1065.0,1065.0,1.0,1065.0,0.0,0.0,1065.0,3.0,1.0,2.0,6.0,0.0,0.0,5.0,1.5,1974.0,2.0,2.0,461.0,2.0,2.0,0.0,74.0,0.0,0.0,0.0,0.0,0.0,4.0,4.0,0.0,7.0,2007.0,126500.0,1.0,0.0,1.0,0.0,0.0,0.0,0.0,0.0,0.8356164383561644,0.02945205479452055,0.8205479452054795,0.36712328767123287,0.7883561643835616,0.1541095890410959,0.863013698630137,0.9897260273972602,0.7205479452054795,0.7815068493150685,0.9821917808219178,0.1506849315068493,0.14657534246575343,0.43424657534246575,0.9780821917808219,0.914324880054832,0.28063814358230604
85,72.2,8530.0,1.0,0.0,0.0,7.0,7.0,5.0,1995.0,1996.0,22.0,2.0,2.0,1.0,2.0,3.0,5.0,0.0,5.0,0.0,384.0,384.0,1.0,804.0,670.0,0.0,1474.0,3.0,1.0,2.0,7.0,0.0,1.0,2.0,2.5,1995.0,0.0,2.0,400.0,2.0,2.0,0.0,120.0,72.0,0.0,0.0,0.0,0.0,4.0,4.0,700.0,5.0,2009.0,168500.0,1.0,0.0,1.0,1.0,0.0,0.0,1.0,0.0,0.8356164383561644,0.8678082191780822,0.8205479452054795,0.03972602739726028,0.7883561643835616,0.05410958904109589,0.863013698630137,0.9897260273972602,0.7205479452054795,0.7815068493150685,0.9821917808219178,0.15205479452054796,0.14178082191780822,0.44315068493150683,0.9780821917808219,0.914324880054832,0.06381435823060189
86,121.0,16059.0,0.0,0.0,0.0,3.0,8.0,5.0,1991.0,1992.0,284.0,1.0,2.0,1.0,2.0,3.0,5.0,0.0,5.0,0.0,1288.0,1288.0,0.0,1301.0,1116.0,0.0,2417.0,4.0,1.0,1.0,9.0,0.0,1.0,2.0,2.5,1991.0,2.0,2.0,462.0,2.0,2.0,0.0,127.0,82.0,0.0,0.0,0.0,0.0,4.0,4.0,0.0,4.0,2006.0,260000.0,1.0,0.0,1.0,1.0,0.0,0.0,0.0,0.0,0.8356164383561644,0.8678082191780822,0.8205479452054795,0.2047945205479452,0.7883561643835616,0.028082191780821917,0.863013698630137,0.9897260273972602,0.18013698630136987,0.1958904109589041,0.9821917808219178,0.15205479452054796,0.14178082191780822,0.43424657534246575,0.9780821917808219,0.914324880054832,0.630891950688905
87,122.0,11911.0,2.0,0.0,0.0,3.0,6.0,5.0,2005.0,2005.0,0.0,1.0,2.0,1.0,2.0,1.0,5.0,0.0,5.0,0.0,684.0,684.0,0.0,684.0,876.0,0.0,1560.0,3.0,1.0,1.0,6.0,0.0,1.0,1.0,2.5,2005.0,0.0,2.0,400.0,2.0,2.0,0.0,100.0,38.0,0.0,0.0,0.0,0.0,4.0,4.0,0.0,3.0,2009.0,174000.0,1.0,0.0,1.0,0.0,0.0,0.0,0.0,0.0,0.8356164383561644,0.8678082191780822,0.8205479452054795,0.2047945205479452,0.7883561643835616,0.05410958904109589,0.863013698630137,0.9897260273972602,0.7205479452054795,0.7815068493150685,0.9821917808219178,0.3527397260273973,0.3452054794520548,0.44315068493150683,0.9780821917808219,0.914324880054832,0.06381435823060189
88,40.0,3951.0,0.0,0.0,0.0,3.0,6.0,5.0,2009.0,2009.0,76.0,1.0,2.0,1.0,2.0,1.0,5.0,0.0,5.0,0.0,612.0,612.0,0.0,612.0,612.0,0.0,1224.0,2.0,1.0,1.0,4.0,0.0,0.0,5.0,2.5,2009.0,1.0,2.0,528.0,2.0,2.0,0.0,0.0,234.0,0.0,0.0,0.0,0.0,4.0,4.0,0.0,6.0,2009.0,164500.0,1.0,1.0,1.0,0.0,1.0,0.0,0.0,0.0,0.07808219178082192,0.08356164383561644,0.08561643835616438,0.04315068493150685,0.04452054794520548,0.0589041095890411,0.863013698630137,0.9897260273972602,0.18013698630136987,0.7815068493150685,0.9821917808219178,0.3527397260273973,0.3452054794520548,0.44315068493150683,0.9780821917808219,0.914324880054832,0.28063814358230604
89,105.0,8470.0,1.0,0.0,0.0,1.0,3.0,2.0,1915.0,1982.0,0.0,3.0,3.0,2.0,3.0,3.0,5.0,0.0,5.0,0.0,1013.0,1013.0,2.0,1013.0,0.0,513.0,1526.0,2.0,1.0,3.0,6.0,0.0,0.0,5.0,1.0,1946.4,3.0,0.0,0.0,5.0,5.0,2.0,0.0,0.0,156.0,0.0,0.0,0.0,4.0,1.0,0.0,10.0,2009.0,85000.0,1.0,0.0,0.0,0.0,0.0,0.0,0.0,0.0,0.8356164383561644,0.0061643835616438354,0.06917808219178082,0.09863013698630137,0.00684931506849315,0.025342465753424658,0.05547945205479452,0.00410958904109589,0.18013698630136987,0.1958904109589041,0.9821917808219178,0.07397260273972603,0.09726027397260274,0.43424657534246575,0.9780821917808219,0.914324880054832,0.17055837563451778
90,60.0,8070.0,0.0,0.0,0.0,0.0,4.0,5.0,1994.0,1995.0,0.0,2.0,2.0,1.0,2.0,3.0,0.0,588.0,5.0,0.0,402.0,990.0,0.0,990.0,0.0,0.0,990.0,3.0,1.0,2.0,5.0,0.0,0.0,5.0,2.0,1975.6,3.0,0.0,0.0,5.0,5.0,0.0,0.0,0.0,0.0,0.0,0.0,0.0,4.0,4.0,0.0,8.0,2007.0,123600.0,1.0,0.0,1.0,0.0,0.0,0.0,0.0,0.0,0.8356164383561644,0.8678082191780822,0.8205479452054795,0.36712328767123287,0.7883561643835616,0.10273972602739725,0.863013698630137,0.9897260273972602,0.7205479452054795,0.7815068493150685,0.9821917808219178,0.3527397260273973,0.3452054794520548,0.44315068493150683,0.9780821917808219,0.914324880054832,0.4907904278462654
91,60.0,7200.0,0.0,0.0,0.0,0.0,4.0,5.0,1950.0,1950.0,0.0,2.0,2.0,5.0,5.0,4.0,6.0,0.0,6.0,0.0,0.0,0.0,2.0,1040.0,0.0,0.0,1040.0,2.0,1.0,2.0,4.0,0.0,0.0,5.0,1.0,1950.0,2.0,2.0,420.0,2.0,2.0,0.0,0.0,29.0,0.0,0.0,0.0,0.0,4.0,4.0,0.0,7.0,2006.0,109900.0,1.0,0.0,1.0,0.0,0.0,0.0,0.0,0.0,0.8356164383561644,0.8678082191780822,0.8205479452054795,0.36712328767123287,0.7883561643835616,0.1541095890410959,0.863013698630137,0.9897260273972602,0.7205479452054795,0.7815068493150685,0.9821917808219178,0.03424657534246575,0.13493150684931507,0.01643835616438356,0.9780821917808219,0.06442769019876628,0.28063814358230604
92,85.0,8500.0,0.0,0.0,0.0,0.0,5.0,3.0,1961.0,1961.0,203.0,2.0,2.0,2.0,2.0,3.0,3.0,600.0,5.0,0.0,635.0,1235.0,2.0,1235.0,0.0,0.0,1235.0,2.0,1.0,2.0,6.0,0.0,0.0,5.0,1.0,1961.0,2.0,2.0,480.0,2.0,2.0,0.0,0.0,0.0,0.0,0.0,0.0,0.0,4.0,2.0,0.0,12.0,2006.0,98600.0,1.0,0.0,1.0,0.0,0.0,0.0,0.0,0.0,0.8356164383561644,0.8678082191780822,0.06917808219178082,0.36712328767123287,0.7883561643835616,0.1541095890410959,0.863013698630137,0.9897260273972602,0.7205479452054795,0.1958904109589041,0.9821917808219178,0.15205479452054796,0.14178082191780822,0.43424657534246575,0.9780821917808219,0.914324880054832,0.630891950688905
93,80.0,13360.0,1.0,2.0,0.0,0.0,5.0,7.0,1921.0,2006.0,0.0,2.0,1.0,1.0,2.0,3.0,1.0,713.0,5.0,0.0,163.0,876.0,0.0,964.0,0.0,0.0,964.0,2.0,1.0,2.0,5.0,0.0,0.0,5.0,2.0,1921.0,2.0,2.0,432.0,2.0,2.0,0.0,0.0,0.0,44.0,0.0,0.0,0.0,4.0,4.0,0.0,8.0,2009.0,163500.0,1.0,0.0,1.0,0.0,0.0,0.0,0.0,0.0,0.8356164383561644,0.8678082191780822,0.8205479452054795,0.04726027397260274,0.7883561643835616,0.03493150684931507,0.863013698630137,0.9897260273972602,0.7205479452054795,0.7815068493150685,0.9821917808219178,0.1410958904109589,0.13493150684931507,0.1,0.9780821917808219,0.914324880054832,0.28063814358230604
94,60.0,7200.0,0.0,0.0,0.0,5.0,6.0,6.0,1910.0,1998.0,0.0,2.0,2.0,2.0,3.0,2.0,3.0,1046.0,5.0,0.0,168.0,1214.0,0.0,1260.0,1031.0,0.0,2291.0,4.0,2.0,2.0,9.0,0.0,1.0,1.0,2.5,1900.0,2.0,2.0,506.0,2.0,2.0,0.0,0.0,0.0,0.0,0.0,99.0,0.0,4.0,4.0,0.0,11.0,2007.0,133900.0,1.0,0.0,0.0,0.0,0.0,0.0,0.0,0.0,0.021232876712328767,0.8678082191780822,0.8205479452054795,0.02054794520547945,0.00684931506849315,0.0773972602739726,0.863013698630137,0.9897260273972602,0.18013698630136987,0.1958904109589041,0.9821917808219178,0.1506849315068493,0.14657534246575343,0.1,0.012328767123287671,0.914324880054832,0.28063814358230604
95,69.0,9337.0,1.0,0.0,0.0,3.0,6.0,5.0,1997.0,1997.0,0.0,2.0,1.0,1.0,2.0,3.0,0.0,648.0,5.0,0.0,176.0,824.0,0.0,905.0,881.0,0.0,1786.0,3.0,1.0,1.0,7.0,0.0,0.0,5.0,3.5,1997.0,1.0,2.0,684.0,2.0,2.0,0.0,0.0,162.0,0.0,0.0,0.0,0.0,4.0,4.0,0.0,5.0,2007.0,204750.0,1.0,0.0,1.0,0.0,0.0,0.0,0.0,0.0,0.8356164383561644,0.8678082191780822,0.8205479452054795,0.2047945205479452,0.7883561643835616,0.10273972602739725,0.863013698630137,0.9897260273972602,0.7205479452054795,0.7815068493150685,0.9821917808219178,0.3527397260273973,0.3452054794520548,0.44315068493150683,0.9780821917808219,0.914324880054832,0.630891950688905
96,69.4,9765.0,2.0,0.0,0.0,3.0,6.0,8.0,1993.0,1993.0,68.0,0.0,1.0,1.0,1.0,3.0,1.0,310.0,5.0,0.0,370.0,680.0,1.0,680.0,790.0,0.0,1470.0,3.0,1.0,2.0,6.0,0.0,1.0,2.0,2.5,1993.0,0.0,2.0,420.0,2.0,2.0,0.0,232.0,63.0,0.0,0.0,0.0,0.0,4.0,4.0,480.0,4.0,2009.0,185000.0,1.0,0.0,1.0,1.0,0.0,0.0,1.0,0.0,0.8356164383561644,0.8678082191780822,0.8205479452054795,0.2047945205479452,0.7883561643835616,0.05410958904109589,0.863013698630137,0.9897260273972602,0.18013698630136987,0.7815068493150685,0.9821917808219178,0.3527397260273973,0.3452054794520548,0.44315068493150683,0.9780821917808219,0.914324880054832,0.06381435823060189
97,78.0,10264.0,1.0,0.0,0.0,0.0,7.0,5.0,1999.0,1999.0,183.0,1.0,2.0,1.0,2.0,1.0,1.0,1162.0,5.0,0.0,426.0,1588.0,0.0,1588.0,0.0,0.0,1588.0,3.0,1.0,1.0,6.0,0.0,0.0,5.0,2.0,1999.0,1.0,2.0,472.0,2.0,2.0,0.0,158.0,29.0,0.0,0.0,0.0,0.0,4.0,4.0,0.0,8.0,2006.0,214000.0,1.0,0.0,1.0,1.0,0.0,0.0,0.0,0.0,0.8356164383561644,0.8678082191780822,0.8205479452054795,0.36712328767123287,0.7883561643835616,0.10273972602739725,0.863013698630137,0.9897260273972602,0.7205479452054795,0.7815068493150685,0.9821917808219178,0.3527397260273973,0.3452054794520548,0.44315068493150683,0.9780821917808219,0.914324880054832,0.630891950688905
98,73.0,10921.0,0.0,2.0,0.0,0.0,4.0,5.0,1965.0,1965.0,48.0,2.0,2.0,2.0,2.0,3.0,3.0,520.0,5.0,0.0,440.0,960.0,2.0,960.0,0.0,0.0,960.0,3.0,1.0,2.0,6.0,0.0,0.0,5.0,2.0,1965.0,0.0,1.0,432.0,2.0,2.0,1.0,120.0,0.0,0.0,0.0,0.0,0.0,4.0,4.0,0.0,5.0,2007.0,94750.0,1.0,0.0,1.0,1.0,0.0,0.0,0.0,0.0,0.8356164383561644,0.8678082191780822,0.8205479452054795,0.36712328767123287,0.7883561643835616,0.0684931506849315,0.863013698630137,0.9897260273972602,0.7205479452054795,0.1958904109589041,0.9821917808219178,0.15205479452054796,0.14178082191780822,0.43424657534246575,0.9780821917808219,0.018505825908156272,0.630891950688905
99,85.0,10625.0,0.0,0.0,0.0,0.0,5.0,5.0,1920.0,1950.0,0.0,2.0,2.0,2.0,2.0,3.0,1.0,108.0,5.0,0.0,350.0,458.0,3.0,835.0,0.0,0.0,835.0,2.0,1.0,2.0,5.0,0.0,0.0,5.0,1.0,1920.0,2.0,1.0,366.0,3.0,2.0,0.0,0.0,0.0,77.0,0.0,0.0,0.0,4.0,4.0,400.0,5.0,2010.0,83000.0,1.0,0.0,0.0,0.0,0.0,0.0,1.0,0.0,0.8356164383561644,0.02945205479452055,0.06917808219178082,0.04726027397260274,0.7883561643835616,0.0684931506849315,0.863013698630137,0.9897260273972602,0.18013698630136987,0.7815068493150685,0.9821917808219178,0.1410958904109589,0.13493150684931507,0.1,0.9780821917808219,0.914324880054832,0.013778100072516316
100,77.0,9320.0,1.0,0.0,0.0,0.0,4.0,5.0,1959.0,1959.0,0.0,2.0,2.0,2.0,2.0,3.0,1.0,569.0,5.0,0.0,381.0,950.0,3.0,1225.0,0.0,0.0,1225.0,3.0,1.0,2.0,6.0,0.0,0.0,5.0,2.5,1962.8,3.0,0.0,0.0,5.0,5.0,0.0,352.0,0.0,0.0,0.0,0.0,0.0,4.0,4.0,400.0,1.0,2010.0,128950.0,1.0,0.0,1.0,0.0,0.0,0.0,1.0,0.0,0.8356164383561644,0.8678082191780822,0.8205479452054795,0.36712328767123287,0.7883561643835616,0.1541095890410959,0.863013698630137,0.9897260273972602,0.7205479452054795,0.7815068493150685,0.9821917808219178,0.07397260273972603,0.09726027397260274,0.43424657534246575,0.9780821917808219,0.914324880054832,0.4907904278462654
101,74.6,10603.0,1.0,0.0,0.0,0.0,6.0,7.0,1977.0,2001.0,28.0,2.0,2.0,2.0,2.0,2.0,1.0,1200.0,5.0,0.0,410.0,1610.0,1.0,1610.0,0.0,0.0,1610.0,3.0,1.0,1.0,6.0,0.0,2.0,2.0,3.0,1977.0,1.0,2.0,480.0,2.0,2.0,0.0,168.0,68.0,0.0,0.0,0.0,0.0,4.0,4.0,0.0,2.0,2010.0,205000.0,1.0,0.0,1.0,1.0,0.0,0.0,0.0,0.0,0.8356164383561644,0.8678082191780822,0.8205479452054795,0.36712328767123287,0.7883561643835616,0.05,0.863013698630137,0.9897260273972602,0.7205479452054795,0.7815068493150685,0.9821917808219178,0.07397260273972603,0.09726027397260274,0.44315068493150683,0.9780821917808219,0.914324880054832,0.630891950688905
102,77.0,9206.0,0.0,0.0,0.0,3.0,6.0,5.0,1985.0,1985.0,336.0,1.0,2.0,1.0,2.0,3.0,5.0,0.0,5.0,0.0,741.0,741.0,2.0,977.0,755.0,0.0,1732.0,3.0,1.0,1.0,7.0,0.0,1.0,2.0,2.5,1985.0,0.0,2.0,476.0,2.0,2.0,0.0,192.0,46.0,0.0,0.0,0.0,0.0,4.0,4.0,0.0,6.0,2010.0,178000.0,1.0,0.0,1.0,1.0,0.0,0.0,0.0,0.0,0.8356164383561644,0.8678082191780822,0.8205479452054795,0.2047945205479452,0.7883561643835616,0.04041095890410959,0.863013698630137,0.9897260273972602,0.7205479452054795,0.7815068493150685,0.9821917808219178,0.15205479452054796,0.14178082191780822,0.43424657534246575,0.9780821917808219,0.914324880054832,0.630891950688905
103,64.0,7018.0,0.0,1.0,0.0,0.0,5.0,5.0,1979.0,1979.0,0.0,2.0,3.0,5.0,5.0,4.0,6.0,0.0,6.0,0.0,0.0,0.0,2.0,1535.0,0.0,0.0,1535.0,4.0,2.0,2.0,8.0,0.0,0.0,5.0,2.0,1979.0,2.0,2.0,410.0,2.0,2.0,0.0,0.0,0.0,0.0,0.0,0.0,0.0,4.0,4.0,0.0,6.0,2009.0,118964.0,1.0,0.0,1.0,0.0,0.0,0.0,0.0,0.0,0.03561643835616438,0.8678082191780822,0.00821917808219178,0.03561643835616438,0.7883561643835616,0.04041095890410959,0.863013698630137,0.9897260273972602,0.7205479452054795,0.7815068493150685,0.9821917808219178,0.15205479452054796,0.14178082191780822,0.01643835616438356,0.9780821917808219,0.914324880054832,0.630891950688905
104,94.0,10402.0,1.0,0.0,0.0,0.0,7.0,5.0,2009.0,2009.0,0.0,2.0,2.0,1.0,2.0,3.0,5.0,0.0,5.0,0.0,1226.0,1226.0,0.0,1226.0,0.0,0.0,1226.0,3.0,1.0,1.0,6.0,0.0,0.0,5.0,2.0,2009.0,1.0,3.0,740.0,2.0,2.0,0.0,0.0,36.0,0.0,0.0,0.0,0.0,4.0,4.0,0.0,5.0,2010.0,198900.0,1.0,0.0,1.0,0.0,0.0,0.0,0.0,0.0,0.8356164383561644,0.8678082191780822,0.8205479452054795,0.36712328767123287,0.7883561643835616,0.10273972602739725,0.863013698630137,0.9897260273972602,0.18013698630136987,0.7815068493150685,0.9821917808219178,0.3527397260273973,0.3452054794520548,0.44315068493150683,0.9780821917808219,0.914324880054832,0.630891950688905
105,65.6,7758.0,0.0,0.0,0.0,1.0,7.0,4.0,1931.0,1950.0,600.0,2.0,3.0,2.0,2.0,3.0,4.0,224.0,5.0,0.0,816.0,1040.0,0.0,1226.0,592.0,0.0,1818.0,4.0,1.0,2.0,7.0,0.0,2.0,2.0,1.5,1951.0,2.0,1.0,240.0,2.0,2.0,0.0,0.0,0.0,0.0,0.0,184.0,0.0,4.0,4.0,0.0,6.0,2007.0,169500.0,1.0,0.0,1.0,1.0,0.0,0.0,0.0,0.0,0.8356164383561644,0.8678082191780822,0.8205479452054795,0.09863013698630137,0.14931506849315068,0.025342465753424658,0.863013698630137,0.9897260273972602,0.18013698630136987,0.7815068493150685,0.9821917808219178,0.017123287671232876,0.01780821917808219,0.44315068493150683,0.9780821917808219,0.018505825908156272,0.28063814358230604
106,75.0,9375.0,0.0,0.0,0.0,3.0,8.0,5.0,2003.0,2004.0,768.0,1.0,2.0,0.0,2.0,3.0,5.0,0.0,5.0,0.0,1053.0,1053.0,0.0,1053.0,939.0,0.0,1992.0,3.0,1.0,1.0,9.0,0.0,1.0,1.0,2.5,2003.0,1.0,2.0,648.0,2.0,2.0,0.0,140.0,45.0,0.0,0.0,0.0,0.0,4.0,4.0,0.0,8.0,2008.0,250000.0,1.0,0.0,1.0,1.0,0.0,0.0,0.0,0.0,0.8356164383561644,0.8678082191780822,0.8205479452054795,0.2047945205479452,0.04452054794520548,0.0589041095890411,0.863013698630137,0.9897260273972602,0.7205479452054795,0.1958904109589041,0.9821917808219178,0.3527397260273973,0.3452054794520548,0.44315068493150683,0.9780821917808219,0.914324880054832,0.630891950688905
107,60.0,10800.0,0.0,0.0,0.0,0.0,4.0,7.0,1885.0,1995.0,0.0,2.0,2.0,3.0,2.0,3.0,5.0,0.0,5.0,0.0,641.0,641.0,1.0,1047.0,0.0,0.0,1047.0,2.0,1.0,2.0,6.0,0.0,0.0,5.0,1.0,1954.0,2.0,1.0,273.0,3.0,3.0,2.0,0.0,0.0,0.0,0.0,0.0,0.0,4.0,4.0,450.0,8.0,2007.0,100000.0,1.0,0.0,1.0,0.0,0.0,0.0,1.0,0.0,0.8356164383561644,0.8678082191780822,0.8205479452054795,0.04726027397260274,0.14931506849315068,0.0773972602739726,0.863013698630137,0.9897260273972602,0.7205479452054795,0.004794520547945206,0.9821917808219178,0.3527397260273973,0.3452054794520548,0.1,0.9780821917808219,0.914324880054832,0.28063814358230604
108,50.0,6000.0,0.0,0.0,0.0,0.0,5.0,5.0,1948.0,1950.0,0.0,2.0,2.0,2.0,2.0,3.0,1.0,104.0,2.0,169.0,516.0,789.0,0.0,789.0,0.0,0.0,789.0,2.0,1.0,2.0,5.0,0.0,0.0,5.0,1.0,1948.0,2.0,1.0,250.0,2.0,2.0,0.0,0.0,0.0,0.0,0.0,0.0,0.0,4.0,4.0,0.0,4.0,2008.0,115000.0,1.0,0.0,1.0,0.0,0.0,0.0,0.0,0.0,0.8356164383561644,0.8678082191780822,0.08561643835616438,0.36712328767123287,0.14931506849315068,0.0773972602739726,0.863013698630137,0.9897260273972602,0.7205479452054795,0.7815068493150685,0.9821917808219178,0.3527397260273973,0.3452054794520548,0.43424657534246575,0.9780821917808219,0.914324880054832,0.28063814358230604
109,85.0,8500.0,0.0,0.0,0.0,1.0,5.0,7.0,1919.0,2005.0,0.0,2.0,2.0,2.0,2.0,3.0,5.0,0.0,5.0,0.0,793.0,793.0,2.0,997.0,520.0,0.0,1517.0,3.0,1.0,3.0,7.0,0.0,0.0,5.0,2.0,1951.2,3.0,0.0,0.0,5.0,5.0,2.0,0.0,0.0,144.0,0.0,0.0,0.0,4.0,4.0,0.0,8.0,2007.0,115000.0,1.0,0.0,0.0,0.0,0.0,0.0,0.0,0.0,0.8356164383561644,0.8678082191780822,0.8205479452054795,0.09863013698630137,0.14931506849315068,0.025342465753424658,0.03287671232876712,0.9897260273972602,0.18013698630136987,0.7815068493150685,0.9821917808219178,0.04178082191780822,0.0410958904109589,0.43424657534246575,0.012328767123287671,0.018505825908156272,0.42073966642494565
110,105.0,11751.0,1.0,0.0,0.0,0.0,6.0,6.0,1977.0,1977.0,480.0,2.0,2.0,1.0,2.0,3.0,2.0,705.0,5.0,0.0,1139.0,1844.0,0.0,1844.0,0.0,0.0,1844.0,3.0,1.0,2.0,7.0,0.0,1.0,2.0,2.0,1977.0,1.0,2.0,546.0,2.0,2.0,0.0,0.0,122.0,0.0,0.0,0.0,0.0,4.0,1.0,0.0,1.0,2010.0,190000.0,1.0,0.0,1.0,1.0,0.0,0.0,0.0,0.0,0.8356164383561644,0.02945205479452055,0.8205479452054795,0.36712328767123287,0.7883561643835616,0.05,0.863013698630137,0.9897260273972602,0.7205479452054795,0.1958904109589041,0.9821917808219178,0.07397260273972603,0.09726027397260274,0.43424657534246575,0.9780821917808219,0.914324880054832,0.630891950688905
111,75.0,9525.0,0.0,0.0,0.0,1.0,6.0,4.0,1954.0,1972.0,0.0,2.0,2.0,2.0,3.0,3.0,3.0,444.0,5.0,0.0,550.0,994.0,1.0,1216.0,639.0,0.0,1855.0,4.0,1.0,2.0,7.0,0.0,0.0,5.0,2.0,1954.0,2.0,1.0,325.0,2.0,2.0,0.0,182.0,0.0,0.0,0.0,0.0,0.0,4.0,4.0,0.0,10.0,2006.0,136900.0,1.0,0.0,1.0,0.0,0.0,0.0,0.0,0.0,0.8356164383561644,0.8678082191780822,0.8205479452054795,0.09863013698630137,0.7883561643835616,0.0684931506849315,0.863013698630137,0.9897260273972602,0.7205479452054795,0.7815068493150685,0.9821917808219178,0.1410958904109589,0.13493150684931507,0.43424657534246575,0.9780821917808219,0.914324880054832,0.630891950688905
112,59.6,7750.0,1.0,0.0,0.0,7.0,7.0,5.0,2000.0,2000.0,0.0,2.0,2.0,1.0,2.0,3.0,0.0,250.0,5.0,0.0,134.0,384.0,0.0,774.0,656.0,0.0,1430.0,3.0,1.0,2.0,7.0,0.0,1.0,2.0,2.5,2000.0,0.0,2.0,400.0,2.0,2.0,0.0,180.0,0.0,0.0,0.0,0.0,0.0,4.0,4.0,0.0,4.0,2010.0,180000.0,1.0,0.0,1.0,0.0,0.0,0.0,0.0,0.0,0.8356164383561644,0.8678082191780822,0.8205479452054795,0.03972602739726028,0.7883561643835616,0.05410958904109589,0.863013698630137,0.9897260273972602,0.7205479452054795,0.7815068493150685,0.9821917808219178,0.3527397260273973,0.3452054794520548,0.44315068493150683,0.9780821917808219,0.914324880054832,0.06381435823060189
113,77.0,9965.0,0.0,0.0,0.0,3.0,7.0,5.0,2007.0,2007.0,220.0,1.0,2.0,0.0,2.0,1.0,0.0,984.0,5.0,0.0,280.0,1264.0,0.0,1282.0,1414.0,0.0,2696.0,4.0,1.0,0.0,10.0,0.0,1.0,1.0,3.5,2007.0,0.0,3.0,792.0,2.0,2.0,0.0,120.0,184.0,0.0,0.0,168.0,0.0,4.0,4.0,0.0,10.0,2007.0,383970.0,1.0,0.0,1.0,0.0,1.0,0.0,0.0,0.0,0.8356164383561644,0.08356164383561644,0.08561643835616438,0.2047945205479452,0.7883561643835616,0.10273972602739725,0.863013698630137,0.9897260273972602,0.7205479452054795,0.7815068493150685,0.9821917808219178,0.3527397260273973,0.3452054794520548,0.44315068493150683,0.9780821917808219,0.914324880054832,0.06381435823060189
114,78.4,21000.0,0.0,1.0,0.0,0.0,6.0,5.0,1953.0,1953.0,184.0,2.0,1.0,1.0,2.0,2.0,1.0,35.0,3.0,869.0,905.0,1809.0,2.0,2259.0,0.0,0.0,2259.0,3.0,1.0,1.0,7.0,0.0,2.0,1.0,3.0,1953.0,2.0,2.0,450.0,2.0,2.0,0.0,166.0,120.0,192.0,0.0,0.0,0.0,4.0,1.0,0.0,10.0,2007.0,217000.0,1.0,0.0,1.0,1.0,0.0,0.0,0.0,0.0,0.8356164383561644,0.02945205479452055,0.06917808219178082,0.36712328767123287,0.7883561643835616,0.03493150684931507,0.863013698630137,0.9897260273972602,0.18013698630136987,0.1958904109589041,0.9821917808219178,0.1410958904109589,0.13493150684931507,0.43424657534246575,0.9780821917808219,0.914324880054832,0.013778100072516316
115,61.0,7259.0,1.0,0.0,1.0,3.0,6.0,8.0,1945.0,2002.0,0.0,2.0,2.0,2.0,2.0,3.0,1.0,774.0,4.0,150.0,104.0,1028.0,0.0,1436.0,884.0,0.0,2320.0,3.0,1.0,1.0,9.0,0.0,1.0,2.0,3.5,1945.0,2.0,1.0,180.0,2.0,2.0,0.0,224.0,0.0,0.0,0.0,0.0,0.0,4.0,1.0,0.0,7.0,2007.0,259500.0,1.0,0.0,1.0,0.0,0.0,0.0,0.0,0.0,0.8356164383561644,0.8678082191780822,0.8205479452054795,0.0410958904109589,0.7883561643835616,0.03493150684931507,0.863013698630137,0.9897260273972602,0.7205479452054795,0.007534246575342466,0.9821917808219178,0.1410958904109589,0.13493150684931507,0.43424657534246575,0.9780821917808219,0.914324880054832,0.28063814358230604
116,34.0,3230.0,0.0,0.0,0.0,3.0,6.0,5.0,1999.0,1999.0,1129.0,2.0,2.0,1.0,2.0,3.0,0.0,419.0,5.0,0.0,310.0,729.0,1.0,729.0,729.0,0.0,1458.0,2.0,1.0,2.0,5.0,0.0,1.0,3.0,2.5,1999.0,2.0,2.0,440.0,2.0,2.0,0.0,0.0,32.0,0.0,0.0,0.0,0.0,4.0,4.0,0.0,6.0,2007.0,176000.0,1.0,1.0,1.0,1.0,0.0,0.0,0.0,0.0,0.07808219178082192,0.8678082191780822,0.8205479452054795,0.04315068493150685,0.04452054794520548,0.0589041095890411,0.863013698630137,0.9897260273972602,0.18013698630136987,0.7815068493150685,0.9821917808219178,0.1506849315068493,0.14657534246575343,0.44315068493150683,0.9780821917808219,0.914324880054832,0.28063814358230604
117,72.0,11616.0,0.0,0.0,0.0,0.0,5.0,5.0,1962.0,1962.0,116.0,2.0,2.0,2.0,2.0,3.0,4.0,170.0,2.0,670.0,252.0,1092.0,2.0,1092.0,0.0,0.0,1092.0,3.0,1.0,2.0,6.0,0.0,1.0,4.0,1.5,1962.0,2.0,1.0,288.0,2.0,2.0,0.0,0.0,20.0,144.0,0.0,0.0,0.0,4.0,4.0,0.0,9.0,2009.0,139000.0,1.0,0.0,1.0,1.0,0.0,0.0,0.0,0.0,0.8356164383561644,0.8678082191780822,0.8205479452054795,0.36712328767123287,0.7883561643835616,0.050684931506849315,0.863013698630137,0.9897260273972602,0.7205479452054795,0.7815068493150685,0.9821917808219178,0.1410958904109589,0.13493150684931507,0.43424657534246575,0.9780821917808219,0.914324880054832,0.630891950688905
118,74.0,8536.0,0.0,0.0,0.0,0.0,5.0,5.0,2006.0,2007.0,0.0,2.0,2.0,1.0,2.0,3.0,5.0,0.0,5.0,0.0,1125.0,1125.0,1.0,1125.0,0.0,0.0,1125.0,2.0,1.0,2.0,5.0,0.0,0.0,5.0,1.5,2007.0,2.0,2.0,430.0,2.0,2.0,0.0,80.0,64.0,0.0,0.0,0.0,0.0,4.0,4.0,0.0,4.0,2007.0,155000.0,1.0,0.0,1.0,0.0,0.0,0.0,0.0,0.0,0.8356164383561644,0.08356164383561644,0.08561643835616438,0.36712328767123287,0.7883561643835616,0.0684931506849315,0.863013698630137,0.9897260273972602,0.18013698630136987,0.7815068493150685,0.9821917808219178,0.3527397260273973,0.3452054794520548,0.44315068493150683,0.9780821917808219,0.914324880054832,0.630891950688905
119,90.0,12376.0,0.0,0.0,0.0,3.0,7.0,5.0,1990.0,1990.0,0.0,2.0,2.0,1.0,2.0,2.0,0.0,1470.0,5.0,0.0,203.0,1673.0,1.0,1699.0,1523.0,0.0,3222.0,5.0,1.0,1.0,11.0,0.0,2.0,2.0,4.0,1990.0,2.0,3.0,594.0,2.0,2.0,0.0,367.0,0.0,0.0,0.0,0.0,0.0,4.0,4.0,0.0,5.0,2010.0,320000.0,1.0,0.0,1.0,0.0,0.0,0.0,0.0,0.0,0.8356164383561644,0.8678082191780822,0.8205479452054795,0.2047945205479452,0.7883561643835616,0.04041095890410959,0.863013698630137,0.9897260273972602,0.18013698630136987,0.1958904109589041,0.9821917808219178,0.07397260273972603,0.09726027397260274,0.44315068493150683,0.9780821917808219,0.914324880054832,0.630891950688905
120,65.0,8461.0,0.0,0.0,0.0,3.0,6.0,5.0,2005.0,2006.0,0.0,1.0,2.0,1.0,2.0,3.0,5.0,0.0,5.0,0.0,728.0,728.0,0.0,728.0,728.0,0.0,1456.0,3.0,1.0,1.0,8.0,0.0,1.0,1.0,2.5,2005.0,0.0,2.0,390.0,2.0,2.0,0.0,0.0,24.0,0.0,0.0,0.0,0.0,4.0,4.0,0.0,7.0,2006.0,163990.0,1.0,0.0,1.0,0.0,0.0,0.0,0.0,0.0,0.8356164383561644,0.08356164383561644,0.08561643835616438,0.2047945205479452,0.7883561643835616,0.10273972602739725,0.863013698630137,0.9897260273972602,0.7205479452054795,0.7815068493150685,0.9821917808219178,0.3527397260273973,0.3452054794520548,0.44315068493150683,0.9780821917808219,0.914324880054832,0.630891950688905
121,69.8,21453.0,1.0,3.0,2.0,7.0,6.0,5.0,1969.0,1969.0,0.0,2.0,2.0,2.0,2.0,0.0,1.0,938.0,5.0,0.0,0.0,938.0,0.0,988.0,0.0,0.0,988.0,1.0,1.0,2.0,4.0,0.0,2.0,2.0,2.0,1969.0,2.0,2.0,540.0,2.0,2.0,0.0,0.0,130.0,0.0,130.0,0.0,0.0,4.0,4.0,0.0,10.0,2006.0,180000.0,1.0,0.0,1.0,0.0,0.0,0.0,0.0,0.0,0.8356164383561644,0.8678082191780822,0.8205479452054795,0.03972602739726028,0.7883561643835616,0.019178082191780823,0.863013698630137,0.9897260273972602,0.06438356164383562,0.008904109589041096,0.0006849315068493151,0.07397260273972603,0.09726027397260274,0.43424657534246575,0.9780821917808219,0.914324880054832,0.630891950688905
122,50.0,6060.0,0.0,0.0,0.0,1.0,4.0,5.0,1939.0,1950.0,0.0,2.0,2.0,2.0,2.0,3.0,5.0,0.0,5.0,0.0,732.0,732.0,1.0,772.0,351.0,0.0,1123.0,3.0,1.0,2.0,4.0,0.0,0.0,5.0,1.0,1979.0,2.0,1.0,264.0,2.0,2.0,1.0,0.0,0.0,140.0,0.0,0.0,0.0,4.0,1.0,0.0,6.0,2007.0,100000.0,1.0,0.0,1.0,0.0,0.0,0.0,0.0,0.0,0.8356164383561644,0.8678082191780822,0.8205479452054795,0.09863013698630137,0.14931506849315068,0.025342465753424658,0.863013698630137,0.9897260273972602,0.7205479452054795,0.7815068493150685,0.9821917808219178,0.0136986301369863,0.0136986301369863,0.44315068493150683,0.9780821917808219,0.914324880054832,0.28063814358230604
123,75.0,9464.0,0.0,0.0,0.0,0.0,6.0,7.0,1958.0,1958.0,135.0,2.0,1.0,2.0,2.0,3.0,2.0,570.0,5.0,0.0,510.0,1080.0,1.0,1080.0,0.0,0.0,1080.0,3.0,1.0,2.0,5.0,0.0,0.0,5.0,1.0,1958.0,2.0,1.0,288.0,2.0,2.0,0.0,0.0,0.0,0.0,0.0,130.0,0.0,4.0,4.0,0.0,6.0,2008.0,136000.0,1.0,0.0,1.0,1.0,0.0,0.0,0.0,0.0,0.8356164383561644,0.8678082191780822,0.8205479452054795,0.36712328767123287,0.7883561643835616,0.1541095890410959,0.863013698630137,0.9897260273972602,0.18013698630136987,0.1958904109589041,0.9821917808219178,0.1506849315068493,0.14657534246575343,0.43424657534246575,0.9780821917808219,0.914324880054832,0.630891950688905
124,55.0,7892.0,0.0,0.0,0.0,0.0,6.0,5.0,1993.0,1993.0,0.0,1.0,2.0,1.0,2.0,3.0,0.0,300.0,5.0,0.0,899.0,1199.0,0.0,1199.0,0.0,0.0,1199.0,2.0,1.0,1.0,5.0,0.0,0.0,5.0,2.0,1993.0,1.0,2.0,530.0,2.0,2.0,0.0,0.0,63.0,0.0,0.0,0.0,0.0,4.0,4.0,0.0,3.0,2008.0,153900.0,1.0,0.0,1.0,0.0,0.0,0.0,0.0,0.0,0.07808219178082192,0.8678082191780822,0.8205479452054795,0.05958904109589041,0.7883561643835616,0.04041095890410959,0.863013698630137,0.9897260273972602,0.7205479452054795,0.7815068493150685,0.9821917808219178,0.07397260273972603,0.09726027397260274,0.44315068493150683,0.9780821917808219,0.914324880054832,0.630891950688905
125,48.0,17043.0,1.0,0.0,0.0,0.0,6.0,5.0,1979.0,1998.0,0.0,2.0,1.0,1.0,3.0,3.0,5.0,0.0,5.0,0.0,1362.0,1362.0,2.0,1586.0,0.0,0.0,1586.0,3.0,1.0,2.0,7.0,0.0,1.0,2.0,2.0,1979.0,2.0,2.0,435.0,2.0,2.0,0.0,192.0,0.0,0.0,0.0,0.0,0.0,4.0,4.0,0.0,1.0,2009.0,181000.0,1.0,0.0,1.0,0.0,0.0,0.0,0.0,0.0,0.8356164383561644,0.8678082191780822,0.8205479452054795,0.36712328767123287,0.7883561643835616,0.05,0.863013698630137,0.9897260273972602,0.06438356164383562,0.7815068493150685,0.9821917808219178,0.15205479452054796,0.14178082191780822,0.43424657534246575,0.9780821917808219,0.914324880054832,0.630891950688905
126,60.0,6780.0,0.0,0.0,0.0,1.0,6.0,8.0,1935.0,1982.0,0.0,2.0,3.0,2.0,2.0,1.0,0.0,490.0,5.0,0.0,30.0,520.0,1.0,520.0,0.0,234.0,754.0,2.0,1.0,2.0,5.0,0.0,0.0,5.0,2.0,1943.2,3.0,0.0,0.0,5.0,5.0,2.0,53.0,0.0,0.0,0.0,0.0,0.0,4.0,4.0,0.0,6.0,2006.0,84500.0,1.0,0.0,0.0,0.0,0.0,0.0,0.0,0.0,0.021232876712328767,0.8678082191780822,0.8205479452054795,0.02054794520547945,0.14931506849315068,0.025342465753424658,0.863013698630137,0.9897260273972602,0.7205479452054795,0.7815068493150685,0.9821917808219178,0.1410958904109589,0.13493150684931507,0.43424657534246575,0.9780821917808219,0.914324880054832,0.22581580855692535
127,54.4,4928.0,1.0,0.0,0.0,0.0,6.0,5.0,1976.0,1976.0,0.0,2.0,2.0,1.0,2.0,3.0,1.0,120.0,5.0,0.0,958.0,1078.0,2.0,958.0,0.0,0.0,958.0,2.0,1.0,2.0,5.0,0.0,1.0,2.0,2.0,1977.0,1.0,2.0,440.0,2.0,2.0,0.0,0.0,205.0,0.0,0.0,0.0,0.0,4.0,4.0,0.0,2.0,2007.0,128000.0,1.0,0.0,1.0,0.0,0.0,0.0,0.0,0.0,0.07808219178082192,0.8678082191780822,0.8205479452054795,0.05958904109589041,0.7883561643835616,0.0061643835616438354,0.863013698630137,0.9897260273972602,0.7205479452054795,0.7815068493150685,0.9821917808219178,0.07397260273972603,0.09726027397260274,0.43424657534246575,0.9780821917808219,0.914324880054832,0.630891950688905
128,55.0,4388.0,1.0,1.0,0.0,2.0,5.0,7.0,1930.0,1950.0,0.0,2.0,1.0,2.0,2.0,3.0,4.0,116.0,5.0,0.0,556.0,672.0,0.0,840.0,0.0,0.0,840.0,3.0,1.0,2.0,5.0,0.0,1.0,2.0,1.0,1935.4,3.0,0.0,0.0,5.0,5.0,2.0,0.0,0.0,0.0,0.0,0.0,0.0,4.0,4.0,0.0,6.0,2007.0,87000.0,1.0,0.0,1.0,0.0,0.0,0.0,0.0,0.0,0.8356164383561644,0.8678082191780822,0.8205479452054795,0.00821917808219178,0.14931506849315068,0.0773972602739726,0.05547945205479452,0.9897260273972602,0.7205479452054795,0.7815068493150685,0.9821917808219178,0.01780821917808219,0.13493150684931507,0.1,0.9780821917808219,0.914324880054832,0.3506889050036258
129,69.0,7590.0,0.0,0.0,0.0,3.0,6.0,5.0,1966.0,1966.0,266.0,2.0,2.0,2.0,2.0,3.0,2.0,512.0,5.0,0.0,148.0,660.0,2.0,660.0,688.0,0.0,1348.0,3.0,1.0,2.0,6.0,0.0,1.0,3.0,1.5,1966.0,1.0,2.0,453.0,2.0,2.0,0.0,188.0,108.0,0.0,0.0,0.0,0.0,4.0,4.0,0.0,7.0,2006.0,155000.0,1.0,0.0,1.0,1.0,0.0,0.0,0.0,0.0,0.8356164383561644,0.8678082191780822,0.8205479452054795,0.2047945205479452,0.7883561643835616,0.1541095890410959,0.013013698630136987,0.9897260273972602,0.7205479452054795,0.7815068493150685,0.9821917808219178,0.3527397260273973,0.3452054794520548,0.43424657534246575,0.9780821917808219,0.914324880054832,0.630891950688905
130,69.0,8973.0,0.0,0.0,0.0,0.0,5.0,7.0,1958.0,1991.0,85.0,2.0,2.0,2.0,2.0,3.0,3.0,567.0,2.0,28.0,413.0,1008.0,2.0,1053.0,0.0,0.0,1053.0,3.0,1.0,0.0,6.0,0.0,0.0,5.0,2.0,1998.0,1.0,2.0,750.0,2.0,2.0,0.0,0.0,80.0,0.0,180.0,0.0,0.0,4.0,3.0,0.0,7.0,2006.0,150000.0,1.0,0.0,1.0,1.0,0.0,0.0,0.0,0.0,0.8356164383561644,0.8678082191780822,0.06917808219178082,0.36712328767123287,0.7883561643835616,0.1541095890410959,0.863013698630137,0.9897260273972602,0.7205479452054795,0.7815068493150685,0.9821917808219178,0.07397260273972603,0.09726027397260274,0.43424657534246575,0.9780821917808219,0.06442769019876628,0.00435097897026831
131,88.0,14200.0,0.0,0.0,0.0,3.0,7.0,6.0,1966.0,1966.0,309.0,2.0,2.0,2.0,2.0,3.0,3.0,445.0,5.0,0.0,479.0,924.0,0.0,1216.0,941.0,0.0,2157.0,4.0,1.0,1.0,8.0,0.0,2.0,1.0,2.5,1966.0,0.0,2.0,487.0,2.0,2.0,0.0,105.0,66.0,0.0,0.0,0.0,0.0,4.0,0.0,0.0,5.0,2006.0,226000.0,1.0,0.0,1.0,1.0,0.0,0.0,0.0,0.0,0.8356164383561644,0.8678082191780822,0.8205479452054795,0.2047945205479452,0.7883561643835616,0.1541095890410959,0.863013698630137,0.9897260273972602,0.18013698630136987,0.7815068493150685,0.9821917808219178,0.1506849315068493,0.14657534246575343,0.43424657534246575,0.9780821917808219,0.914324880054832,0.630891950688905
132,89.2,12224.0,1.0,0.0,0.0,3.0,6.0,5.0,2000.0,2000.0,40.0,1.0,2.0,1.0,2.0,3.0,0.0,695.0,5.0,0.0,297.0,992.0,0.0,1022.0,1032.0,0.0,2054.0,3.0,1.0,1.0,7.0,0.0,1.0,2.0,3.5,2000.0,1.0,2.0,390.0,2.0,2.0,0.0,24.0,48.0,0.0,0.0,0.0,0.0,4.0,4.0,0.0,7.0,2009.0,244000.0,1.0,0.0,1.0,1.0,0.0,0.0,0.0,0.0,0.8356164383561644,0.8678082191780822,0.8205479452054795,0.2047945205479452,0.7883561643835616,0.05410958904109589,0.863013698630137,0.9897260273972602,0.18013698630136987,0.7815068493150685,0.9821917808219178,0.3527397260273973,0.3452054794520548,0.44315068493150683,0.9780821917808219,0.914324880054832,0.06381435823060189
133,75.0,7388.0,0.0,0.0,0.0,0.0,5.0,6.0,1959.0,2002.0,0.0,2.0,2.0,2.0,2.0,3.0,3.0,405.0,5.0,0.0,658.0,1063.0,1.0,1327.0,0.0,0.0,1327.0,3.0,1.0,1.0,7.0,0.0,0.0,5.0,2.0,1974.0,2.0,2.0,624.0,2.0,2.0,0.0,0.0,0.0,0.0,0.0,0.0,0.0,4.0,4.0,0.0,7.0,2007.0,150750.0,1.0,0.0,1.0,0.0,0.0,0.0,0.0,0.0,0.8356164383561644,0.8678082191780822,0.8205479452054795,0.36712328767123287,0.7883561643835616,0.1541095890410959,0.863013698630137,0.9897260273972602,0.18013698630136987,0.7815068493150685,0.9821917808219178,0.1506849315068493,0.14657534246575343,0.43424657534246575,0.9780821917808219,0.914324880054832,0.28063814358230604
134,67.2,6853.0,1.0,0.0,0.0,0.0,8.0,5.0,2001.0,2002.0,136.0,1.0,2.0,0.0,2.0,3.0,0.0,1005.0,5.0,0.0,262.0,1267.0,0.0,1296.0,0.0,0.0,1296.0,2.0,1.0,1.0,6.0,0.0,0.0,5.0,3.0,2001.0,0.0,2.0,471.0,2.0,2.0,0.0,192.0,25.0,0.0,0.0,0.0,0.0,4.0,4.0,0.0,6.0,2009.0,220000.0,1.0,0.0,1.0,1.0,0.0,0.0,0.0,0.0,0.8356164383561644,0.8678082191780822,0.8205479452054795,0.36712328767123287,0.7883561643835616,0.026027397260273973,0.863013698630137,0.9897260273972602,0.7205479452054795,0.7815068493150685,0.9821917808219178,0.3527397260273973,0.3452054794520548,0.44315068493150683,0.9780821917808219,0.914324880054832,0.630891950688905
135,78.0,10335.0,1.0,0.0,0.0,0.0,5.0,6.0,1968.0,1993.0,0.0,2.0,2.0,2.0,2.0,3.0,3.0,570.0,5.0,0.0,891.0,1461.0,1.0,1721.0,0.0,0.0,1721.0,3.0,1.0,2.0,7.0,1.0,1.0,2.0,2.5,1968.0,1.0,2.0,440.0,2.0,2.0,0.0,0.0,96.0,180.0,0.0,0.0,0.0,4.0,1.0,0.0,7.0,2006.0,180000.0,1.0,0.0,1.0,0.0,0.0,0.0,0.0,0.0,0.8356164383561644,0.8678082191780822,0.8205479452054795,0.36712328767123287,0.7883561643835616,0.050684931506849315,0.863013698630137,0.9897260273972602,0.7205479452054795,0.7815068493150685,0.9821917808219178,0.07397260273972603,0.09726027397260274,0.43424657534246575,0.9780821917808219,0.914324880054832,0.630891950688905
136,80.0,10400.0,0.0,0.0,0.0,0.0,7.0,6.0,1970.0,1970.0,288.0,2.0,2.0,2.0,2.0,3.0,5.0,0.0,5.0,0.0,1304.0,1304.0,1.0,1682.0,0.0,0.0,1682.0,3.0,1.0,2.0,7.0,0.0,1.0,1.0,2.0,1970.0,2.0,2.0,530.0,2.0,2.0,0.0,98.0,0.0,0.0,0.0,0.0,0.0,4.0,1.0,0.0,5.0,2008.0,174000.0,1.0,0.0,1.0,1.0,0.0,0.0,0.0,0.0,0.8356164383561644,0.8678082191780822,0.8205479452054795,0.36712328767123287,0.7883561643835616,0.05,0.863013698630137,0.9897260273972602,0.7205479452054795,0.1958904109589041,0.9821917808219178,0.07397260273972603,0.09726027397260274,0.44315068493150683,0.9780821917808219,0.914324880054832,0.630891950688905
137,79.2,10355.0,1.0,0.0,0.0,0.0,5.0,5.0,1967.0,1967.0,196.0,2.0,2.0,2.0,2.0,3.0,2.0,695.0,5.0,0.0,519.0,1214.0,2.0,1214.0,0.0,0.0,1214.0,3.0,1.0,2.0,5.0,0.0,1.0,3.0,2.0,1967.0,1.0,1.0,318.0,2.0,2.0,0.0,0.0,111.0,0.0,0.0,0.0,0.0,4.0,4.0,0.0,7.0,2007.0,143000.0,1.0,0.0,1.0,1.0,0.0,0.0,0.0,0.0,0.8356164383561644,0.8678082191780822,0.8205479452054795,0.36712328767123287,0.7883561643835616,0.1541095890410959,0.863013698630137,0.9897260273972602,0.18013698630136987,0.7815068493150685,0.9821917808219178,0.1506849315068493,0.14657534246575343,0.43424657534246575,0.9780821917808219,0.914324880054832,0.630891950688905
138,82.0,11070.0,0.0,0.0,0.0,0.0,7.0,5.0,1988.0,1989.0,70.0,2.0,2.0,2.0,2.0,3.0,5.0,0.0,5.0,0.0,1907.0,1907.0,1.0,1959.0,0.0,0.0,1959.0,5.0,2.0,2.0,9.0,0.0,0.0,5.0,3.0,1989.0,2.0,3.0,766.0,2.0,2.0,0.0,0.0,0.0,0.0,0.0,0.0,0.0,4.0,4.0,0.0,7.0,2006.0,171000.0,1.0,0.0,1.0,1.0,0.0,0.0,0.0,0.0,0.03561643835616438,0.8678082191780822,0.0136986301369863,0.03561643835616438,0.7883561643835616,0.03356164383561644,0.863013698630137,0.9897260273972602,0.7205479452054795,0.7815068493150685,0.9821917808219178,0.3527397260273973,0.3452054794520548,0.43424657534246575,0.9780821917808219,0.914324880054832,0.00435097897026831
139,73.0,9066.0,1.0,0.0,0.0,3.0,8.0,5.0,1999.0,2000.0,320.0,1.0,2.0,1.0,2.0,2.0,0.0,668.0,5.0,0.0,336.0,1004.0,0.0,1004.0,848.0,0.0,1852.0,3.0,1.0,1.0,7.0,0.0,2.0,2.0,2.5,1999.0,0.0,3.0,660.0,2.0,2.0,0.0,224.0,106.0,0.0,0.0,0.0,0.0,4.0,0.0,0.0,12.0,2008.0,230000.0,1.0,0.0,1.0,1.0,0.0,0.0,0.0,0.0,0.8356164383561644,0.8678082191780822,0.8205479452054795,0.2047945205479452,0.7883561643835616,0.10273972602739725,0.863013698630137,0.9897260273972602,0.7205479452054795,0.7815068493150685,0.9821917808219178,0.3527397260273973,0.3452054794520548,0.44315068493150683,0.9780821917808219,0.914324880054832,0.630891950688905
140,65.0,15426.0,1.0,0.0,0.0,3.0,6.0,5.0,1997.0,1997.0,0.0,2.0,2.0,1.0,2.0,3.0,0.0,821.0,5.0,0.0,107.0,928.0,0.0,928.0,836.0,0.0,1764.0,3.0,1.0,1.0,7.0,0.0,0.0,5.0,3.5,1997.0,1.0,2.0,470.0,2.0,2.0,0.0,276.0,99.0,0.0,0.0,0.0,0.0,4.0,1.0,0.0,8.0,2009.0,231500.0,1.0,0.0,1.0,0.0,0.0,0.0,0.0,0.0,0.8356164383561644,0.8678082191780822,0.8205479452054795,0.2047945205479452,0.7883561643835616,0.10273972602739725,0.863013698630137,0.9897260273972602,0.7205479452054795,0.7815068493150685,0.9821917808219178,0.3527397260273973,0.3452054794520548,0.44315068493150683,0.9780821917808219,0.914324880054832,0.630891950688905
141,70.0,10500.0,0.0,0.0,0.0,0.0,4.0,5.0,1971.0,1971.0,0.0,2.0,2.0,2.0,2.0,3.0,1.0,432.0,5.0,0.0,432.0,864.0,2.0,864.0,0.0,0.0,864.0,3.0,1.0,2.0,5.0,0.0,1.0,4.0,1.0,1954.0,3.0,0.0,0.0,5.0,5.0,0.0,0.0,0.0,0.0,0.0,0.0,0.0,4.0,4.0,0.0,4.0,2010.0,115000.0,1.0,0.0,1.0,0.0,0.0,0.0,0.0,0.0,0.8356164383561644,0.003424657534246575,0.8205479452054795,0.36712328767123287,0.7883561643835616,0.1541095890410959,0.863013698630137,0.9897260273972602,0.03219178082191781,0.7815068493150685,0.9821917808219178,0.15205479452054796,0.14178082191780822,0.43424657534246575,0.9780821917808219,0.914324880054832,0.42073966642494565
142,78.0,11645.0,0.0,0.0,0.0,0.0,7.0,5.0,2005.0,2005.0,0.0,1.0,2.0,1.0,2.0,1.0,0.0,1300.0,5.0,0.0,434.0,1734.0,0.0,1734.0,0.0,0.0,1734.0,3.0,1.0,1.0,7.0,0.0,0.0,5.0,3.0,2005.0,0.0,2.0,660.0,2.0,2.0,0.0,160.0,24.0,0.0,0.0,0.0,0.0,4.0,4.0,0.0,1.0,2006.0,260000.0,1.0,0.0,1.0,0.0,0.0,0.0,0.0,0.0,0.8356164383561644,0.8678082191780822,0.8205479452054795,0.36712328767123287,0.7883561643835616,0.10273972602739725,0.863013698630137,0.9897260273972602,0.7205479452054795,0.7815068493150685,0.9821917808219178,0.3527397260273973,0.3452054794520548,0.44315068493150683,0.9780821917808219,0.914324880054832,0.630891950688905
143,71.0,8520.0,0.0,0.0,0.0,1.0,5.0,4.0,1952.0,1952.0,0.0,2.0,3.0,2.0,2.0,3.0,3.0,507.0,5.0,0.0,403.0,910.0,3.0,910.0,475.0,0.0,1385.0,4.0,1.0,2.0,6.0,0.0,0.0,5.0,2.0,2000.0,2.0,2.0,720.0,2.0,2.0,0.0,0.0,0.0,0.0,0.0,0.0,0.0,4.0,1.0,0.0,6.0,2010.0,166000.0,1.0,0.0,1.0,0.0,0.0,0.0,0.0,0.0,0.8356164383561644,0.8678082191780822,0.8205479452054795,0.09863013698630137,0.7883561643835616,0.1541095890410959,0.03287671232876712,0.9897260273972602,0.18013698630136987,0.7815068493150685,0.9821917808219178,0.03424657534246575,0.13493150684931507,0.43424657534246575,0.9780821917808219,0.914324880054832,0.28063814358230604
144,78.0,10335.0,1.0,0.0,0.0,0.0,7.0,5.0,1999.0,1999.0,183.0,1.0,2.0,1.0,2.0,0.0,0.0,679.0,5.0,0.0,811.0,1490.0,0.0,1501.0,0.0,0.0,1501.0,3.0,1.0,1.0,6.0,0.0,0.0,5.0,3.0,1999.0,1.0,2.0,577.0,2.0,2.0,0.0,144.0,29.0,0.0,0.0,0.0,0.0,4.0,4.0,0.0,6.0,2009.0,204000.0,1.0,0.0,1.0,1.0,0.0,0.0,0.0,0.0,0.8356164383561644,0.8678082191780822,0.8205479452054795,0.36712328767123287,0.7883561643835616,0.10273972602739725,0.863013698630137,0.9897260273972602,0.7205479452054795,0.7815068493150685,0.9821917808219178,0.3527397260273973,0.3452054794520548,0.44315068493150683,0.9780821917808219,0.914324880054832,0.630891950688905
145,70.0,9100.0,0.0,0.0,0.0,0.0,5.0,5.0,1963.0,1963.0,336.0,2.0,2.0,2.0,2.0,3.0,3.0,1332.0,5.0,0.0,396.0,1728.0,2.0,1728.0,0.0,0.0,1728.0,6.0,2.0,2.0,10.0,0.0,0.0,5.0,3.0,1963.0,2.0,2.0,504.0,2.0,2.0,0.0,0.0,0.0,0.0,0.0,0.0,0.0,4.0,4.0,0.0,11.0,2006.0,125000.0,1.0,0.0,1.0,1.0,0.0,0.0,0.0,0.0,0.03561643835616438,0.003424657534246575,0.06917808219178082,0.03561643835616438,0.14931506849315068,0.050684931506849315,0.007534246575342466,0.9897260273972602,0.7205479452054795,0.7815068493150685,0.9821917808219178,0.15205479452054796,0.14178082191780822,0.43424657534246575,0.9780821917808219,0.914324880054832,0.28063814358230604
146,24.0,2522.0,0.0,0.0,0.0,3.0,6.0,5.0,2004.0,2006.0,50.0,1.0,2.0,1.0,2.0,3.0,5.0,0.0,5.0,0.0,970.0,970.0,0.0,970.0,739.0,0.0,1709.0,3.0,1.0,1.0,7.0,4.0,0.0,5.0,2.0,2004.0,2.0,2.0,380.0,2.0,2.0,0.0,0.0,40.0,0.0,0.0,0.0,0.0,4.0,4.0,0.0,4.0,2006.0,130000.0,1.0,0.0,1.0,0.0,1.0,0.0,0.0,0.0,0.02945205479452055,0.8678082191780822,0.8205479452054795,0.04315068493150685,0.14931506849315068,0.0684931506849315,0.863013698630137,0.9897260273972602,0.7205479452054795,0.7815068493150685,0.9821917808219178,0.3527397260273973,0.3452054794520548,0.44315068493150683,0.9780821917808219,0.914324880054832,0.28063814358230604
147,51.0,6120.0,0.0,0.0,0.0,0.0,5.0,7.0,1931.0,1993.0,0.0,2.0,2.0,2.0,2.0,3.0,2.0,209.0,5.0,0.0,506.0,715.0,2.0,875.0,0.0,0.0,875.0,2.0,1.0,2.0,5.0,0.0,0.0,5.0,2.0,1931.0,2.0,1.0,180.0,3.0,2.0,0.0,48.0,0.0,0.0,0.0,0.0,0.0,4.0,4.0,0.0,11.0,2009.0,105000.0,1.0,0.0,1.0,0.0,0.0,0.0,0.0,0.0,0.8356164383561644,0.8678082191780822,0.8205479452054795,0.04726027397260274,0.14931506849315068,0.03972602739726028,0.863013698630137,0.9897260273972602,0.18013698630136987,0.7815068493150685,0.9821917808219178,0.1410958904109589,0.13493150684931507,0.1,0.9780821917808219,0.06442769019876628,0.28063814358230604
148,77.0,9505.0,1.0,0.0,0.0,3.0,7.0,5.0,2001.0,2001.0,180.0,1.0,2.0,1.0,2.0,3.0,5.0,0.0,5.0,0.0,884.0,884.0,0.0,884.0,1151.0,0.0,2035.0,3.0,1.0,1.0,8.0,0.0,1.0,1.0,2.5,2001.0,0.0,2.0,434.0,2.0,2.0,0.0,144.0,48.0,0.0,0.0,0.0,0.0,4.0,4.0,0.0,5.0,2010.0,222500.0,1.0,0.0,1.0,1.0,0.0,0.0,0.0,0.0,0.8356164383561644,0.8678082191780822,0.8205479452054795,0.2047945205479452,0.7883561643835616,0.05410958904109589,0.863013698630137,0.9897260273972602,0.06438356164383562,0.7815068493150685,0.9821917808219178,0.3527397260273973,0.3452054794520548,0.44315068493150683,0.9780821917808219,0.914324880054832,0.06381435823060189
149,63.0,7500.0,0.0,0.0,0.0,0.0,7.0,5.0,2004.0,2005.0,120.0,2.0,2.0,1.0,2.0,3.0,0.0,680.0,5.0,0.0,400.0,1080.0,0.0,1080.0,0.0,0.0,1080.0,3.0,1.0,1.0,6.0,0.0,0.0,5.0,2.0,1958.0,3.0,0.0,0.0,5.0,5.0,0.0,0.0,0.0,0.0,0.0,0.0,0.0,4.0,4.0,0.0,4.0,2008.0,141000.0,1.0,0.0,1.0,1.0,0.0,0.0,0.0,0.0,0.8356164383561644,0.8678082191780822,0.8205479452054795,0.36712328767123287,0.7883561643835616,0.04041095890410959,0.863013698630137,0.9897260273972602,0.7205479452054795,0.7815068493150685,0.9821917808219178,0.3527397260273973,0.3452054794520548,0.44315068493150683,0.9780821917808219,0.914324880054832,0.5608411892675853
150,50.0,6240.0,0.0,0.0,0.0,1.0,5.0,4.0,1936.0,1950.0,0.0,2.0,2.0,1.0,2.0,3.0,5.0,0.0,5.0,0.0,896.0,896.0,1.0,896.0,448.0,0.0,1344.0,3.0,1.0,2.0,7.0,0.0,0.0,5.0,1.0,1936.0,2.0,1.0,240.0,3.0,2.0,0.0,200.0,114.0,0.0,0.0,0.0,0.0,4.0,4.0,0.0,4.0,2006.0,115000.0,1.0,0.0,1.0,0.0,0.0,0.0,0.0,0.0,0.8356164383561644,0.8678082191780822,0.8205479452054795,0.09863013698630137,0.14931506849315068,0.03972602739726028,0.863013698630137,0.9897260273972602,0.7205479452054795,0.7815068493150685,0.9821917808219178,0.1506849315068493,0.14657534246575343,0.1,0.9780821917808219,0.06442769019876628,0.28063814358230604
151,120.0,10356.0,0.0,0.0,0.0,0.0,5.0,6.0,1975.0,1975.0,0.0,2.0,2.0,2.0,2.0,1.0,2.0,716.0,5.0,0.0,253.0,969.0,2.0,969.0,0.0,0.0,969.0,3.0,1.0,2.0,5.0,0.0,0.0,5.0,1.5,1975.0,2.0,2.0,440.0,2.0,2.0,0.0,0.0,0.0,0.0,0.0,0.0,0.0,4.0,1.0,0.0,1.0,2007.0,122000.0,1.0,0.0,1.0,0.0,0.0,0.0,0.0,0.0,0.8356164383561644,0.8678082191780822,0.8205479452054795,0.36712328767123287,0.7883561643835616,0.10273972602739725,0.863013698630137,0.9897260273972602,0.18013698630136987,0.7815068493150685,0.9821917808219178,0.15205479452054796,0.14178082191780822,0.43424657534246575,0.9780821917808219,0.914324880054832,0.630891950688905
152,107.0,13891.0,0.0,0.0,0.0,0.0,8.0,5.0,2007.0,2008.0,436.0,1.0,2.0,0.0,2.0,0.0,0.0,1400.0,5.0,0.0,310.0,1710.0,0.0,1710.0,0.0,0.0,1710.0,2.0,1.0,1.0,6.0,0.0,1.0,1.0,3.0,2007.0,1.0,3.0,866.0,2.0,2.0,0.0,0.0,102.0,0.0,0.0,0.0,0.0,4.0,4.0,0.0,1.0,2008.0,372402.0,1.0,0.0,1.0,0.0,1.0,0.0,0.0,0.0,0.8356164383561644,0.08356164383561644,0.08561643835616438,0.36712328767123287,0.7883561643835616,0.05273972602739726,0.863013698630137,0.9897260273972602,0.7205479452054795,0.1958904109589041,0.9821917808219178,0.3527397260273973,0.3452054794520548,0.44315068493150683,0.9780821917808219,0.914324880054832,0.630891950688905
153,82.4,14803.0,1.0,0.0,0.0,3.0,6.0,5.0,1971.0,1971.0,252.0,2.0,2.0,2.0,2.0,3.0,3.0,416.0,5.0,0.0,409.0,825.0,1.0,1097.0,896.0,0.0,1993.0,4.0,1.0,2.0,8.0,0.0,1.0,1.0,2.5,1971.0,1.0,2.0,495.0,2.0,2.0,0.0,0.0,66.0,0.0,0.0,0.0,0.0,4.0,2.0,0.0,6.0,2006.0,190000.0,1.0,0.0,1.0,1.0,0.0,0.0,0.0,0.0,0.8356164383561644,0.8678082191780822,0.8205479452054795,0.2047945205479452,0.7883561643835616,0.05,0.863013698630137,0.9897260273972602,0.06438356164383562,0.7815068493150685,0.9821917808219178,0.15205479452054796,0.14178082191780822,0.43424657534246575,0.9780821917808219,0.914324880054832,0.630891950688905
154,97.6,13500.0,0.0,0.0,0.0,0.0,6.0,7.0,1960.0,1975.0,0.0,2.0,2.0,1.0,2.0,0.0,2.0,429.0,1.0,1080.0,93.0,1602.0,1.0,1252.0,0.0,0.0,1252.0,1.0,1.0,2.0,4.0,0.0,1.0,1.0,2.0,1960.0,1.0,2.0,564.0,2.0,2.0,0.0,409.0,0.0,0.0,0.0,0.0,0.0,4.0,4.0,0.0,3.0,2008.0,235000.0,1.0,0.0,1.0,0.0,0.0,0.0,0.0,0.0,0.8356164383561644,0.8678082191780822,0.8205479452054795,0.36712328767123287,0.7883561643835616,0.019178082191780823,0.863013698630137,0.9897260273972602,0.7205479452054795,0.008904109589041096,0.9821917808219178,0.03424657534246575,0.09726027397260274,0.43424657534246575,0.9780821917808219,0.914324880054832,0.630891950688905
155,84.0,11340.0,0.0,0.0,0.0,0.0,6.0,5.0,1923.0,1950.0,0.0,2.0,2.0,2.0,2.0,3.0,5.0,0.0,5.0,0.0,1200.0,1200.0,2.0,1200.0,0.0,0.0,1200.0,4.0,1.0,2.0,7.0,0.0,0.0,5.0,1.0,1923.0,2.0,1.0,312.0,3.0,3.0,0.0,0.0,0.0,228.0,0.0,0.0,0.0,4.0,4.0,0.0,3.0,2006.0,125000.0,1.0,0.0,1.0,0.0,0.0,0.0,0.0,0.0,0.8356164383561644,0.8678082191780822,0.0136986301369863,0.04726027397260274,0.14931506849315068,0.0773972602739726,0.863013698630137,0.9897260273972602,0.18013698630136987,0.7815068493150685,0.9821917808219178,0.1410958904109589,0.13493150684931507,0.1,0.9780821917808219,0.06442769019876628,0.28063814358230604
156,60.0,9600.0,0.0,0.0,0.0,1.0,6.0,5.0,1924.0,1950.0,0.0,2.0,2.0,2.0,2.0,3.0,5.0,0.0,5.0,0.0,572.0,572.0,3.0,572.0,524.0,0.0,1096.0,2.0,1.0,2.0,5.0,0.0,0.0,5.0,1.0,1949.8,3.0,0.0,0.0,5.0,5.0,2.0,0.0,8.0,128.0,0.0,0.0,0.0,4.0,4.0,0.0,4.0,2008.0,79000.0,1.0,0.0,0.0,0.0,0.0,0.0,0.0,0.0,0.8356164383561644,0.8678082191780822,0.8205479452054795,0.09863013698630137,0.7883561643835616,0.0684931506849315,0.03287671232876712,0.9897260273972602,0.18013698630136987,0.7815068493150685,0.9821917808219178,0.1410958904109589,0.13493150684931507,0.1,0.004794520547945206,0.018505825908156272,0.22581580855692535
157,60.0,7200.0,0.0,0.0,0.0,0.0,5.0,7.0,1950.0,1950.0,0.0,2.0,2.0,5.0,5.0,4.0,6.0,0.0,6.0,0.0,0.0,0.0,2.0,1040.0,0.0,0.0,1040.0,2.0,1.0,2.0,5.0,0.0,0.0,5.0,1.0,1950.0,2.0,2.0,625.0,2.0,2.0,0.0,0.0,0.0,0.0,0.0,0.0,0.0,4.0,4.0,0.0,6.0,2006.0,109500.0,1.0,0.0,1.0,0.0,0.0,0.0,0.0,0.0,0.8356164383561644,0.8678082191780822,0.8205479452054795,0.36712328767123287,0.7883561643835616,0.1541095890410959,0.863013698630137,0.9897260273972602,0.7205479452054795,0.1958904109589041,0.9821917808219178,0.1410958904109589,0.13493150684931507,0.43424657534246575,0.9780821917808219,0.018505825908156272,0.28063814358230604
158,92.0,12003.0,0.0,0.0,0.0,3.0,8.0,5.0,2009.0,2010.0,84.0,1.0,2.0,0.0,2.0,3.0,5.0,0.0,5.0,0.0,774.0,774.0,0.0,774.0,1194.0,0.0,1968.0,4.0,1.0,0.0,8.0,0.0,1.0,1.0,2.5,2009.0,0.0,3.0,680.0,2.0,2.0,0.0,0.0,75.0,0.0,0.0,0.0,0.0,4.0,4.0,0.0,5.0,2010.0,269500.0,1.0,0.0,1.0,1.0,0.0,0.0,0.0,0.0,0.8356164383561644,0.08356164383561644,0.08561643835616438,0.2047945205479452,0.7883561643835616,0.026027397260273973,0.863013698630137,0.9897260273972602,0.18013698630136987,0.7815068493150685,0.9821917808219178,0.3527397260273973,0.3452054794520548,0.44315068493150683,0.9780821917808219,0.914324880054832,0.06381435823060189
159,100.0,12552.0,0.0,0.0,0.0,3.0,7.0,5.0,2004.0,2005.0,0.0,1.0,2.0,1.0,2.0,3.0,0.0,222.0,5.0,0.0,769.0,991.0,0.0,991.0,956.0,0.0,1947.0,3.0,1.0,1.0,8.0,0.0,1.0,1.0,2.5,2004.0,1.0,2.0,678.0,2.0,2.0,0.0,0.0,136.0,0.0,0.0,0.0,0.0,4.0,2.0,0.0,5.0,2010.0,254900.0,1.0,0.0,1.0,0.0,0.0,0.0,0.0,0.0,0.8356164383561644,0.8678082191780822,0.8205479452054795,0.2047945205479452,0.04452054794520548,0.0589041095890411,0.863013698630137,0.9897260273972602,0.18013698630136987,0.7815068493150685,0.9821917808219178,0.3527397260273973,0.3452054794520548,0.44315068493150683,0.9780821917808219,0.914324880054832,0.630891950688905
160,134.0,19378.0,1.0,2.0,0.0,3.0,7.0,5.0,2005.0,2006.0,456.0,1.0,2.0,1.0,2.0,2.0,0.0,57.0,5.0,0.0,1335.0,1392.0,0.0,1392.0,1070.0,0.0,2462.0,4.0,1.0,1.0,9.0,0.0,1.0,1.0,3.5,2006.0,1.0,2.0,576.0,2.0,2.0,0.0,239.0,132.0,0.0,168.0,0.0,0.0,4.0,4.0,0.0,3.0,2006.0,320000.0,1.0,0.0,1.0,1.0,0.0,0.0,0.0,0.0,0.8356164383561644,0.08356164383561644,0.08561643835616438,0.2047945205479452,0.7883561643835616,0.05410958904109589,0.863013698630137,0.9897260273972602,0.18013698630136987,0.7815068493150685,0.9821917808219178,0.3527397260273973,0.3452054794520548,0.44315068493150683,0.9780821917808219,0.914324880054832,0.630891950688905
161,74.8,11120.0,1.0,0.0,0.0,0.0,6.0,6.0,1984.0,1984.0,0.0,2.0,2.0,1.0,2.0,3.0,2.0,660.0,5.0,0.0,572.0,1232.0,2.0,1232.0,0.0,0.0,1232.0,3.0,1.0,2.0,6.0,0.0,0.0,5.0,2.0,1984.0,2.0,2.0,516.0,2.0,2.0,0.0,0.0,0.0,0.0,0.0,0.0,0.0,4.0,4.0,0.0,6.0,2008.0,162500.0,1.0,0.0,1.0,0.0,0.0,0.0,0.0,0.0,0.8356164383561644,0.8678082191780822,0.8205479452054795,0.36712328767123287,0.7883561643835616,0.007534246575342466,0.863013698630137,0.9897260273972602,0.06438356164383562,0.7815068493150685,0.9821917808219178,0.07397260273972603,0.09726027397260274,0.44315068493150683,0.9780821917808219,0.914324880054832,0.630891950688905
162,110.0,13688.0,1.0,0.0,0.0,3.0,9.0,5.0,2003.0,2004.0,664.0,1.0,2.0,0.0,2.0,1.0,0.0,1016.0,5.0,0.0,556.0,1572.0,0.0,1572.0,1096.0,0.0,2668.0,3.0,1.0,0.0,10.0,0.0,2.0,1.0,3.5,2003.0,0.0,3.0,726.0,2.0,2.0,0.0,400.0,0.0,0.0,0.0,0.0,0.0,4.0,4.0,0.0,3.0,2008.0,412500.0,1.0,0.0,1.0,1.0,0.0,0.0,0.0,0.0,0.8356164383561644,0.8678082191780822,0.8205479452054795,0.2047945205479452,0.7883561643835616,0.05273972602739726,0.863013698630137,0.9897260273972602,0.7205479452054795,0.7815068493150685,0.9821917808219178,0.3527397260273973,0.3452054794520548,0.44315068493150683,0.9780821917808219,0.914324880054832,0.06381435823060189
163,95.0,12182.0,0.0,0.0,0.0,0.0,7.0,5.0,2005.0,2005.0,226.0,1.0,2.0,1.0,2.0,2.0,2.0,1201.0,5.0,0.0,340.0,1541.0,0.0,1541.0,0.0,0.0,1541.0,3.0,1.0,1.0,7.0,0.0,1.0,1.0,2.0,2005.0,1.0,2.0,532.0,2.0,2.0,0.0,0.0,70.0,0.0,0.0,0.0,0.0,4.0,4.0,0.0,5.0,2010.0,220000.0,1.0,0.0,1.0,1.0,0.0,0.0,0.0,0.0,0.8356164383561644,0.08356164383561644,0.08561643835616438,0.36712328767123287,0.7883561643835616,0.05273972602739726,0.863013698630137,0.9897260273972602,0.18013698630136987,0.7815068493150685,0.9821917808219178,0.3527397260273973,0.3452054794520548,0.44315068493150683,0.9780821917808219,0.914324880054832,0.630891950688905
164,55.0,5500.0,0.0,0.0,0.0,2.0,4.0,6.0,1956.0,1956.0,0.0,2.0,2.0,2.0,2.0,3.0,5.0,0.0,5.0,0.0,882.0,882.0,0.0,882.0,0.0,0.0,882.0,1.0,1.0,2.0,4.0,0.0,0.0,5.0,1.0,1943.2,3.0,0.0,0.0,5.0,5.0,0.0,0.0,0.0,0.0,0.0,0.0,0.0,4.0,1.0,0.0,4.0,2007.0,103200.0,1.0,0.0,1.0,0.0,0.0,0.0,0.0,0.0,0.8356164383561644,0.8678082191780822,0.8205479452054795,0.00821917808219178,0.7883561643835616,0.0773972602739726,0.863013698630137,0.9897260273972602,0.7205479452054795,0.7815068493150685,0.9821917808219178,0.1506849315068493,0.14657534246575343,0.43424657534246575,0.9780821917808219,0.914324880054832,0.28063814358230604
165,40.0,5400.0,0.0,0.0,0.0,0.0,6.0,7.0,1926.0,2004.0,0.0,2.0,1.0,2.0,2.0,2.0,4.0,370.0,5.0,0.0,779.0,1149.0,1.0,1149.0,467.0,0.0,1616.0,3.0,1.0,1.0,5.0,0.0,0.0,5.0,2.0,1926.0,2.0,1.0,216.0,2.0,2.0,0.0,0.0,0.0,183.0,0.0,0.0,0.0,4.0,4.0,0.0,10.0,2007.0,152000.0,1.0,1.0,1.0,0.0,0.0,0.0,0.0,0.0,0.8356164383561644,0.8678082191780822,0.8205479452054795,0.0027397260273972603,0.14931506849315068,0.0773972602739726,0.863013698630137,0.9897260273972602,0.18013698630136987,0.7815068493150685,0.9821917808219178,0.1506849315068493,0.14657534246575343,0.1,0.9780821917808219,0.06442769019876628,0.28063814358230604
166,62.0,10106.0,0.0,0.0,0.0,1.0,5.0,7.0,1940.0,1999.0,0.0,2.0,1.0,2.0,2.0,3.0,1.0,351.0,3.0,181.0,112.0,644.0,1.0,808.0,547.0,0.0,1355.0,4.0,2.0,2.0,6.0,0.0,0.0,5.0,3.0,1980.6,3.0,0.0,0.0,5.0,5.0,0.0,140.0,0.0,0.0,0.0,0.0,0.0,4.0,4.0,0.0,9.0,2008.0,127500.0,1.0,0.0,1.0,0.0,0.0,0.0,0.0,0.0,0.021232876712328767,0.8678082191780822,0.8205479452054795,0.02054794520547945,0.7883561643835616,0.0684931506849315,0.863013698630137,0.9897260273972602,0.7205479452054795,0.7815068493150685,0.9821917808219178,0.1410958904109589,0.13493150684931507,0.1,0.9780821917808219,0.914324880054832,0.5608411892675853
167,91.2,10708.0,1.0,0.0,0.0,0.0,5.0,5.0,1955.0,1993.0,0.0,1.0,2.0,2.0,2.0,3.0,4.0,379.0,2.0,768.0,470.0,1617.0,0.0,1867.0,0.0,0.0,1867.0,2.0,1.0,2.0,7.0,0.0,3.0,1.0,2.0,1955.0,0.0,1.0,303.0,2.0,2.0,0.0,476.0,0.0,0.0,0.0,142.0,0.0,4.0,2.0,0.0,11.0,2009.0,190000.0,1.0,0.0,1.0,0.0,0.0,0.0,0.0,0.0,0.8356164383561644,0.02945205479452055,0.8205479452054795,0.36712328767123287,0.7883561643835616,0.019178082191780823,0.863013698630137,0.9897260273972602,0.7205479452054795,0.1958904109589041,0.9821917808219178,0.1410958904109589,0.13493150684931507,0.43424657534246575,0.9780821917808219,0.06442769019876628,0.630891950688905
168,86.0,10562.0,0.0,0.0,0.0,3.0,8.0,5.0,2007.0,2007.0,300.0,1.0,2.0,0.0,2.0,3.0,0.0,1288.0,5.0,0.0,294.0,1582.0,0.0,1610.0,551.0,0.0,2161.0,3.0,1.0,0.0,8.0,0.0,1.0,1.0,2.5,2007.0,0.0,3.0,789.0,2.0,2.0,0.0,178.0,120.0,0.0,0.0,0.0,0.0,4.0,4.0,0.0,11.0,2007.0,325624.0,1.0,0.0,1.0,0.0,1.0,0.0,0.0,0.0,0.8356164383561644,0.08356164383561644,0.08561643835616438,0.2047945205479452,0.7883561643835616,0.05273972602739726,0.863013698630137,0.9897260273972602,0.7205479452054795,0.7815068493150685,0.9821917808219178,0.3527397260273973,0.3452054794520548,0.44315068493150683,0.9780821917808219,0.914324880054832,0.630891950688905
169,62.0,8244.0,1.0,0.0,0.0,3.0,7.0,5.0,2004.0,2004.0,0.0,1.0,2.0,1.0,2.0,3.0,5.0,0.0,5.0,0.0,840.0,840.0,0.0,840.0,880.0,0.0,1720.0,3.0,1.0,1.0,7.0,0.0,1.0,1.0,2.5,2004.0,0.0,2.0,440.0,2.0,2.0,0.0,100.0,48.0,0.0,0.0,0.0,0.0,4.0,4.0,0.0,5.0,2007.0,183500.0,1.0,0.0,1.0,0.0,0.0,0.0,0.0,0.0,0.8356164383561644,0.8678082191780822,0.8205479452054795,0.2047945205479452,0.7883561643835616,0.05410958904109589,0.863013698630137,0.9897260273972602,0.7205479452054795,0.7815068493150685,0.9821917808219178,0.3527397260273973,0.3452054794520548,0.44315068493150683,0.9780821917808219,0.914324880054832,0.630891950688905
170,83.0,16669.0,1.0,0.0,0.0,0.0,8.0,6.0,1981.0,1981.0,653.0,1.0,2.0,1.0,2.0,3.0,5.0,0.0,5.0,0.0,1686.0,1686.0,2.0,1707.0,0.0,0.0,1707.0,2.0,1.0,2.0,6.0,0.0,1.0,2.0,2.5,1981.0,1.0,2.0,511.0,2.0,2.0,0.0,574.0,64.0,0.0,0.0,0.0,0.0,4.0,4.0,0.0,1.0,2006.0,228000.0,1.0,0.0,1.0,1.0,0.0,0.0,0.0,0.0,0.8356164383561644,0.8678082191780822,0.8205479452054795,0.36712328767123287,0.7883561643835616,0.026027397260273973,0.863013698630137,0.9897260273972602,0.18013698630136987,0.1958904109589041,0.003424657534246575,0.07397260273972603,0.09726027397260274,0.43424657534246575,0.9780821917808219,0.914324880054832,0.630891950688905
171,69.2,12358.0,1.0,0.0,0.0,1.0,5.0,6.0,1941.0,1950.0,0.0,2.0,2.0,2.0,2.0,3.0,3.0,360.0,5.0,0.0,360.0,720.0,2.0,854.0,0.0,528.0,1382.0,2.0,1.0,2.0,7.0,0.0,0.0,5.0,1.5,1991.0,2.0,2.0,660.0,2.0,2.0,0.0,237.0,0.0,0.0,0.0,0.0,0.0,4.0,4.0,0.0,5.0,2007.0,128500.0,1.0,0.0,1.0,0.0,0.0,0.0,0.0,0.0,0.8356164383561644,0.8678082191780822,0.8205479452054795,0.09863013698630137,0.14931506849315068,0.0773972602739726,0.05547945205479452,0.9897260273972602,0.7205479452054795,0.7815068493150685,0.9821917808219178,0.1506849315068493,0.14657534246575343,0.43424657534246575,0.9780821917808219,0.914324880054832,0.28063814358230604
172,141.0,31770.0,1.0,0.0,0.0,0.0,6.0,5.0,1960.0,1960.0,112.0,2.0,2.0,2.0,1.0,0.0,2.0,639.0,5.0,0.0,441.0,1080.0,3.0,1656.0,0.0,0.0,1656.0,3.0,1.0,2.0,7.0,0.0,2.0,1.0,2.0,1960.0,0.0,2.0,528.0,2.0,2.0,1.0,210.0,62.0,0.0,0.0,0.0,0.0,4.0,4.0,0.0,5.0,2010.0,215000.0,1.0,0.0,1.0,0.0,1.0,0.0,0.0,0.0,0.8356164383561644,0.8678082191780822,0.8205479452054795,0.36712328767123287,0.7883561643835616,0.1541095890410959,0.863013698630137,0.9897260273972602,0.18013698630136987,0.1958904109589041,0.9821917808219178,0.03424657534246575,0.09726027397260274,0.43424657534246575,0.9780821917808219,0.914324880054832,0.630891950688905
173,44.0,5306.0,1.0,0.0,0.0,3.0,7.0,7.0,1987.0,1987.0,0.0,1.0,1.0,1.0,1.0,3.0,0.0,495.0,3.0,215.0,354.0,1064.0,1.0,1064.0,703.0,0.0,1767.0,2.0,1.0,1.0,5.0,0.0,1.0,2.0,3.0,1987.0,1.0,2.0,504.0,1.0,2.0,0.0,441.0,35.0,0.0,0.0,0.0,0.0,4.0,4.0,0.0,6.0,2006.0,239000.0,1.0,0.0,1.0,0.0,0.0,0.0,0.0,0.0,0.07808219178082192,0.8678082191780822,0.8205479452054795,0.04315068493150685,0.7883561643835616,0.017123287671232876,0.863013698630137,0.9897260273972602,0.7205479452054795,0.7815068493150685,0.9821917808219178,0.15205479452054796,0.14178082191780822,0.44315068493150683,0.9780821917808219,0.914324880054832,0.630891950688905
174,80.0,10197.0,1.0,0.0,0.0,0.0,6.0,5.0,1961.0,1961.0,491.0,2.0,2.0,2.0,2.0,3.0,1.0,288.0,3.0,374.0,700.0,1362.0,2.0,1362.0,0.0,0.0,1362.0,3.0,1.0,2.0,6.0,0.0,1.0,2.0,2.5,1961.0,2.0,2.0,504.0,2.0,2.0,0.0,0.0,20.0,0.0,0.0,0.0,0.0,4.0,4.0,0.0,6.0,2008.0,163000.0,1.0,0.0,1.0,0.0,0.0,0.0,0.0,0.0,0.8356164383561644,0.02945205479452055,0.8205479452054795,0.36712328767123287,0.7883561643835616,0.1541095890410959,0.863013698630137,0.9897260273972602,0.7205479452054795,0.7815068493150685,0.9821917808219178,0.01780821917808219,0.026027397260273973,0.43424657534246575,0.9780821917808219,0.914324880054832,0.630891950688905
175,47.0,12416.0,1.0,0.0,0.0,0.0,6.0,5.0,1986.0,1986.0,132.0,2.0,2.0,1.0,3.0,3.0,1.0,1398.0,4.0,208.0,0.0,1606.0,2.0,1651.0,0.0,0.0,1651.0,3.0,1.0,2.0,7.0,2.0,1.0,2.0,3.0,1986.0,0.0,2.0,616.0,2.0,2.0,0.0,192.0,0.0,0.0,0.0,0.0,0.0,4.0,4.0,0.0,11.0,2008.0,184000.0,1.0,0.0,1.0,0.0,1.0,0.0,0.0,0.0,0.8356164383561644,0.8678082191780822,0.8205479452054795,0.36712328767123287,0.7883561643835616,0.026027397260273973,0.863013698630137,0.9897260273972602,0.7205479452054795,0.7815068493150685,0.9821917808219178,0.3527397260273973,0.09726027397260274,0.43424657534246575,0.9780821917808219,0.914324880054832,0.630891950688905
176,84.0,12615.0,0.0,0.0,0.0,0.0,6.0,7.0,1950.0,2001.0,0.0,2.0,2.0,2.0,1.0,1.0,1.0,477.0,5.0,0.0,725.0,1202.0,2.0,2158.0,0.0,0.0,2158.0,4.0,1.0,1.0,7.0,0.0,1.0,1.0,3.0,1950.0,2.0,2.0,576.0,2.0,2.0,0.0,0.0,29.0,39.0,0.0,0.0,0.0,4.0,1.0,0.0,6.0,2007.0,243000.0,1.0,0.0,1.0,0.0,0.0,0.0,0.0,0.0,0.8356164383561644,0.8678082191780822,0.8205479452054795,0.36712328767123287,0.7883561643835616,0.0684931506849315,0.863013698630137,0.9897260273972602,0.18013698630136987,0.7815068493150685,0.9821917808219178,0.01780821917808219,0.026027397260273973,0.43424657534246575,0.9780821917808219,0.914324880054832,0.630891950688905
177,97.0,10029.0,1.0,0.0,0.0,3.0,6.0,5.0,1988.0,1989.0,268.0,1.0,2.0,1.0,2.0,3.0,0.0,831.0,5.0,0.0,320.0,1151.0,2.0,1164.0,896.0,0.0,2060.0,4.0,1.0,2.0,8.0,0.0,1.0,2.0,3.0,1988.0,2.0,2.0,521.0,2.0,2.0,0.0,0.0,228.0,0.0,0.0,192.0,0.0,4.0,4.0,0.0,9.0,2007.0,211000.0,1.0,0.0,1.0,1.0,0.0,0.0,0.0,0.0,0.8356164383561644,0.8678082191780822,0.8205479452054795,0.2047945205479452,0.7883561643835616,0.019178082191780823,0.863013698630137,0.9897260273972602,0.18013698630136987,0.7815068493150685,0.9821917808219178,0.07397260273972603,0.09726027397260274,0.44315068493150683,0.9780821917808219,0.914324880054832,0.630891950688905
178,104.2,13650.0,0.0,0.0,0.0,1.0,5.0,5.0,1958.0,1958.0,0.0,1.0,1.0,2.0,2.0,3.0,1.0,57.0,2.0,441.0,554.0,1052.0,0.0,1252.0,668.0,0.0,1920.0,4.0,1.0,1.0,8.0,0.0,1.0,1.0,3.0,1958.0,2.0,2.0,451.0,2.0,2.0,0.0,0.0,0.0,0.0,0.0,0.0,0.0,4.0,4.0,0.0,7.0,2006.0,172500.0,1.0,0.0,1.0,0.0,0.0,0.0,0.0,0.0,0.8356164383561644,0.8678082191780822,0.8205479452054795,0.09863013698630137,0.7883561643835616,0.050684931506849315,0.863013698630137,0.9897260273972602,0.7205479452054795,0.7815068493150685,0.9821917808219178,0.1506849315068493,0.14657534246575343,0.43424657534246575,0.9780821917808219,0.914324880054832,0.630891950688905
179,63.0,17423.0,1.0,0.0,0.0,0.0,9.0,5.0,2008.0,2009.0,748.0,0.0,2.0,0.0,2.0,3.0,0.0,1904.0,5.0,0.0,312.0,2216.0,0.0,2234.0,0.0,0.0,2234.0,1.0,1.0,0.0,9.0,0.0,1.0,1.0,3.0,2009.0,0.0,3.0,1166.0,2.0,2.0,0.0,0.0,60.0,0.0,0.0,0.0,0.0,4.0,4.0,0.0,7.0,2009.0,501837.0,1.0,0.0,1.0,0.0,1.0,0.0,0.0,0.0,0.8356164383561644,0.08356164383561644,0.08561643835616438,0.36712328767123287,0.7883561643835616,0.017123287671232876,0.863013698630137,0.9897260273972602,0.06438356164383562,0.1958904109589041,0.9821917808219178,0.3527397260273973,0.3452054794520548,0.44315068493150683,0.9780821917808219,0.914324880054832,0.630891950688905
180,60.0,8520.0,0.0,0.0,0.0,0.0,5.0,6.0,1923.0,2006.0,0.0,1.0,2.0,2.0,2.0,3.0,5.0,0.0,5.0,0.0,968.0,968.0,2.0,968.0,0.0,0.0,968.0,2.0,1.0,2.0,5.0,0.0,0.0,5.0,1.0,1935.0,2.0,2.0,480.0,3.0,2.0,2.0,0.0,0.0,184.0,0.0,0.0,0.0,4.0,4.0,0.0,7.0,2007.0,100000.0,1.0,0.0,1.0,0.0,0.0,0.0,0.0,0.0,0.8356164383561644,0.8678082191780822,0.8205479452054795,0.04726027397260274,0.14931506849315068,0.0773972602739726,0.863013698630137,0.9897260273972602,0.7205479452054795,0.7815068493150685,0.9821917808219178,0.1410958904109589,0.13493150684931507,0.43424657534246575,0.9780821917808219,0.914324880054832,0.28063814358230604
181,33.8,2117.0,0.0,0.0,0.0,3.0,6.0,5.0,2000.0,2000.0,456.0,1.0,2.0,1.0,2.0,3.0,0.0,436.0,5.0,0.0,320.0,756.0,0.0,769.0,756.0,0.0,1525.0,3.0,1.0,1.0,5.0,0.0,1.0,2.0,2.5,2000.0,2.0,2.0,440.0,2.0,2.0,0.0,0.0,0.0,0.0,0.0,0.0,0.0,4.0,4.0,0.0,6.0,2007.0,177000.0,1.0,0.0,1.0,1.0,0.0,0.0,0.0,0.0,0.02945205479452055,0.8678082191780822,0.8205479452054795,0.04315068493150685,0.04452054794520548,0.0589041095890411,0.863013698630137,0.9897260273972602,0.7205479452054795,0.7815068493150685,0.9821917808219178,0.1506849315068493,0.14657534246575343,0.44315068493150683,0.9780821917808219,0.914324880054832,0.28063814358230604
182,54.0,7588.0,0.0,0.0,0.0,3.0,7.0,6.0,1920.0,1950.0,0.0,2.0,2.0,3.0,2.0,3.0,4.0,352.0,5.0,0.0,441.0,793.0,1.0,901.0,901.0,0.0,1802.0,4.0,1.0,2.0,9.0,0.0,1.0,1.0,1.5,1920.0,2.0,1.0,216.0,3.0,2.0,0.0,0.0,0.0,40.0,0.0,0.0,0.0,4.0,4.0,0.0,7.0,2006.0,200100.0,1.0,0.0,1.0,0.0,0.0,0.0,0.0,0.0,0.8356164383561644,0.8678082191780822,0.8205479452054795,0.0410958904109589,0.7883561643835616,0.03493150684931507,0.863013698630137,0.9897260273972602,0.7205479452054795,0.7815068493150685,0.9821917808219178,0.017123287671232876,0.01780821917808219,0.1,0.9780821917808219,0.914324880054832,0.28063814358230604
183,60.0,9060.0,0.0,0.0,0.0,0.0,5.0,6.0,1957.0,2006.0,98.0,2.0,2.0,5.0,5.0,4.0,6.0,0.0,6.0,0.0,0.0,0.0,0.0,1340.0,0.0,0.0,1340.0,3.0,1.0,2.0,7.0,0.0,1.0,1.0,1.0,1957.0,1.0,1.0,252.0,2.0,2.0,0.0,116.0,0.0,0.0,180.0,0.0,0.0,4.0,1.0,0.0,6.0,2007.0,120000.0,1.0,0.0,1.0,1.0,0.0,0.0,0.0,0.0,0.8356164383561644,0.8678082191780822,0.8205479452054795,0.36712328767123287,0.7883561643835616,0.0684931506849315,0.03287671232876712,0.9897260273972602,0.7205479452054795,0.1958904109589041,0.9821917808219178,0.1410958904109589,0.13493150684931507,0.44315068493150683,0.9780821917808219,0.914324880054832,0.630891950688905
184,63.0,11426.0,0.0,0.0,0.0,1.0,7.0,5.0,2003.0,2003.0,0.0,2.0,2.0,1.0,2.0,3.0,5.0,0.0,5.0,0.0,1362.0,1362.0,0.0,1362.0,720.0,0.0,2082.0,3.0,1.0,1.0,6.0,3.0,0.0,5.0,2.5,2003.0,2.0,2.0,484.0,2.0,2.0,2.0,280.0,238.0,0.0,0.0,0.0,0.0,4.0,4.0,0.0,6.0,2008.0,200000.0,1.0,0.0,1.0,0.0,0.0,0.0,0.0,0.0,0.8356164383561644,0.8678082191780822,0.8205479452054795,0.09863013698630137,0.14931506849315068,0.0773972602739726,0.863013698630137,0.9897260273972602,0.7205479452054795,0.7815068493150685,0.9821917808219178,0.3527397260273973,0.3452054794520548,0.44315068493150683,0.9780821917808219,0.914324880054832,0.28063814358230604
185,92.0,7438.0,1.0,0.0,0.0,1.0,5.0,8.0,1908.0,1991.0,0.0,2.0,2.0,3.0,2.0,3.0,5.0,0.0,5.0,0.0,504.0,504.0,1.0,936.0,316.0,0.0,1252.0,3.0,1.0,2.0,5.0,0.0,0.0,5.0,1.0,1986.0,2.0,2.0,576.0,2.0,2.0,0.0,104.0,0.0,0.0,0.0,0.0,0.0,4.0,1.0,0.0,6.0,2006.0,127000.0,1.0,0.0,1.0,0.0,0.0,0.0,0.0,0.0,0.8356164383561644,0.8678082191780822,0.8205479452054795,0.09863013698630137,0.7883561643835616,0.03972602739726028,0.01780821917808219,0.00410958904109589,0.7205479452054795,0.7815068493150685,0.9821917808219178,0.0136986301369863,0.09726027397260274,0.44315068493150683,0.9780821917808219,0.914324880054832,0.630891950688905
186,90.0,22950.0,2.0,0.0,0.0,4.0,10.0,9.0,1892.0,1993.0,0.0,1.0,1.0,2.0,2.0,2.0,5.0,0.0,5.0,0.0,1107.0,1107.0,0.0,1518.0,1518.0,572.0,3608.0,4.0,1.0,0.0,12.0,0.0,2.0,2.0,2.5,1993.0,2.0,3.0,840.0,0.0,2.0,0.0,0.0,260.0,0.0,0.0,410.0,0.0,4.0,0.0,0.0,6.0,2006.0,475000.0,1.0,0.0,1.0,0.0,0.0,0.0,0.0,0.0,0.8356164383561644,0.8678082191780822,0.8205479452054795,0.010958904109589041,0.14931506849315068,0.0773972602739726,0.03287671232876712,0.9897260273972602,0.7205479452054795,0.7815068493150685,0.00410958904109589,0.1410958904109589,0.13493150684931507,0.1,0.9780821917808219,0.914324880054832,0.28063814358230604
187,69.4,9947.0,1.0,0.0,0.0,7.0,7.0,5.0,1990.0,1991.0,0.0,2.0,2.0,1.0,2.0,1.0,0.0,611.0,5.0,0.0,577.0,1188.0,0.0,1217.0,0.0,0.0,1217.0,3.0,1.0,1.0,6.0,0.0,0.0,5.0,3.0,1990.0,2.0,2.0,497.0,2.0,2.0,0.0,168.0,27.0,0.0,0.0,0.0,0.0,4.0,0.0,0.0,6.0,2009.0,173000.0,1.0,0.0,1.0,0.0,0.0,0.0,0.0,0.0,0.8356164383561644,0.8678082191780822,0.8205479452054795,0.03972602739726028,0.7883561643835616,0.03356164383561644,0.863013698630137,0.9897260273972602,0.06438356164383562,0.7815068493150685,0.9821917808219178,0.15205479452054796,0.14178082191780822,0.44315068493150683,0.9780821917808219,0.914324880054832,0.630891950688905
188,60.0,10410.0,0.0,0.0,0.0,1.0,5.0,7.0,1916.0,1987.0,0.0,2.0,2.0,3.0,2.0,3.0,5.0,0.0,5.0,0.0,660.0,660.0,0.0,808.0,704.0,144.0,1656.0,3.0,1.0,2.0,8.0,2.0,0.0,5.0,2.5,1916.0,2.0,1.0,180.0,3.0,3.0,2.0,0.0,0.0,0.0,140.0,0.0,0.0,4.0,1.0,0.0,8.0,2009.0,135000.0,1.0,0.0,1.0,0.0,0.0,0.0,0.0,0.0,0.8356164383561644,0.8678082191780822,0.8205479452054795,0.09863013698630137,0.7883561643835616,0.0773972602739726,0.863013698630137,0.9897260273972602,0.7205479452054795,0.7815068493150685,0.9821917808219178,0.15205479452054796,0.14178082191780822,0.43424657534246575,0.9780821917808219,0.914324880054832,0.28063814358230604
189,64.0,7018.0,0.0,1.0,0.0,6.0,5.0,5.0,1979.0,1979.0,275.0,2.0,2.0,1.0,2.0,1.0,0.0,1086.0,5.0,0.0,0.0,1086.0,2.0,1224.0,0.0,0.0,1224.0,2.0,2.0,2.0,6.0,0.0,2.0,2.0,3.0,1979.0,2.0,2.0,528.0,2.0,2.0,0.0,120.0,0.0,0.0,0.0,0.0,0.0,4.0,4.0,0.0,6.0,2009.0,153337.0,1.0,0.0,1.0,0.0,1.0,0.0,0.0,0.0,0.03561643835616438,0.8678082191780822,0.00821917808219178,0.03561643835616438,0.7883561643835616,0.04041095890410959,0.05547945205479452,0.9897260273972602,0.7205479452054795,0.7815068493150685,0.9821917808219178,0.07397260273972603,0.09726027397260274,0.43424657534246575,0.9780821917808219,0.914324880054832,0.28063814358230604
190,41.0,4923.0,0.0,0.0,0.0,0.0,8.0,5.0,2001.0,2002.0,0.0,1.0,2.0,0.0,2.0,1.0,0.0,1153.0,5.0,0.0,440.0,1593.0,0.0,1593.0,0.0,0.0,1593.0,0.0,1.0,0.0,5.0,0.0,1.0,1.0,2.5,2001.0,0.0,2.0,682.0,2.0,2.0,0.0,0.0,120.0,0.0,0.0,224.0,0.0,4.0,4.0,0.0,8.0,2008.0,286000.0,1.0,0.0,1.0,0.0,0.0,0.0,0.0,0.0,0.07808219178082192,0.8678082191780822,0.8205479452054795,0.05958904109589041,0.7883561643835616,0.017123287671232876,0.863013698630137,0.9897260273972602,0.7205479452054795,0.7815068493150685,0.9821917808219178,0.04178082191780822,0.0410958904109589,0.44315068493150683,0.9780821917808219,0.914324880054832,0.630891950688905
191,70.0,10570.0,0.0,1.0,1.0,3.0,8.0,8.0,1932.0,1994.0,0.0,1.0,2.0,1.0,1.0,3.0,3.0,297.0,5.0,0.0,556.0,853.0,2.0,1549.0,1178.0,0.0,2727.0,3.0,1.0,1.0,10.0,4.0,2.0,2.0,2.5,1932.0,2.0,2.0,440.0,2.0,2.0,0.0,0.0,74.0,0.0,0.0,0.0,0.0,4.0,4.0,0.0,12.0,2007.0,315000.0,1.0,0.0,1.0,0.0,0.0,0.0,0.0,0.0,0.8356164383561644,0.8678082191780822,0.8205479452054795,0.0410958904109589,0.7883561643835616,0.03493150684931507,0.863013698630137,0.9897260273972602,0.7205479452054795,0.1958904109589041,0.9821917808219178,0.03424657534246575,0.017123287671232876,0.43424657534246575,0.9780821917808219,0.914324880054832,0.28063814358230604
192,63.8,7472.0,1.0,0.0,0.0,3.0,7.0,9.0,1972.0,2004.0,138.0,2.0,2.0,2.0,2.0,3.0,1.0,626.0,5.0,0.0,99.0,725.0,1.0,725.0,754.0,0.0,1479.0,4.0,1.0,1.0,7.0,0.0,0.0,5.0,2.5,1972.0,0.0,2.0,484.0,2.0,2.0,0.0,0.0,32.0,0.0,0.0,0.0,0.0,4.0,4.0,0.0,6.0,2007.0,184000.0,1.0,0.0,1.0,1.0,0.0,0.0,0.0,0.0,0.8356164383561644,0.8678082191780822,0.8205479452054795,0.2047945205479452,0.7883561643835616,0.1541095890410959,0.863013698630137,0.9897260273972602,0.06438356164383562,0.7815068493150685,0.9821917808219178,0.15205479452054796,0.14178082191780822,0.43424657534246575,0.9780821917808219,0.914324880054832,0.630891950688905
193,68.0,9017.0,1.0,0.0,0.0,0.0,7.0,5.0,1999.0,1999.0,0.0,1.0,2.0,1.0,2.0,1.0,0.0,560.0,5.0,0.0,871.0,1431.0,0.0,1431.0,0.0,0.0,1431.0,3.0,1.0,1.0,6.0,0.0,0.0,5.0,3.0,1999.0,0.0,2.0,666.0,2.0,2.0,0.0,0.0,35.0,0.0,0.0,0.0,0.0,4.0,4.0,0.0,9.0,2009.0,192000.0,1.0,0.0,1.0,0.0,0.0,0.0,0.0,0.0,0.8356164383561644,0.8678082191780822,0.8205479452054795,0.36712328767123287,0.7883561643835616,0.10273972602739725,0.863013698630137,0.9897260273972602,0.7205479452054795,0.7815068493150685,0.9821917808219178,0.3527397260273973,0.3452054794520548,0.44315068493150683,0.9780821917808219,0.914324880054832,0.630891950688905
194,24.0,2522.0,0.0,0.0,0.0,3.0,7.0,5.0,2004.0,2004.0,50.0,1.0,2.0,1.0,2.0,3.0,5.0,0.0,5.0,0.0,970.0,970.0,0.0,970.0,739.0,0.0,1709.0,3.0,1.0,1.0,7.0,4.0,0.0,5.0,2.0,2004.0,2.0,2.0,380.0,2.0,2.0,0.0,0.0,40.0,0.0,0.0,0.0,0.0,4.0,4.0,0.0,5.0,2006.0,130000.0,1.0,0.0,1.0,0.0,1.0,0.0,0.0,0.0,0.02945205479452055,0.8678082191780822,0.8205479452054795,0.04315068493150685,0.14931506849315068,0.0684931506849315,0.863013698630137,0.9897260273972602,0.7205479452054795,0.7815068493150685,0.9821917808219178,0.3527397260273973,0.3452054794520548,0.44315068493150683,0.9780821917808219,0.914324880054832,0.28063814358230604
195,60.0,7180.0,1.0,0.0,0.0,0.0,5.0,7.0,1972.0,1972.0,0.0,2.0,2.0,2.0,2.0,1.0,1.0,390.0,5.0,0.0,474.0,864.0,2.0,864.0,0.0,0.0,864.0,3.0,1.0,2.0,5.0,0.0,0.0,5.0,1.0,1989.0,2.0,1.0,352.0,2.0,2.0,0.0,0.0,0.0,0.0,0.0,0.0,0.0,4.0,4.0,0.0,5.0,2008.0,127000.0,1.0,0.0,1.0,0.0,0.0,0.0,0.0,0.0,0.8356164383561644,0.8678082191780822,0.8205479452054795,0.36712328767123287,0.7883561643835616,0.10273972602739725,0.863013698630137,0.9897260273972602,0.7205479452054795,0.1958904109589041,0.9821917808219178,0.15205479452054796,0.14178082191780822,0.43424657534246575,0.9780821917808219,0.914324880054832,0.28063814358230604
196,24.0,2280.0,0.0,0.0,0.0,3.0,6.0,6.0,1976.0,1976.0,0.0,2.0,2.0,1.0,2.0,3.0,1.0,566.0,5.0,0.0,289.0,855.0,2.0,855.0,601.0,0.0,1456.0,3.0,1.0,2.0,7.0,0.0,1.0,2.0,2.5,1976.0,2.0,2.0,440.0,2.0,2.0,0.0,87.0,0.0,0.0,0.0,0.0,0.0,4.0,4.0,0.0,7.0,2009.0,148500.0,1.0,0.0,1.0,0.0,0.0,0.0,0.0,0.0,0.02945205479452055,0.8678082191780822,0.8205479452054795,0.04315068493150685,0.7883561643835616,0.0061643835616438354,0.863013698630137,0.9897260273972602,0.03219178082191781,0.7815068493150685,0.9821917808219178,0.07397260273972603,0.004794520547945206,0.43424657534246575,0.9780821917808219,0.914324880054832,0.630891950688905
197,79.0,9416.0,0.0,0.0,0.0,0.0,7.0,5.0,2007.0,2007.0,205.0,0.0,2.0,0.0,2.0,3.0,0.0,1126.0,5.0,0.0,600.0,1726.0,0.0,1726.0,0.0,0.0,1726.0,3.0,1.0,0.0,8.0,0.0,1.0,1.0,3.0,2007.0,0.0,3.0,786.0,2.0,2.0,0.0,171.0,138.0,0.0,0.0,266.0,0.0,4.0,4.0,0.0,9.0,2007.0,311872.0,1.0,0.0,1.0,0.0,1.0,0.0,0.0,0.0,0.8356164383561644,0.08356164383561644,0.08561643835616438,0.36712328767123287,0.7883561643835616,0.0589041095890411,0.863013698630137,0.9897260273972602,0.7205479452054795,0.1958904109589041,0.9821917808219178,0.04178082191780822,0.0410958904109589,0.44315068493150683,0.9780821917808219,0.914324880054832,0.630891950688905
198,174.0,25419.0,0.0,0.0,0.0,3.0,8.0,4.0,1918.0,1990.0,0.0,1.0,1.0,2.0,2.0,3.0,0.0,1036.0,4.0,184.0,140.0,1360.0,1.0,1360.0,1360.0,392.0,3112.0,4.0,1.0,1.0,8.0,0.0,1.0,0.0,3.5,1918.0,2.0,2.0,795.0,2.0,2.0,0.0,0.0,16.0,552.0,0.0,0.0,512.0,0.0,0.0,0.0,3.0,2006.0,235000.0,1.0,0.0,1.0,0.0,0.0,0.0,0.0,0.0,0.8356164383561644,0.8678082191780822,0.06917808219178082,0.010958904109589041,0.7883561643835616,0.1541095890410959,0.03287671232876712,0.9897260273972602,0.18013698630136987,0.7815068493150685,0.9821917808219178,0.017123287671232876,0.01780821917808219,0.44315068493150683,0.9780821917808219,0.914324880054832,0.28063814358230604
199,92.0,5520.0,0.0,0.0,0.0,4.0,6.0,6.0,1912.0,1950.0,0.0,2.0,2.0,2.0,2.0,3.0,5.0,0.0,5.0,0.0,755.0,755.0,0.0,929.0,929.0,371.0,2229.0,5.0,1.0,2.0,8.0,0.0,0.0,5.0,1.0,1943.2,3.0,0.0,0.0,5.0,5.0,0.0,0.0,198.0,30.0,0.0,0.0,0.0,4.0,1.0,0.0,7.0,2009.0,104000.0,1.0,0.0,1.0,0.0,0.0,0.0,0.0,0.0,0.8356164383561644,0.8678082191780822,0.06917808219178082,0.010958904109589041,0.14931506849315068,0.0773972602739726,0.863013698630137,0.9897260273972602,0.18013698630136987,0.7815068493150685,0.9821917808219178,0.1410958904109589,0.13493150684931507,0.43424657534246575,0.9780821917808219,0.914324880054832,0.28063814358230604
200,76.0,9591.0,0.0,0.0,0.0,0.0,8.0,5.0,2004.0,2005.0,262.0,1.0,2.0,0.0,2.0,1.0,0.0,1088.0,5.0,0.0,625.0,1713.0,0.0,1713.0,0.0,0.0,1713.0,3.0,1.0,0.0,7.0,0.0,1.0,1.0,3.0,2004.0,0.0,3.0,856.0,2.0,2.0,0.0,0.0,26.0,0.0,0.0,170.0,0.0,4.0,4.0,0.0,1.0,2009.0,274900.0,1.0,0.0,1.0,1.0,0.0,0.0,0.0,0.0,0.8356164383561644,0.8678082191780822,0.8205479452054795,0.36712328767123287,0.7883561643835616,0.05273972602739726,0.863013698630137,0.9897260273972602,0.7205479452054795,0.1958904109589041,0.9821917808219178,0.3527397260273973,0.3452054794520548,0.44315068493150683,0.9780821917808219,0.914324880054832,0.630891950688905
201,80.0,8546.0,0.0,0.0,0.0,0.0,4.0,5.0,2003.0,2004.0,0.0,2.0,2.0,1.0,2.0,3.0,5.0,0.0,5.0,0.0,1121.0,1121.0,0.0,1121.0,0.0,0.0,1121.0,2.0,1.0,2.0,5.0,0.0,0.0,5.0,2.0,2003.0,1.0,2.0,440.0,2.0,2.0,0.0,132.0,64.0,0.0,0.0,0.0,0.0,4.0,4.0,0.0,3.0,2010.0,140000.0,1.0,0.0,1.0,0.0,0.0,0.0,0.0,0.0,0.8356164383561644,0.8678082191780822,0.8205479452054795,0.36712328767123287,0.14931506849315068,0.0684931506849315,0.863013698630137,0.9897260273972602,0.18013698630136987,0.7815068493150685,0.9821917808219178,0.3527397260273973,0.3452054794520548,0.44315068493150683,0.9780821917808219,0.914324880054832,0.630891950688905
202,75.0,10125.0,0.0,0.0,0.0,0.0,6.0,6.0,1977.0,1977.0,0.0,2.0,2.0,2.0,2.0,3.0,1.0,641.0,4.0,279.0,276.0,1196.0,2.0,1279.0,0.0,0.0,1279.0,3.0,1.0,2.0,6.0,0.0,2.0,3.0,2.5,1980.0,2.0,2.0,473.0,2.0,2.0,0.0,238.0,83.0,0.0,0.0,0.0,0.0,4.0,1.0,0.0,2.0,2008.0,171500.0,1.0,0.0,1.0,0.0,0.0,0.0,0.0,0.0,0.8356164383561644,0.8678082191780822,0.8205479452054795,0.36712328767123287,0.7883561643835616,0.03356164383561644,0.863013698630137,0.9897260273972602,0.7205479452054795,0.7815068493150685,0.9821917808219178,0.07397260273972603,0.09726027397260274,0.43424657534246575,0.9780821917808219,0.914324880054832,0.28063814358230604
203,50.0,7000.0,0.0,0.0,0.0,1.0,6.0,6.0,1924.0,1950.0,0.0,2.0,1.0,3.0,2.0,3.0,4.0,617.0,5.0,0.0,0.0,617.0,1.0,865.0,445.0,0.0,1310.0,2.0,1.0,2.0,6.0,1.0,0.0,5.0,2.0,1924.0,2.0,1.0,398.0,2.0,2.0,0.0,0.0,0.0,126.0,0.0,0.0,0.0,4.0,4.0,0.0,5.0,2006.0,112000.0,1.0,0.0,1.0,0.0,0.0,0.0,0.0,0.0,0.8356164383561644,0.02945205479452055,0.8205479452054795,0.09863013698630137,0.7883561643835616,0.0773972602739726,0.03287671232876712,0.9897260273972602,0.18013698630136987,0.7815068493150685,0.9821917808219178,0.1506849315068493,0.14657534246575343,0.1,0.9780821917808219,0.914324880054832,0.630891950688905
204,33.0,4438.0,0.0,0.0,0.0,0.0,6.0,5.0,2004.0,2004.0,205.0,1.0,2.0,1.0,2.0,1.0,0.0,662.0,5.0,0.0,186.0,848.0,0.0,848.0,0.0,0.0,848.0,1.0,1.0,1.0,3.0,0.0,1.0,1.0,2.0,2004.0,1.0,2.0,420.0,2.0,2.0,0.0,149.0,0.0,0.0,0.0,0.0,0.0,4.0,4.0,0.0,1.0,2008.0,149000.0,1.0,0.0,1.0,1.0,0.0,0.0,0.0,0.0,0.07808219178082192,0.8678082191780822,0.8205479452054795,0.05958904109589041,0.14931506849315068,0.10273972602739725,0.863013698630137,0.9897260273972602,0.7205479452054795,0.7815068493150685,0.9821917808219178,0.3527397260273973,0.3452054794520548,0.44315068493150683,0.9780821917808219,0.914324880054832,0.630891950688905
205,50.0,3500.0,0.0,0.0,0.0,1.0,5.0,7.0,1947.0,1950.0,0.0,2.0,2.0,2.0,2.0,3.0,4.0,312.0,5.0,0.0,408.0,720.0,2.0,720.0,564.0,0.0,1284.0,2.0,1.0,2.0,5.0,0.0,0.0,5.0,1.5,1948.0,2.0,1.0,240.0,2.0,2.0,0.0,0.0,35.0,0.0,0.0,0.0,0.0,4.0,3.0,0.0,4.0,2009.0,110000.0,1.0,0.0,1.0,0.0,0.0,0.0,0.0,0.0,0.8356164383561644,0.8678082191780822,0.8205479452054795,0.09863013698630137,0.14931506849315068,0.0773972602739726,0.863013698630137,0.9897260273972602,0.7205479452054795,0.7815068493150685,0.9821917808219178,0.0136986301369863,0.0136986301369863,0.43424657534246575,0.9780821917808219,0.914324880054832,0.28063814358230604
206,99.0,11851.0,0.0,0.0,0.0,0.0,7.0,5.0,1990.0,1990.0,0.0,2.0,2.0,1.0,2.0,3.0,5.0,0.0,5.0,0.0,1424.0,1424.0,0.0,1442.0,0.0,0.0,1442.0,3.0,1.0,2.0,5.0,0.0,0.0,5.0,2.0,1990.0,1.0,2.0,500.0,2.0,2.0,0.0,0.0,34.0,0.0,508.0,0.0,0.0,4.0,4.0,0.0,5.0,2009.0,180500.0,1.0,0.0,1.0,0.0,0.0,0.0,0.0,0.0,0.8356164383561644,0.8678082191780822,0.8205479452054795,0.36712328767123287,0.7883561643835616,0.05410958904109589,0.863013698630137,0.9897260273972602,0.18013698630136987,0.7815068493150685,0.9821917808219178,0.15205479452054796,0.14178082191780822,0.44315068493150683,0.9780821917808219,0.914324880054832,0.630891950688905
207,40.0,13673.0,1.0,0.0,0.0,0.0,5.0,5.0,1962.0,1962.0,0.0,2.0,1.0,2.0,2.0,3.0,5.0,0.0,5.0,0.0,1140.0,1140.0,2.0,1696.0,0.0,0.0,1696.0,3.0,1.0,2.0,8.0,2.0,1.0,2.0,1.5,1962.0,1.0,1.0,349.0,2.0,2.0,0.0,0.0,30.0,0.0,0.0,0.0,0.0,4.0,4.0,0.0,3.0,2007.0,143900.0,1.0,0.0,1.0,0.0,0.0,0.0,0.0,0.0,0.8356164383561644,0.8678082191780822,0.8205479452054795,0.36712328767123287,0.7883561643835616,0.050684931506849315,0.007534246575342466,0.9897260273972602,0.06438356164383562,0.7815068493150685,0.9821917808219178,0.15205479452054796,0.14178082191780822,0.43424657534246575,0.9780821917808219,0.914324880054832,0.630891950688905
208,76.6,12493.0,1.0,0.0,0.0,0.0,4.0,5.0,1960.0,1960.0,0.0,2.0,2.0,2.0,2.0,3.0,1.0,419.0,3.0,306.0,375.0,1100.0,2.0,1100.0,0.0,0.0,1100.0,3.0,1.0,2.0,6.0,0.0,1.0,4.0,2.0,1960.0,1.0,1.0,312.0,2.0,2.0,0.0,355.0,0.0,0.0,0.0,0.0,0.0,4.0,2.0,0.0,4.0,2008.0,141000.0,1.0,0.0,1.0,0.0,0.0,0.0,0.0,0.0,0.8356164383561644,0.8678082191780822,0.8205479452054795,0.36712328767123287,0.7883561643835616,0.1541095890410959,0.863013698630137,0.9897260273972602,0.7205479452054795,0.7815068493150685,0.9821917808219178,0.1410958904109589,0.13493150684931507,0.44315068493150683,0.9780821917808219,0.914324880054832,0.630891950688905
209,86.0,14364.0,1.0,3.0,1.0,3.0,7.0,5.0,1988.0,1989.0,128.0,1.0,2.0,1.0,2.0,0.0,0.0,1065.0,5.0,0.0,92.0,1157.0,0.0,1180.0,882.0,0.0,2062.0,3.0,1.0,2.0,7.0,0.0,1.0,1.0,3.5,1988.0,0.0,2.0,454.0,2.0,2.0,0.0,60.0,55.0,0.0,0.0,154.0,0.0,4.0,4.0,0.0,4.0,2007.0,277000.0,1.0,0.0,1.0,1.0,0.0,0.0,0.0,0.0,0.8356164383561644,0.8678082191780822,0.8205479452054795,0.2047945205479452,0.7883561643835616,0.04041095890410959,0.863013698630137,0.9897260273972602,0.7205479452054795,0.7815068493150685,0.9821917808219178,0.07397260273972603,0.09726027397260274,0.43424657534246575,0.9780821917808219,0.914324880054832,0.630891950688905
210,75.0,8250.0,0.0,0.0,0.0,0.0,6.0,7.0,1964.0,1964.0,260.0,2.0,2.0,1.0,2.0,3.0,3.0,787.0,5.0,0.0,305.0,1092.0,0.0,1092.0,0.0,0.0,1092.0,3.0,1.0,2.0,6.0,0.0,0.0,5.0,2.0,1964.0,1.0,2.0,504.0,2.0,1.0,0.0,0.0,0.0,0.0,0.0,0.0,0.0,4.0,1.0,0.0,7.0,2008.0,145000.0,1.0,0.0,1.0,0.0,1.0,0.0,0.0,0.0,0.8356164383561644,0.8678082191780822,0.8205479452054795,0.36712328767123287,0.7883561643835616,0.1541095890410959,0.863013698630137,0.9897260273972602,0.7205479452054795,0.1958904109589041,0.9821917808219178,0.15205479452054796,0.14178082191780822,0.43424657534246575,0.9780821917808219,0.914324880054832,0.630891950688905
211,67.0,5604.0,0.0,0.0,0.0,0.0,5.0,6.0,1925.0,1950.0,0.0,2.0,2.0,2.0,2.0,3.0,3.0,468.0,5.0,0.0,396.0,864.0,2.0,864.0,0.0,0.0,864.0,2.0,1.0,2.0,5.0,0.0,0.0,5.0,2.0,1955.4,3.0,0.0,0.0,5.0,5.0,0.0,0.0,0.0,96.0,0.0,0.0,0.0,4.0,4.0,0.0,4.0,2008.0,98000.0,1.0,0.0,0.0,0.0,0.0,0.0,0.0,0.0,0.8356164383561644,0.8678082191780822,0.8205479452054795,0.04726027397260274,0.7883561643835616,0.0684931506849315,0.863013698630137,0.9897260273972602,0.7205479452054795,0.7815068493150685,0.9821917808219178,0.017123287671232876,0.01780821917808219,0.43424657534246575,0.9780821917808219,0.06442769019876628,0.3506889050036258
212,83.0,10420.0,0.0,0.0,0.0,0.0,6.0,5.0,2009.0,2009.0,0.0,2.0,2.0,1.0,2.0,2.0,0.0,36.0,5.0,0.0,1176.0,1212.0,0.0,1212.0,0.0,0.0,1212.0,3.0,1.0,1.0,6.0,0.0,0.0,5.0,2.0,2009.0,1.0,2.0,460.0,2.0,2.0,0.0,100.0,22.0,0.0,0.0,0.0,0.0,4.0,4.0,0.0,3.0,2010.0,186000.0,1.0,0.0,1.0,0.0,0.0,0.0,0.0,0.0,0.8356164383561644,0.8678082191780822,0.8205479452054795,0.36712328767123287,0.7883561643835616,0.0684931506849315,0.863013698630137,0.9897260273972602,0.18013698630136987,0.7815068493150685,0.9821917808219178,0.3527397260273973,0.3452054794520548,0.44315068493150683,0.9780821917808219,0.914324880054832,0.630891950688905
213,72.0,8640.0,0.0,0.0,0.0,3.0,7.0,5.0,2009.0,2009.0,0.0,2.0,2.0,1.0,2.0,3.0,0.0,822.0,5.0,0.0,78.0,900.0,0.0,932.0,920.0,0.0,1852.0,3.0,1.0,1.0,7.0,0.0,1.0,2.0,3.5,2009.0,1.0,2.0,644.0,2.0,2.0,0.0,168.0,108.0,0.0,0.0,0.0,0.0,4.0,4.0,0.0,7.0,2009.0,252678.0,1.0,0.0,1.0,0.0,0.0,0.0,0.0,0.0,0.8356164383561644,0.08356164383561644,0.08561643835616438,0.2047945205479452,0.04452054794520548,0.0589041095890411,0.863013698630137,0.9897260273972602,0.7205479452054795,0.7815068493150685,0.9821917808219178,0.3527397260273973,0.3452054794520548,0.44315068493150683,0.9780821917808219,0.914324880054832,0.630891950688905
214,43.0,13568.0,2.0,0.0,0.0,0.0,5.0,5.0,1995.0,1995.0,0.0,2.0,2.0,1.0,2.0,3.0,1.0,716.0,5.0,0.0,274.0,990.0,0.0,990.0,0.0,0.0,990.0,3.0,1.0,2.0,5.0,0.0,0.0,5.0,1.5,1996.0,2.0,2.0,576.0,2.0,2.0,0.0,224.0,0.0,0.0,0.0,0.0,0.0,4.0,4.0,0.0,7.0,2006.0,156000.0,1.0,0.0,1.0,0.0,0.0,0.0,0.0,0.0,0.8356164383561644,0.8678082191780822,0.8205479452054795,0.36712328767123287,0.7883561643835616,0.10273972602739725,0.863013698630137,0.9897260273972602,0.06438356164383562,0.7815068493150685,0.9821917808219178,0.3527397260273973,0.3452054794520548,0.44315068493150683,0.9780821917808219,0.914324880054832,0.630891950688905
215,67.6,10900.0,1.0,0.0,0.0,3.0,6.0,7.0,1977.0,1977.0,153.0,2.0,2.0,1.0,2.0,3.0,0.0,378.0,5.0,0.0,311.0,689.0,0.0,689.0,703.0,0.0,1392.0,3.0,1.0,2.0,6.0,0.0,0.0,5.0,1.5,1977.0,0.0,1.0,299.0,2.0,2.0,0.0,0.0,36.0,0.0,0.0,0.0,0.0,4.0,1.0,450.0,3.0,2010.0,161750.0,1.0,0.0,1.0,1.0,0.0,0.0,1.0,0.0,0.8356164383561644,0.8678082191780822,0.8205479452054795,0.2047945205479452,0.7883561643835616,0.10273972602739725,0.863013698630137,0.9897260273972602,0.03219178082191781,0.7815068493150685,0.9821917808219178,0.15205479452054796,0.14178082191780822,0.43424657534246575,0.9780821917808219,0.914324880054832,0.630891950688905
216,72.0,10011.0,1.0,0.0,0.0,0.0,5.0,6.0,1957.0,1996.0,64.0,2.0,2.0,2.0,2.0,3.0,2.0,360.0,5.0,0.0,710.0,1070.0,2.0,1236.0,0.0,0.0,1236.0,2.0,1.0,1.0,6.0,1.0,1.0,3.0,1.5,1957.0,2.0,1.0,447.0,2.0,2.0,0.0,0.0,0.0,0.0,0.0,0.0,0.0,4.0,1.0,0.0,5.0,2006.0,134450.0,1.0,0.0,1.0,1.0,0.0,0.0,0.0,0.0,0.8356164383561644,0.8678082191780822,0.8205479452054795,0.36712328767123287,0.7883561643835616,0.1541095890410959,0.863013698630137,0.9897260273972602,0.7205479452054795,0.7815068493150685,0.9821917808219178,0.15205479452054796,0.14178082191780822,0.43424657534246575,0.9780821917808219,0.914324880054832,0.630891950688905
217,65.0,8450.0,0.0,0.0,0.0,0.0,7.0,5.0,2004.0,2004.0,266.0,1.0,2.0,1.0,2.0,2.0,0.0,946.0,5.0,0.0,490.0,1436.0,0.0,1436.0,0.0,0.0,1436.0,3.0,1.0,1.0,8.0,0.0,0.0,5.0,3.0,2004.0,2.0,2.0,484.0,2.0,2.0,0.0,139.0,98.0,0.0,0.0,0.0,0.0,4.0,4.0,0.0,4.0,2008.0,210000.0,1.0,0.0,1.0,1.0,0.0,0.0,0.0,0.0,0.8356164383561644,0.8678082191780822,0.8205479452054795,0.36712328767123287,0.7883561643835616,0.10273972602739725,0.863013698630137,0.9897260273972602,0.7205479452054795,0.7815068493150685,0.9821917808219178,0.3527397260273973,0.3452054794520548,0.44315068493150683,0.9780821917808219,0.914324880054832,0.630891950688905
218,57.0,9906.0,0.0,0.0,0.0,3.0,4.0,4.0,1925.0,1950.0,0.0,2.0,2.0,2.0,2.0,3.0,5.0,0.0,5.0,0.0,686.0,686.0,3.0,810.0,518.0,0.0,1328.0,3.0,1.0,2.0,8.0,0.0,0.0,5.0,1.0,1940.0,2.0,1.0,210.0,2.0,2.0,0.0,0.0,172.0,60.0,0.0,0.0,0.0,4.0,4.0,0.0,9.0,2006.0,107000.0,1.0,0.0,0.0,0.0,0.0,0.0,0.0,0.0,0.8356164383561644,0.8678082191780822,0.0136986301369863,0.0410958904109589,0.14931506849315068,0.0773972602739726,0.863013698630137,0.9897260273972602,0.7205479452054795,0.7815068493150685,0.9821917808219178,0.1506849315068493,0.14657534246575343,0.43424657534246575,0.9780821917808219,0.914324880054832,0.28063814358230604
219,98.4,15660.0,1.0,0.0,0.0,1.0,7.0,9.0,1939.0,2006.0,312.0,1.0,1.0,2.0,2.0,3.0,2.0,341.0,5.0,0.0,457.0,798.0,0.0,1137.0,817.0,0.0,1954.0,3.0,1.0,1.0,8.0,0.0,2.0,2.0,2.0,1939.0,2.0,2.0,431.0,2.0,2.0,0.0,0.0,119.0,150.0,0.0,0.0,0.0,4.0,4.0,0.0,5.0,2008.0,311500.0,1.0,0.0,1.0,1.0,0.0,0.0,0.0,0.0,0.8356164383561644,0.8678082191780822,0.8205479452054795,0.09863013698630137,0.7883561643835616,0.03493150684931507,0.863013698630137,0.9897260273972602,0.18013698630136987,0.7815068493150685,0.9821917808219178,0.3527397260273973,0.3452054794520548,0.43424657534246575,0.9780821917808219,0.914324880054832,0.630891950688905
220,43.0,3010.0,0.0,0.0,0.0,0.0,7.0,5.0,2005.0,2006.0,16.0,1.0,2.0,1.0,2.0,1.0,0.0,16.0,5.0,0.0,1232.0,1248.0,0.0,1248.0,0.0,0.0,1248.0,2.0,1.0,1.0,5.0,0.0,0.0,5.0,2.0,2005.0,0.0,2.0,438.0,2.0,2.0,0.0,108.0,0.0,0.0,0.0,0.0,0.0,4.0,4.0,0.0,3.0,2006.0,167240.0,1.0,0.0,1.0,1.0,0.0,0.0,0.0,0.0,0.07808219178082192,0.08356164383561644,0.08561643835616438,0.05958904109589041,0.7883561643835616,0.011643835616438357,0.863013698630137,0.9897260273972602,0.7205479452054795,0.7815068493150685,0.9821917808219178,0.3527397260273973,0.3452054794520548,0.44315068493150683,0.9780821917808219,0.914324880054832,0.630891950688905
221,73.0,8990.0,1.0,0.0,0.0,0.0,7.0,5.0,2006.0,2006.0,0.0,1.0,2.0,1.0,2.0,2.0,5.0,0.0,5.0,0.0,1498.0,1498.0,0.0,1498.0,0.0,0.0,1498.0,2.0,1.0,1.0,5.0,0.0,0.0,5.0,2.0,2006.0,1.0,2.0,675.0,2.0,2.0,0.0,351.0,33.0,0.0,0.0,0.0,0.0,4.0,4.0,0.0,4.0,2006.0,204900.0,1.0,0.0,1.0,0.0,0.0,0.0,0.0,0.0,0.8356164383561644,0.08356164383561644,0.08561643835616438,0.36712328767123287,0.7883561643835616,0.10273972602739725,0.863013698630137,0.9897260273972602,0.7205479452054795,0.7815068493150685,0.9821917808219178,0.3527397260273973,0.3452054794520548,0.44315068493150683,0.9780821917808219,0.914324880054832,0.630891950688905
222,67.4,8068.0,1.0,0.0,0.0,3.0,6.0,5.0,2002.0,2002.0,0.0,1.0,2.0,1.0,2.0,3.0,5.0,0.0,5.0,0.0,1010.0,1010.0,0.0,1010.0,1257.0,0.0,2267.0,4.0,1.0,1.0,8.0,0.0,1.0,2.0,2.5,2002.0,1.0,2.0,390.0,2.0,2.0,0.0,120.0,46.0,0.0,0.0,0.0,0.0,4.0,4.0,0.0,12.0,2009.0,200000.0,1.0,0.0,1.0,0.0,0.0,0.0,0.0,0.0,0.8356164383561644,0.003424657534246575,0.8205479452054795,0.2047945205479452,0.7883561643835616,0.05410958904109589,0.863013698630137,0.9897260273972602,0.7205479452054795,0.7815068493150685,0.9821917808219178,0.3527397260273973,0.3452054794520548,0.44315068493150683,0.9780821917808219,0.914324880054832,0.06381435823060189
223,85.0,11475.0,0.0,0.0,0.0,3.0,6.0,6.0,1975.0,1975.0,0.0,2.0,2.0,1.0,2.0,3.0,1.0,550.0,5.0,0.0,163.0,713.0,2.0,811.0,741.0,0.0,1552.0,3.0,1.0,2.0,6.0,0.0,1.0,2.0,3.5,1975.0,1.0,2.0,434.0,2.0,2.0,0.0,209.0,208.0,0.0,0.0,0.0,0.0,4.0,1.0,0.0,2.0,2006.0,179900.0,1.0,0.0,1.0,0.0,0.0,0.0,0.0,0.0,0.8356164383561644,0.8678082191780822,0.8205479452054795,0.2047945205479452,0.7883561643835616,0.05,0.01780821917808219,0.9897260273972602,0.7205479452054795,0.7815068493150685,0.9821917808219178,0.3527397260273973,0.3452054794520548,0.43424657534246575,0.9780821917808219,0.914324880054832,0.630891950688905
224,70.0,10500.0,0.0,0.0,0.0,0.0,4.0,6.0,1971.0,1971.0,0.0,2.0,2.0,2.0,2.0,3.0,1.0,524.0,4.0,180.0,160.0,864.0,1.0,864.0,0.0,0.0,864.0,2.0,1.0,2.0,4.0,0.0,0.0,5.0,1.0,1989.0,2.0,2.0,576.0,2.0,2.0,0.0,216.0,0.0,0.0,0.0,0.0,0.0,4.0,4.0,0.0,3.0,2009.0,97000.0,1.0,0.0,1.0,0.0,0.0,0.0,0.0,0.0,0.8356164383561644,0.8678082191780822,0.06917808219178082,0.36712328767123287,0.7883561643835616,0.1541095890410959,0.863013698630137,0.9897260273972602,0.03219178082191781,0.7815068493150685,0.9821917808219178,0.15205479452054796,0.14178082191780822,0.43424657534246575,0.9780821917808219,0.914324880054832,0.28063814358230604
225,103.0,13472.0,0.0,0.0,0.0,0.0,10.0,5.0,2003.0,2003.0,922.0,0.0,2.0,0.0,2.0,0.0,0.0,56.0,5.0,0.0,2336.0,2392.0,0.0,2392.0,0.0,0.0,2392.0,3.0,1.0,0.0,8.0,0.0,1.0,0.0,2.0,2003.0,0.0,3.0,968.0,2.0,2.0,0.0,248.0,105.0,0.0,0.0,0.0,0.0,4.0,4.0,0.0,6.0,2009.0,386250.0,1.0,0.0,1.0,1.0,0.0,0.0,0.0,0.0,0.8356164383561644,0.8678082191780822,0.8205479452054795,0.36712328767123287,0.7883561643835616,0.05273972602739726,0.863013698630137,0.9897260273972602,0.7205479452054795,0.1958904109589041,0.9821917808219178,0.3527397260273973,0.3452054794520548,0.44315068493150683,0.9780821917808219,0.914324880054832,0.630891950688905
226,21.0,1680.0,0.0,0.0,0.0,3.0,5.0,5.0,1971.0,1971.0,142.0,2.0,2.0,2.0,2.0,3.0,5.0,0.0,5.0,0.0,630.0,630.0,2.0,630.0,672.0,0.0,1302.0,3.0,1.0,2.0,6.0,0.0,0.0,5.0,2.5,1991.0,2.0,1.0,280.0,2.0,2.0,0.0,0.0,0.0,0.0,0.0,0.0,0.0,4.0,4.0,0.0,5.0,2009.0,112000.0,1.0,0.0,1.0,1.0,0.0,0.0,0.0,0.0,0.02945205479452055,0.02945205479452055,0.06917808219178082,0.04315068493150685,0.14931506849315068,0.010958904109589041,0.863013698630137,0.9897260273972602,0.7205479452054795,0.7815068493150685,0.9821917808219178,0.15205479452054796,0.14178082191780822,0.43424657534246575,0.9780821917808219,0.914324880054832,0.28063814358230604
227,82.0,9950.0,1.0,0.0,0.0,3.0,7.0,5.0,1995.0,1995.0,290.0,1.0,2.0,1.0,2.0,3.0,0.0,565.0,5.0,0.0,638.0,1203.0,0.0,1214.0,1306.0,0.0,2520.0,4.0,1.0,1.0,9.0,0.0,1.0,2.0,2.5,1995.0,1.0,3.0,721.0,2.0,2.0,0.0,224.0,114.0,0.0,0.0,0.0,0.0,4.0,4.0,0.0,6.0,2007.0,290000.0,1.0,0.0,1.0,1.0,0.0,0.0,0.0,0.0,0.8356164383561644,0.8678082191780822,0.06917808219178082,0.2047945205479452,0.7883561643835616,0.028082191780821917,0.863013698630137,0.9897260273972602,0.7205479452054795,0.7815068493150685,0.9821917808219178,0.3527397260273973,0.3452054794520548,0.44315068493150683,0.9780821917808219,0.914324880054832,0.630891950688905
228,21.0,1869.0,0.0,0.0,0.0,3.0,6.0,6.0,1970.0,1970.0,127.0,2.0,2.0,2.0,2.0,3.0,3.0,321.0,5.0,0.0,162.0,483.0,2.0,483.0,504.0,0.0,987.0,2.0,1.0,2.0,5.0,0.0,0.0,5.0,1.5,1987.0,2.0,1.0,280.0,2.0,2.0,0.0,0.0,0.0,0.0,0.0,0.0,0.0,4.0,4.0,0.0,9.0,2008.0,106000.0,1.0,0.0,1.0,1.0,0.0,0.0,0.0,0.0,0.02945205479452055,0.8678082191780822,0.8205479452054795,0.04315068493150685,0.14931506849315068,0.010958904109589041,0.863013698630137,0.9897260273972602,0.7205479452054795,0.7815068493150685,0.9821917808219178,0.15205479452054796,0.14178082191780822,0.43424657534246575,0.9780821917808219,0.914324880054832,0.28063814358230604
229,70.0,8521.0,0.0,0.0,0.0,0.0,5.0,5.0,1967.0,1967.0,0.0,2.0,2.0,2.0,2.0,3.0,1.0,842.0,5.0,0.0,70.0,912.0,2.0,912.0,0.0,0.0,912.0,3.0,1.0,2.0,5.0,0.0,1.0,3.0,1.0,1974.0,2.0,1.0,336.0,2.0,2.0,0.0,0.0,0.0,0.0,0.0,0.0,0.0,4.0,1.0,0.0,5.0,2010.0,125000.0,1.0,0.0,1.0,0.0,0.0,0.0,0.0,0.0,0.8356164383561644,0.8678082191780822,0.8205479452054795,0.36712328767123287,0.7883561643835616,0.050684931506849315,0.05547945205479452,0.9897260273972602,0.03219178082191781,0.7815068493150685,0.9821917808219178,0.15205479452054796,0.14178082191780822,0.43424657534246575,0.9780821917808219,0.914324880054832,0.28063814358230604
230,43.0,3182.0,0.0,0.0,0.0,0.0,7.0,5.0,2005.0,2006.0,16.0,1.0,2.0,1.0,2.0,1.0,0.0,16.0,5.0,0.0,1357.0,1373.0,0.0,1555.0,0.0,0.0,1555.0,2.0,1.0,1.0,7.0,0.0,1.0,2.0,2.0,2005.0,0.0,2.0,430.0,2.0,2.0,0.0,143.0,20.0,0.0,0.0,0.0,0.0,4.0,4.0,0.0,5.0,2009.0,192500.0,1.0,0.0,1.0,1.0,0.0,0.0,0.0,0.0,0.07808219178082192,0.8678082191780822,0.8205479452054795,0.05958904109589041,0.7883561643835616,0.011643835616438357,0.863013698630137,0.9897260273972602,0.7205479452054795,0.7815068493150685,0.9821917808219178,0.3527397260273973,0.3452054794520548,0.44315068493150683,0.9780821917808219,0.914324880054832,0.630891950688905
231,73.0,8760.0,0.0,0.0,0.0,0.0,6.0,6.0,1959.0,1959.0,220.0,2.0,2.0,2.0,2.0,3.0,5.0,0.0,5.0,0.0,1194.0,1194.0,2.0,1194.0,0.0,0.0,1194.0,3.0,1.0,2.0,6.0,0.0,0.0,5.0,2.0,1959.0,1.0,1.0,312.0,2.0,2.0,0.0,0.0,0.0,120.0,0.0,0.0,0.0,4.0,4.0,0.0,4.0,2010.0,148000.0,1.0,0.0,1.0,1.0,0.0,0.0,0.0,0.0,0.8356164383561644,0.8678082191780822,0.8205479452054795,0.36712328767123287,0.7883561643835616,0.1541095890410959,0.863013698630137,0.9897260273972602,0.7205479452054795,0.1958904109589041,0.9821917808219178,0.1506849315068493,0.14657534246575343,0.43424657534246575,0.9780821917808219,0.914324880054832,0.630891950688905
232,174.0,15138.0,1.0,0.0,0.0,3.0,8.0,5.0,1995.0,1996.0,506.0,1.0,2.0,1.0,2.0,3.0,0.0,689.0,5.0,0.0,773.0,1462.0,0.0,1490.0,1304.0,0.0,2794.0,4.0,1.0,0.0,9.0,0.0,1.0,2.0,3.5,1995.0,0.0,3.0,810.0,2.0,2.0,0.0,0.0,146.0,202.0,0.0,0.0,0.0,4.0,4.0,0.0,7.0,2009.0,403000.0,1.0,0.0,1.0,1.0,0.0,0.0,0.0,0.0,0.8356164383561644,0.8678082191780822,0.8205479452054795,0.2047945205479452,0.7883561643835616,0.028082191780821917,0.863013698630137,0.9897260273972602,0.7205479452054795,0.7815068493150685,0.9821917808219178,0.3527397260273973,0.3452054794520548,0.44315068493150683,0.9780821917808219,0.914324880054832,0.630891950688905
233,21.0,1680.0,0.0,0.0,0.0,3.0,6.0,5.0,1972.0,1972.0,297.0,2.0,2.0,2.0,2.0,3.0,5.0,0.0,5.0,0.0,483.0,483.0,2.0,483.0,504.0,0.0,987.0,2.0,1.0,2.0,5.0,0.0,1.0,4.0,1.5,1972.0,2.0,1.0,288.0,2.0,2.0,0.0,0.0,0.0,0.0,0.0,0.0,0.0,4.0,4.0,0.0,6.0,2006.0,94500.0,1.0,0.0,1.0,1.0,0.0,0.0,0.0,0.0,0.02945205479452055,0.8678082191780822,0.8205479452054795,0.04315068493150685,0.14931506849315068,0.010958904109589041,0.863013698630137,0.9897260273972602,0.7205479452054795,0.7815068493150685,0.9821917808219178,0.15205479452054796,0.14178082191780822,0.43424657534246575,0.9780821917808219,0.914324880054832,0.630891950688905
234,75.0,10650.0,0.0,0.0,0.0,0.0,5.0,6.0,1976.0,1976.0,0.0,2.0,2.0,2.0,1.0,1.0,4.0,182.0,1.0,712.0,0.0,894.0,2.0,894.0,0.0,0.0,894.0,3.0,1.0,2.0,5.0,0.0,0.0,5.0,2.0,1976.0,2.0,1.0,308.0,2.0,2.0,0.0,365.0,0.0,0.0,0.0,0.0,0.0,4.0,1.0,0.0,2.0,2010.0,128200.0,1.0,0.0,1.0,0.0,0.0,0.0,0.0,0.0,0.8356164383561644,0.8678082191780822,0.8205479452054795,0.36712328767123287,0.7883561643835616,0.10273972602739725,0.863013698630137,0.9897260273972602,0.18013698630136987,0.7815068493150685,0.9821917808219178,0.15205479452054796,0.14178082191780822,0.43424657534246575,0.9780821917808219,0.914324880054832,0.630891950688905
235,73.2,7851.0,0.0,0.0,0.0,3.0,6.0,5.0,2002.0,2002.0,84.6,1.0,2.0,1.0,2.0,3.0,0.0,625.0,5.0,0.0,235.0,860.0,0.0,860.0,1100.0,0.0,1960.0,4.0,1.0,1.0,8.0,0.0,2.0,2.0,3.5,2002.0,0.0,2.0,440.0,2.0,2.0,0.0,288.0,48.0,0.0,0.0,0.0,0.0,4.0,4.0,0.0,5.0,2010.0,216500.0,1.0,0.0,1.0,0.0,0.0,0.0,0.0,0.0,0.8356164383561644,0.8678082191780822,0.8205479452054795,0.2047945205479452,0.7883561643835616,0.05410958904109589,0.863013698630137,0.9897260273972602,0.7205479452054795,0.7815068493150685,0.9821917808219178,0.3527397260273973,0.3452054794520548,0.44315068493150683,0.9780821917808219,0.914324880054832,0.06381435823060189
236,21.0,1680.0,0.0,0.0,0.0,3.0,6.0,3.0,1971.0,1971.0,604.0,2.0,2.0,2.0,2.0,3.0,1.0,358.0,5.0,0.0,125.0,483.0,2.0,483.0,504.0,0.0,987.0,2.0,1.0,2.0,5.0,0.0,0.0,5.0,1.5,1971.0,2.0,1.0,264.0,2.0,2.0,0.0,0.0,0.0,0.0,0.0,0.0,0.0,4.0,4.0,0.0,8.0,2008.0,89500.0,1.0,0.0,1.0,1.0,0.0,0.0,0.0,0.0,0.07808219178082192,0.8678082191780822,0.8205479452054795,0.04315068493150685,0.14931506849315068,0.010958904109589041,0.863013698630137,0.9897260273972602,0.7205479452054795,0.7815068493150685,0.9821917808219178,0.15205479452054796,0.14178082191780822,0.43424657534246575,0.9780821917808219,0.914324880054832,0.28063814358230604
237,65.0,8773.0,0.0,0.0,0.0,0.0,7.0,5.0,2004.0,2004.0,98.0,1.0,2.0,1.0,2.0,1.0,0.0,24.0,5.0,0.0,1390.0,1414.0,0.0,1414.0,0.0,0.0,1414.0,3.0,1.0,1.0,6.0,0.0,0.0,5.0,2.0,2004.0,1.0,2.0,494.0,2.0,2.0,0.0,132.0,105.0,0.0,0.0,0.0,0.0,4.0,4.0,0.0,5.0,2010.0,185500.0,1.0,0.0,1.0,1.0,0.0,0.0,0.0,0.0,0.8356164383561644,0.8678082191780822,0.8205479452054795,0.36712328767123287,0.7883561643835616,0.10273972602739725,0.863013698630137,0.9897260273972602,0.03219178082191781,0.7815068493150685,0.9821917808219178,0.3527397260273973,0.3452054794520548,0.44315068493150683,0.9780821917808219,0.914324880054832,0.630891950688905
238,67.2,9453.0,1.0,0.0,0.0,3.0,7.0,7.0,1993.0,2003.0,0.0,1.0,2.0,1.0,2.0,3.0,2.0,402.0,5.0,0.0,594.0,996.0,0.0,1014.0,730.0,0.0,1744.0,3.0,1.0,1.0,7.0,0.0,0.0,5.0,2.5,1993.0,1.0,2.0,457.0,2.0,2.0,0.0,370.0,70.0,0.0,238.0,0.0,0.0,4.0,4.0,0.0,2.0,2010.0,194500.0,1.0,0.0,1.0,0.0,0.0,0.0,0.0,0.0,0.8356164383561644,0.8678082191780822,0.8205479452054795,0.2047945205479452,0.7883561643835616,0.04041095890410959,0.0013698630136986301,0.9897260273972602,0.06438356164383562,0.7815068493150685,0.9821917808219178,0.15205479452054796,0.14178082191780822,0.44315068493150683,0.9780821917808219,0.914324880054832,0.630891950688905
239,93.0,12030.0,0.0,0.0,0.0,0.0,8.0,5.0,2007.0,2007.0,254.0,0.0,2.0,0.0,2.0,3.0,5.0,0.0,5.0,0.0,1694.0,1694.0,0.0,1694.0,0.0,0.0,1694.0,3.0,1.0,1.0,7.0,0.0,0.0,5.0,2.0,2007.0,0.0,3.0,818.0,2.0,2.0,0.0,168.0,228.0,0.0,0.0,0.0,0.0,4.0,4.0,0.0,12.0,2007.0,318000.0,1.0,0.0,1.0,1.0,0.0,0.0,0.0,0.0,0.8356164383561644,0.08356164383561644,0.08561643835616438,0.36712328767123287,0.7883561643835616,0.05273972602739726,0.863013698630137,0.9897260273972602,0.7205479452054795,0.1958904109589041,0.9821917808219178,0.3527397260273973,0.3452054794520548,0.44315068493150683,0.9780821917808219,0.914324880054832,0.630891950688905
240,52.0,8741.0,0.0,0.0,0.0,1.0,6.0,4.0,1945.0,1950.0,0.0,2.0,2.0,2.0,3.0,3.0,4.0,94.0,5.0,0.0,641.0,735.0,2.0,798.0,689.0,0.0,1487.0,3.0,1.0,2.0,7.0,0.0,1.0,1.0,1.5,1949.0,2.0,1.0,220.0,2.0,2.0,0.0,0.0,140.0,0.0,0.0,0.0,0.0,4.0,1.0,0.0,4.0,2010.0,113000.0,1.0,0.0,1.0,0.0,0.0,0.0,0.0,0.0,0.8356164383561644,0.8678082191780822,0.8205479452054795,0.09863013698630137,0.7883561643835616,0.0684931506849315,0.863013698630137,0.9897260273972602,0.7205479452054795,0.7815068493150685,0.9821917808219178,0.3527397260273973,0.3452054794520548,0.43424657534246575,0.9780821917808219,0.06442769019876628,0.28063814358230604
241,75.0,9000.0,0.0,0.0,0.0,0.0,8.0,5.0,2008.0,2008.0,36.0,1.0,2.0,1.0,2.0,1.0,0.0,1078.0,5.0,0.0,488.0,1566.0,0.0,1566.0,0.0,0.0,1566.0,3.0,1.0,1.0,7.0,0.0,0.0,5.0,3.0,2008.0,1.0,2.0,750.0,2.0,2.0,0.0,144.0,168.0,0.0,0.0,0.0,0.0,4.0,4.0,0.0,4.0,2010.0,262500.0,1.0,0.0,1.0,0.0,1.0,0.0,0.0,0.0,0.8356164383561644,0.8678082191780822,0.8205479452054795,0.36712328767123287,0.04452054794520548,0.0589041095890411,0.863013698630137,0.9897260273972602,0.7205479452054795,0.7815068493150685,0.9821917808219178,0.3527397260273973,0.3452054794520548,0.44315068493150683,0.9780821917808219,0.914324880054832,0.630891950688905
242,40.0,3880.0,0.0,0.0,0.0,0.0,5.0,9.0,1945.0,1997.0,0.0,2.0,1.0,2.0,2.0,3.0,1.0,329.0,5.0,0.0,357.0,686.0,1.0,866.0,0.0,0.0,866.0,2.0,1.0,1.0,4.0,0.0,0.0,5.0,1.0,1956.2,3.0,0.0,0.0,5.0,5.0,0.0,58.0,42.0,0.0,0.0,0.0,0.0,4.0,4.0,0.0,8.0,2007.0,110500.0,1.0,0.0,1.0,0.0,0.0,0.0,0.0,0.0,0.8356164383561644,0.8678082191780822,0.8205479452054795,0.04726027397260274,0.14931506849315068,0.0773972602739726,0.863013698630137,0.9897260273972602,0.7205479452054795,0.7815068493150685,0.9821917808219178,0.3527397260273973,0.3452054794520548,0.43424657534246575,0.9780821917808219,0.914324880054832,0.28063814358230604
243,63.0,5000.0,0.0,0.0,0.0,1.0,5.0,4.0,1900.0,1950.0,0.0,2.0,2.0,2.0,2.0,3.0,5.0,0.0,5.0,0.0,540.0,540.0,1.0,889.0,551.0,0.0,1440.0,3.0,1.0,2.0,6.0,0.0,0.0,5.0,1.0,1940.0,2.0,1.0,352.0,3.0,2.0,0.0,0.0,0.0,77.0,0.0,0.0,0.0,4.0,4.0,0.0,4.0,2006.0,79000.0,1.0,0.0,0.0,0.0,0.0,0.0,0.0,0.0,0.8356164383561644,0.8678082191780822,0.8205479452054795,0.09863013698630137,0.14931506849315068,0.0773972602739726,0.863013698630137,0.9897260273972602,0.18013698630136987,0.7815068493150685,0.9821917808219178,0.1410958904109589,0.13493150684931507,0.1,0.9780821917808219,0.06442769019876628,0.630891950688905
244,75.0,10762.0,0.0,0.0,0.0,3.0,6.0,6.0,1980.0,1980.0,0.0,2.0,2.0,1.0,2.0,3.0,5.0,0.0,5.0,0.0,626.0,626.0,2.0,626.0,591.0,0.0,1217.0,3.0,1.0,2.0,6.0,0.0,1.0,2.0,1.5,1980.0,1.0,1.0,288.0,2.0,2.0,0.0,0.0,28.0,0.0,0.0,0.0,0.0,4.0,4.0,0.0,4.0,2009.0,120000.0,1.0,0.0,1.0,0.0,0.0,0.0,0.0,0.0,0.07808219178082192,0.8678082191780822,0.8205479452054795,0.04315068493150685,0.7883561643835616,0.04041095890410959,0.863013698630137,0.9897260273972602,0.18013698630136987,0.7815068493150685,0.9821917808219178,0.07397260273972603,0.09726027397260274,0.43424657534246575,0.9780821917808219,0.914324880054832,0.630891950688905
245,68.4,8880.0,1.0,0.0,0.0,3.0,7.0,5.0,1994.0,2002.0,0.0,1.0,2.0,1.0,2.0,3.0,0.0,695.0,5.0,0.0,253.0,948.0,0.0,1222.0,888.0,0.0,2110.0,3.0,1.0,1.0,8.0,0.0,2.0,3.0,3.5,1994.0,1.0,2.0,463.0,2.0,2.0,0.0,0.0,130.0,0.0,0.0,0.0,0.0,4.0,4.0,0.0,5.0,2010.0,205000.0,1.0,0.0,1.0,0.0,0.0,0.0,0.0,0.0,0.8356164383561644,0.8678082191780822,0.8205479452054795,0.2047945205479452,0.7883561643835616,0.04041095890410959,0.863013698630137,0.9897260273972602,0.7205479452054795,0.7815068493150685,0.9821917808219178,0.3527397260273973,0.3452054794520548,0.44315068493150683,0.9780821917808219,0.914324880054832,0.630891950688905
246,80.0,10400.0,0.0,0.0,0.0,0.0,7.0,5.0,1988.0,1988.0,102.0,2.0,2.0,1.0,2.0,1.0,0.0,929.0,5.0,0.0,916.0,1845.0,1.0,1872.0,0.0,0.0,1872.0,3.0,1.0,2.0,6.0,0.0,1.0,2.0,2.5,1988.0,0.0,2.0,604.0,2.0,2.0,0.0,197.0,39.0,0.0,0.0,0.0,0.0,4.0,4.0,0.0,6.0,2006.0,241500.0,1.0,0.0,1.0,1.0,0.0,0.0,0.0,0.0,0.8356164383561644,0.8678082191780822,0.8205479452054795,0.36712328767123287,0.7883561643835616,0.05,0.863013698630137,0.9897260273972602,0.7205479452054795,0.7815068493150685,0.9821917808219178,0.1410958904109589,0.13493150684931507,0.43424657534246575,0.9780821917808219,0.914324880054832,0.630891950688905
247,69.0,9142.0,0.0,0.0,0.0,3.0,6.0,8.0,1910.0,1950.0,0.0,2.0,3.0,3.0,2.0,3.0,5.0,0.0,5.0,0.0,1020.0,1020.0,1.0,908.0,1020.0,0.0,1928.0,4.0,2.0,3.0,9.0,0.0,0.0,5.0,2.0,1910.0,2.0,1.0,440.0,4.0,4.0,0.0,0.0,60.0,112.0,0.0,0.0,0.0,4.0,4.0,0.0,4.0,2006.0,137000.0,1.0,0.0,0.0,0.0,0.0,0.0,0.0,0.0,0.021232876712328767,0.8678082191780822,0.8205479452054795,0.02054794520547945,0.14931506849315068,0.0773972602739726,0.863013698630137,0.9897260273972602,0.7205479452054795,0.7815068493150685,0.9821917808219178,0.0136986301369863,0.0136986301369863,0.00410958904109589,0.9780821917808219,0.00205620287868403,0.28063814358230604
248,75.0,11310.0,0.0,0.0,0.0,0.0,6.0,5.0,1954.0,1954.0,0.0,2.0,2.0,2.0,2.0,3.0,5.0,0.0,5.0,0.0,1367.0,1367.0,0.0,1375.0,0.0,0.0,1375.0,2.0,1.0,2.0,5.0,0.0,1.0,2.0,1.0,1954.0,2.0,2.0,451.0,2.0,2.0,0.0,0.0,30.0,0.0,0.0,0.0,0.0,4.0,4.0,0.0,6.0,2006.0,140000.0,1.0,0.0,1.0,0.0,0.0,0.0,0.0,0.0,0.8356164383561644,0.8678082191780822,0.8205479452054795,0.36712328767123287,0.7883561643835616,0.1541095890410959,0.863013698630137,0.9897260273972602,0.7205479452054795,0.1958904109589041,0.9821917808219178,0.1410958904109589,0.017123287671232876,0.43424657534246575,0.9780821917808219,0.914324880054832,0.630891950688905
249,72.0,11317.0,0.0,0.0,0.0,3.0,7.0,5.0,2003.0,2003.0,101.0,1.0,2.0,1.0,2.0,3.0,5.0,0.0,5.0,0.0,840.0,840.0,0.0,840.0,828.0,0.0,1668.0,3.0,1.0,1.0,8.0,0.0,0.0,5.0,2.5,2003.0,1.0,2.0,500.0,2.0,2.0,0.0,144.0,68.0,0.0,0.0,0.0,0.0,4.0,4.0,0.0,9.0,2007.0,180000.0,1.0,0.0,1.0,1.0,0.0,0.0,0.0,0.0,0.8356164383561644,0.8678082191780822,0.8205479452054795,0.2047945205479452,0.7883561643835616,0.10273972602739725,0.863013698630137,0.9897260273972602,0.7205479452054795,0.7815068493150685,0.9821917808219178,0.3527397260273973,0.3452054794520548,0.44315068493150683,0.9780821917808219,0.914324880054832,0.630891950688905
250,105.6,159000.0,2.0,3.0,2.0,1.0,6.0,7.0,1958.0,2006.0,472.0,1.0,2.0,1.0,2.0,0.0,3.0,697.0,5.0,0.0,747.0,1444.0,1.0,1444.0,700.0,0.0,2144.0,4.0,1.0,1.0,7.0,0.0,2.0,2.0,2.5,1958.0,0.0,2.0,389.0,2.0,2.0,0.0,0.0,98.0,0.0,0.0,0.0,0.0,4.0,4.0,500.0,6.0,2007.0,277000.0,1.0,0.0,1.0,0.0,0.0,0.0,1.0,0.0,0.8356164383561644,0.8678082191780822,0.8205479452054795,0.09863013698630137,0.7883561643835616,0.019178082191780823,0.863013698630137,0.9897260273972602,0.06438356164383562,0.7815068493150685,0.9821917808219178,0.1410958904109589,0.14178082191780822,0.43424657534246575,0.9780821917808219,0.914324880054832,0.630891950688905
251,55.0,5350.0,1.0,0.0,0.0,0.0,3.0,2.0,1940.0,1966.0,0.0,2.0,4.0,2.0,2.0,3.0,5.0,0.0,5.0,0.0,728.0,728.0,0.0,1306.0,0.0,0.0,1306.0,3.0,1.0,3.0,6.0,3.0,0.0,5.0,1.0,1944.6,3.0,0.0,0.0,5.0,5.0,0.0,263.0,0.0,0.0,0.0,0.0,0.0,4.0,2.0,450.0,5.0,2010.0,76500.0,1.0,0.0,1.0,0.0,0.0,0.0,1.0,0.0,0.8356164383561644,0.8678082191780822,0.8205479452054795,0.04726027397260274,0.7883561643835616,0.03972602739726028,0.863013698630137,0.9897260273972602,0.7205479452054795,0.7815068493150685,0.9821917808219178,0.1410958904109589,0.09726027397260274,0.43424657534246575,0.9780821917808219,0.914324880054832,0.42073966642494565
252,44.0,4750.0,1.0,2.0,1.0,0.0,8.0,5.0,2006.0,2007.0,481.0,1.0,2.0,1.0,2.0,0.0,0.0,1573.0,5.0,0.0,0.0,1573.0,0.0,1625.0,0.0,0.0,1625.0,2.0,1.0,1.0,5.0,0.0,1.0,1.0,3.5,2006.0,0.0,2.0,538.0,2.0,2.0,0.0,123.0,0.0,0.0,0.0,153.0,0.0,4.0,4.0,0.0,12.0,2007.0,235000.0,1.0,0.0,1.0,0.0,1.0,0.0,0.0,0.0,0.07808219178082192,0.8678082191780822,0.0136986301369863,0.05958904109589041,0.14931506849315068,0.03493150684931507,0.863013698630137,0.9897260273972602,0.7205479452054795,0.1958904109589041,0.9821917808219178,0.3527397260273973,0.3452054794520548,0.44315068493150683,0.9780821917808219,0.914324880054832,0.630891950688905
253,65.0,8366.0,1.0,0.0,0.0,3.0,6.0,5.0,2004.0,2004.0,0.0,1.0,2.0,1.0,2.0,3.0,5.0,0.0,5.0,0.0,798.0,798.0,0.0,798.0,842.0,0.0,1640.0,3.0,1.0,1.0,6.0,0.0,0.0,5.0,2.5,2004.0,1.0,2.0,520.0,2.0,2.0,0.0,138.0,45.0,0.0,0.0,0.0,0.0,4.0,4.0,0.0,12.0,2008.0,173000.0,1.0,0.0,1.0,0.0,0.0,0.0,0.0,0.0,0.8356164383561644,0.8678082191780822,0.8205479452054795,0.2047945205479452,0.7883561643835616,0.04041095890410959,0.863013698630137,0.9897260273972602,0.7205479452054795,0.7815068493150685,0.9821917808219178,0.3527397260273973,0.3452054794520548,0.44315068493150683,0.9780821917808219,0.914324880054832,0.630891950688905
254,85.0,9350.0,0.0,0.0,0.0,7.0,6.0,7.0,1964.0,1991.0,108.0,2.0,2.0,1.0,2.0,0.0,4.0,270.0,1.0,580.0,452.0,1302.0,0.0,1302.0,0.0,0.0,1302.0,3.0,1.0,1.0,7.0,1.0,0.0,5.0,2.5,1964.0,1.0,1.0,309.0,2.0,2.0,0.0,333.0,0.0,0.0,0.0,0.0,0.0,4.0,1.0,0.0,10.0,2007.0,158000.0,1.0,0.0,1.0,1.0,0.0,0.0,0.0,0.0,0.8356164383561644,0.0027397260273972603,0.8205479452054795,0.03972602739726028,0.7883561643835616,0.1541095890410959,0.863013698630137,0.9897260273972602,0.7205479452054795,0.1958904109589041,0.9821917808219178,0.15205479452054796,0.14178082191780822,0.43424657534246575,0.9780821917808219,0.914324880054832,0.630891950688905
255,70.0,8400.0,0.0,0.0,0.0,0.0,5.0,6.0,1957.0,1957.0,0.0,2.0,1.0,2.0,2.0,3.0,3.0,922.0,5.0,0.0,392.0,1314.0,2.0,1314.0,0.0,0.0,1314.0,3.0,1.0,2.0,5.0,0.0,0.0,5.0,2.0,1957.0,1.0,1.0,294.0,2.0,2.0,0.0,250.0,0.0,0.0,0.0,0.0,0.0,4.0,4.0,0.0,6.0,2010.0,145000.0,1.0,0.0,1.0,0.0,0.0,0.0,0.0,0.0,0.8356164383561644,0.8678082191780822,0.8205479452054795,0.36712328767123287,0.7883561643835616,0.1541095890410959,0.863013698630137,0.9897260273972602,0.7205479452054795,0.7815068493150685,0.9821917808219178,0.1506849315068493,0.14657534246575343,0.43424657534246575,0.9780821917808219,0.914324880054832,0.630891950688905
256,66.0,8738.0,1.0,0.0,0.0,3.0,7.0,5.0,1999.0,1999.0,302.0,1.0,2.0,1.0,2.0,3.0,5.0,0.0,5.0,0.0,975.0,975.0,0.0,1005.0,1286.0,0.0,2291.0,4.0,1.0,1.0,8.0,0.0,1.0,2.0,2.5,1999.0,0.0,2.0,429.0,2.0,2.0,0.0,192.0,0.0,0.0,0.0,0.0,0.0,4.0,4.0,0.0,2.0,2006.0,230000.0,1.0,0.0,1.0,1.0,0.0,0.0,0.0,0.0,0.8356164383561644,0.8678082191780822,0.8205479452054795,0.2047945205479452,0.7883561643835616,0.05410958904109589,0.863013698630137,0.9897260273972602,0.7205479452054795,0.7815068493150685,0.9821917808219178,0.3527397260273973,0.3452054794520548,0.44315068493150683,0.9780821917808219,0.914324880054832,0.06381435823060189
257,64.0,8791.0,1.0,0.0,0.0,3.0,6.0,5.0,2003.0,2003.0,0.0,1.0,2.0,1.0,2.0,3.0,3.0,503.0,5.0,0.0,361.0,864.0,0.0,864.0,864.0,0.0,1728.0,3.0,1.0,1.0,7.0,0.0,0.0,5.0,2.5,2003.0,1.0,2.0,673.0,2.0,2.0,0.0,216.0,56.0,0.0,0.0,0.0,0.0,4.0,4.0,0.0,5.0,2008.0,207500.0,1.0,0.0,1.0,0.0,0.0,0.0,0.0,0.0,0.8356164383561644,0.8678082191780822,0.8205479452054795,0.2047945205479452,0.04452054794520548,0.0589041095890411,0.863013698630137,0.9897260273972602,0.7205479452054795,0.7815068493150685,0.9821917808219178,0.3527397260273973,0.3452054794520548,0.44315068493150683,0.9780821917808219,0.914324880054832,0.630891950688905
258,68.0,8814.0,0.0,0.0,0.0,0.0,7.0,5.0,2006.0,2006.0,180.0,1.0,2.0,1.0,2.0,3.0,0.0,1334.0,5.0,0.0,270.0,1604.0,0.0,1604.0,0.0,0.0,1604.0,3.0,1.0,1.0,8.0,0.0,1.0,1.0,3.5,2006.0,1.0,2.0,660.0,2.0,2.0,0.0,123.0,110.0,0.0,0.0,0.0,0.0,4.0,4.0,0.0,3.0,2009.0,220000.0,1.0,0.0,1.0,0.0,1.0,0.0,0.0,0.0,0.8356164383561644,0.8678082191780822,0.06917808219178082,0.36712328767123287,0.7883561643835616,0.10273972602739725,0.863013698630137,0.9897260273972602,0.7205479452054795,0.7815068493150685,0.9821917808219178,0.3527397260273973,0.3452054794520548,0.44315068493150683,0.9780821917808219,0.914324880054832,0.630891950688905
259,80.0,12435.0,0.0,0.0,0.0,3.0,7.0,5.0,2001.0,2001.0,172.0,1.0,2.0,1.0,2.0,3.0,0.0,361.0,5.0,0.0,602.0,963.0,0.0,963.0,829.0,0.0,1792.0,3.0,1.0,1.0,7.0,0.0,1.0,2.0,2.5,2001.0,1.0,2.0,564.0,2.0,2.0,0.0,0.0,96.0,0.0,245.0,0.0,0.0,4.0,4.0,0.0,5.0,2008.0,231500.0,1.0,0.0,1.0,1.0,0.0,0.0,0.0,0.0,0.8356164383561644,0.8678082191780822,0.8205479452054795,0.2047945205479452,0.7883561643835616,0.10273972602739725,0.863013698630137,0.9897260273972602,0.7205479452054795,0.7815068493150685,0.9821917808219178,0.3527397260273973,0.3452054794520548,0.44315068493150683,0.9780821917808219,0.914324880054832,0.630891950688905
260,70.0,12702.0,0.0,0.0,0.0,0.0,5.0,5.0,1956.0,1956.0,0.0,2.0,2.0,5.0,5.0,4.0,6.0,0.0,6.0,0.0,0.0,0.0,1.0,882.0,0.0,0.0,882.0,2.0,1.0,2.0,4.0,0.0,0.0,5.0,1.0,1956.0,2.0,1.0,308.0,2.0,2.0,0.0,0.0,45.0,0.0,0.0,0.0,0.0,4.0,4.0,0.0,12.0,2008.0,97000.0,1.0,0.0,1.0,0.0,0.0,0.0,0.0,0.0,0.8356164383561644,0.8678082191780822,0.8205479452054795,0.36712328767123287,0.14931506849315068,0.0773972602739726,0.863013698630137,0.9897260273972602,0.7205479452054795,0.7815068493150685,0.9821917808219178,0.03424657534246575,0.017123287671232876,0.44315068493150683,0.9780821917808219,0.06442769019876628,0.28063814358230604
261,120.0,19296.0,0.0,0.0,0.0,7.0,6.0,5.0,1962.0,1962.0,399.0,2.0,2.0,2.0,2.0,0.0,3.0,672.0,1.0,690.0,0.0,1362.0,2.0,1382.0,0.0,0.0,1382.0,3.0,1.0,2.0,6.0,0.0,1.0,2.0,2.0,1991.0,2.0,2.0,884.0,2.0,2.0,0.0,0.0,0.0,252.0,0.0,0.0,0.0,4.0,2.0,0.0,5.0,2009.0,176000.0,1.0,0.0,1.0,1.0,0.0,0.0,0.0,0.0,0.8356164383561644,0.8678082191780822,0.8205479452054795,0.03972602739726028,0.7883561643835616,0.1541095890410959,0.03287671232876712,0.9897260273972602,0.18013698630136987,0.7815068493150685,0.9821917808219178,0.1410958904109589,0.13493150684931507,0.43424657534246575,0.9780821917808219,0.914324880054832,0.630891950688905
262,69.0,9588.0,1.0,0.0,0.0,3.0,8.0,5.0,2007.0,2007.0,270.0,1.0,2.0,0.0,2.0,3.0,5.0,0.0,5.0,0.0,1482.0,1482.0,0.0,1482.0,1092.0,0.0,2574.0,3.0,1.0,0.0,10.0,0.0,1.0,1.0,2.5,2007.0,0.0,3.0,868.0,2.0,2.0,0.0,0.0,148.0,0.0,0.0,0.0,0.0,4.0,4.0,0.0,11.0,2007.0,276000.0,1.0,0.0,1.0,0.0,1.0,0.0,0.0,0.0,0.8356164383561644,0.08356164383561644,0.08561643835616438,0.2047945205479452,0.7883561643835616,0.10273972602739725,0.863013698630137,0.9897260273972602,0.7205479452054795,0.7815068493150685,0.9821917808219178,0.04178082191780822,0.0410958904109589,0.44315068493150683,0.9780821917808219,0.914324880054832,0.06381435823060189
263,88.0,8471.0,1.0,0.0,0.0,7.0,6.0,7.0,1977.0,1995.0,46.0,2.0,2.0,1.0,1.0,1.0,1.0,506.0,5.0,0.0,0.0,506.0,2.0,1212.0,0.0,0.0,1212.0,3.0,1.0,2.0,6.0,0.0,1.0,2.0,2.0,1978.0,2.0,2.0,492.0,2.0,2.0,0.0,292.0,12.0,0.0,0.0,0.0,0.0,4.0,2.0,0.0,7.0,2006.0,151000.0,1.0,0.0,1.0,1.0,0.0,0.0,0.0,0.0,0.8356164383561644,0.8678082191780822,0.8205479452054795,0.03972602739726028,0.7883561643835616,0.050684931506849315,0.863013698630137,0.9897260273972602,0.18013698630136987,0.7815068493150685,0.9821917808219178,0.15205479452054796,0.09726027397260274,0.43424657534246575,0.9780821917808219,0.914324880054832,0.630891950688905
264,50.0,5500.0,0.0,0.0,0.0,1.0,5.0,7.0,1929.0,2001.0,0.0,2.0,2.0,2.0,2.0,3.0,4.0,234.0,1.0,692.0,0.0,926.0,2.0,926.0,0.0,390.0,1316.0,3.0,1.0,2.0,6.0,0.0,0.0,5.0,2.0,1974.0,2.0,2.0,484.0,2.0,2.0,0.0,0.0,0.0,0.0,0.0,0.0,0.0,4.0,4.0,0.0,4.0,2010.0,130000.0,1.0,0.0,1.0,0.0,0.0,0.0,0.0,0.0,0.8356164383561644,0.8678082191780822,0.8205479452054795,0.09863013698630137,0.14931506849315068,0.0773972602739726,0.863013698630137,0.9897260273972602,0.18013698630136987,0.7815068493150685,0.9821917808219178,0.1410958904109589,0.13493150684931507,0.1,0.9780821917808219,0.914324880054832,0.28063814358230604
265,30.0,5232.0,3.0,1.0,0.0,0.0,5.0,5.0,1925.0,2004.0,0.0,2.0,2.0,3.0,2.0,3.0,5.0,0.0,5.0,0.0,680.0,680.0,1.0,764.0,0.0,0.0,764.0,2.0,1.0,2.0,4.0,0.0,0.0,5.0,1.0,1965.0,2.0,2.0,504.0,2.0,2.0,2.0,0.0,0.0,0.0,0.0,0.0,0.0,4.0,4.0,0.0,6.0,2008.0,73000.0,1.0,0.0,0.0,0.0,0.0,0.0,0.0,0.0,0.8356164383561644,0.8678082191780822,0.8205479452054795,0.04726027397260274,0.14931506849315068,0.0773972602739726,0.03287671232876712,0.9897260273972602,0.7205479452054795,0.7815068493150685,0.9821917808219178,0.1410958904109589,0.13493150684931507,0.1,0.9780821917808219,0.00205620287868403,0.28063814358230604
266,78.0,12090.0,1.0,0.0,0.0,0.0,6.0,6.0,1981.0,1981.0,210.0,2.0,1.0,1.0,2.0,3.0,0.0,588.0,4.0,228.0,606.0,1422.0,2.0,1422.0,0.0,0.0,1422.0,3.0,1.0,1.0,7.0,0.0,1.0,2.0,2.0,1981.0,0.0,2.0,576.0,2.0,2.0,0.0,276.0,0.0,0.0,0.0,0.0,0.0,4.0,0.0,0.0,6.0,2008.0,175500.0,1.0,0.0,1.0,1.0,0.0,0.0,0.0,0.0,0.8356164383561644,0.8678082191780822,0.8205479452054795,0.36712328767123287,0.7883561643835616,0.05,0.863013698630137,0.9897260273972602,0.7205479452054795,0.7815068493150685,0.9821917808219178,0.1506849315068493,0.14657534246575343,0.43424657534246575,0.9780821917808219,0.914324880054832,0.630891950688905
267,70.0,11207.0,1.0,2.0,0.0,3.0,6.0,5.0,1997.0,1997.0,0.0,2.0,2.0,1.0,2.0,1.0,0.0,714.0,5.0,0.0,88.0,802.0,1.0,802.0,709.0,0.0,1511.0,3.0,1.0,2.0,8.0,0.0,1.0,2.0,3.5,1997.0,0.0,2.0,413.0,2.0,2.0,0.0,95.0,75.0,0.0,0.0,0.0,0.0,4.0,4.0,0.0,6.0,2006.0,185000.0,1.0,0.0,1.0,0.0,0.0,0.0,0.0,0.0,0.8356164383561644,0.8678082191780822,0.8205479452054795,0.2047945205479452,0.7883561643835616,0.05410958904109589,0.863013698630137,0.9897260273972602,0.03219178082191781,0.7815068493150685,0.9821917808219178,0.3527397260273973,0.3452054794520548,0.44315068493150683,0.9780821917808219,0.914324880054832,0.630891950688905
268,60.0,8400.0,0.0,1.0,1.0,4.0,5.0,8.0,1939.0,1997.0,0.0,2.0,2.0,2.0,2.0,3.0,4.0,378.0,5.0,0.0,342.0,720.0,0.0,1052.0,720.0,420.0,2192.0,4.0,1.0,1.0,8.0,0.0,1.0,1.0,2.5,1939.0,2.0,1.0,240.0,2.0,2.0,0.0,262.0,24.0,0.0,0.0,0.0,0.0,4.0,4.0,0.0,7.0,2008.0,179500.0,1.0,0.0,1.0,0.0,0.0,0.0,0.0,0.0,0.8356164383561644,0.8678082191780822,0.8205479452054795,0.010958904109589041,0.7883561643835616,0.017123287671232876,0.863013698630137,0.9897260273972602,0.7205479452054795,0.7815068493150685,0.9821917808219178,0.1410958904109589,0.13493150684931507,0.44315068493150683,0.9780821917808219,0.914324880054832,0.28063814358230604
269,71.0,6900.0,0.0,0.0,0.0,0.0,5.0,6.0,1940.0,1955.0,0.0,2.0,2.0,2.0,2.0,3.0,1.0,403.0,3.0,125.0,212.0,740.0,0.0,778.0,0.0,0.0,778.0,2.0,1.0,2.0,4.0,0.0,1.0,1.0,1.0,1966.0,0.0,1.0,924.0,0.0,0.0,0.0,0.0,25.0,0.0,0.0,0.0,0.0,4.0,4.0,0.0,2.0,2008.0,120500.0,1.0,0.0,1.0,0.0,0.0,0.0,0.0,0.0,0.8356164383561644,0.8678082191780822,0.8205479452054795,0.04726027397260274,0.14931506849315068,0.025342465753424658,0.863013698630137,0.9897260273972602,0.7205479452054795,0.7815068493150685,0.9821917808219178,0.3527397260273973,0.3452054794520548,0.43424657534246575,0.9780821917808219,0.914324880054832,0.28063814358230604
270,69.0,7917.0,1.0,0.0,0.0,0.0,6.0,7.0,1976.0,1976.0,174.0,2.0,1.0,2.0,1.0,3.0,2.0,751.0,5.0,0.0,392.0,1143.0,2.0,1113.0,0.0,0.0,1113.0,3.0,1.0,2.0,6.0,0.0,1.0,3.0,2.5,1987.0,1.0,1.0,504.0,2.0,1.0,0.0,370.0,30.0,0.0,0.0,0.0,0.0,4.0,0.0,0.0,5.0,2007.0,148000.0,1.0,0.0,1.0,1.0,0.0,0.0,0.0,0.0,0.8356164383561644,0.8678082191780822,0.8205479452054795,0.36712328767123287,0.7883561643835616,0.0684931506849315,0.863013698630137,0.9897260273972602,0.18013698630136987,0.1958904109589041,0.9821917808219178,0.15205479452054796,0.14178082191780822,0.43424657534246575,0.9780821917808219,0.914324880054832,0.630891950688905
271,84.0,10728.0,0.0,0.0,0.0,3.0,8.0,5.0,2006.0,2006.0,0.0,1.0,2.0,1.0,2.0,2.0,5.0,0.0,5.0,0.0,1095.0,1095.0,1.0,1095.0,844.0,0.0,1939.0,3.0,1.0,1.0,8.0,0.0,1.0,1.0,2.5,2006.0,1.0,3.0,1053.0,2.0,2.0,0.0,192.0,51.0,0.0,0.0,0.0,0.0,4.0,4.0,0.0,8.0,2006.0,266000.0,1.0,0.0,1.0,0.0,0.0,0.0,0.0,0.0,0.8356164383561644,0.08356164383561644,0.08561643835616438,0.2047945205479452,0.04452054794520548,0.0589041095890411,0.863013698630137,0.9897260273972602,0.7205479452054795,0.7815068493150685,0.9821917808219178,0.3527397260273973,0.3452054794520548,0.44315068493150683,0.9780821917808219,0.914324880054832,0.630891950688905
272,73.0,39104.0,1.0,3.0,2.0,0.0,7.0,7.0,1954.0,2005.0,0.0,2.0,2.0,1.0,2.0,0.0,4.0,226.0,0.0,1063.0,96.0,1385.0,0.0,1363.0,0.0,0.0,1363.0,2.0,1.0,2.0,5.0,3.0,2.0,2.0,2.0,1954.0,2.0,2.0,439.0,2.0,2.0,0.0,81.0,0.0,0.0,0.0,0.0,0.0,4.0,4.0,0.0,4.0,2008.0,241500.0,1.0,0.0,1.0,0.0,0.0,0.0,0.0,0.0,0.8356164383561644,0.8678082191780822,0.8205479452054795,0.36712328767123287,0.7883561643835616,0.019178082191780823,0.863013698630137,0.9897260273972602,0.06438356164383562,0.008904109589041096,0.0006849315068493151,0.07397260273972603,0.09726027397260274,0.43424657534246575,0.9780821917808219,0.914324880054832,0.630891950688905
273,92.0,11764.0,1.0,0.0,0.0,3.0,8.0,7.0,1999.0,2007.0,348.0,1.0,2.0,1.0,2.0,3.0,0.0,524.0,5.0,0.0,628.0,1152.0,0.0,1164.0,1106.0,0.0,2270.0,4.0,1.0,1.0,9.0,0.0,1.0,1.0,2.5,1999.0,0.0,3.0,671.0,2.0,2.0,0.0,132.0,57.0,0.0,0.0,0.0,0.0,4.0,4.0,0.0,4.0,2010.0,290000.0,1.0,0.0,1.0,1.0,0.0,0.0,0.0,0.0,0.8356164383561644,0.8678082191780822,0.8205479452054795,0.2047945205479452,0.7883561643835616,0.028082191780821917,0.863013698630137,0.9897260273972602,0.06438356164383562,0.7815068493150685,0.9821917808219178,0.3527397260273973,0.3452054794520548,0.44315068493150683,0.9780821917808219,0.914324880054832,0.630891950688905
274,80.0,9600.0,0.0,0.0,0.0,0.0,6.0,6.0,1958.0,1988.0,183.0,2.0,2.0,2.0,2.0,3.0,3.0,620.0,4.0,620.0,0.0,1240.0,1.0,1632.0,0.0,0.0,1632.0,3.0,1.0,2.0,6.0,1.0,1.0,1.0,3.0,1958.0,1.0,1.0,338.0,2.0,2.0,0.0,289.0,0.0,0.0,0.0,0.0,0.0,4.0,1.0,0.0,4.0,2009.0,139000.0,1.0,0.0,1.0,0.0,0.0,0.0,0.0,0.0,0.8356164383561644,0.8678082191780822,0.8205479452054795,0.36712328767123287,0.7883561643835616,0.1541095890410959,0.05547945205479452,0.9897260273972602,0.7205479452054795,0.1958904109589041,0.9821917808219178,0.1410958904109589,0.13493150684931507,0.43424657534246575,0.9780821917808219,0.914324880054832,0.630891950688905
275,76.0,8314.0,0.0,0.0,0.0,0.0,5.0,7.0,1982.0,1982.0,0.0,2.0,2.0,2.0,2.0,0.0,1.0,546.0,5.0,0.0,270.0,816.0,2.0,816.0,0.0,0.0,816.0,2.0,1.0,2.0,5.0,0.0,0.0,5.0,1.0,1982.0,2.0,1.0,264.0,2.0,2.0,0.0,168.0,0.0,0.0,0.0,0.0,0.0,4.0,4.0,0.0,6.0,2007.0,124500.0,1.0,0.0,1.0,0.0,0.0,0.0,0.0,0.0,0.8356164383561644,0.8678082191780822,0.8205479452054795,0.36712328767123287,0.7883561643835616,0.03356164383561644,0.863013698630137,0.9897260273972602,0.18013698630136987,0.7815068493150685,0.9821917808219178,0.15205479452054796,0.00684931506849315,0.43424657534246575,0.9780821917808219,0.914324880054832,0.630891950688905
276,55.0,7264.0,0.0,0.0,0.0,1.0,7.0,7.0,1925.0,2007.0,0.0,1.0,1.0,2.0,2.0,3.0,5.0,0.0,5.0,0.0,952.0,952.0,1.0,952.0,596.0,0.0,1548.0,3.0,1.0,0.0,5.0,0.0,0.0,5.0,2.5,1978.0,2.0,2.0,672.0,2.0,2.0,0.0,74.0,0.0,0.0,0.0,144.0,0.0,4.0,4.0,0.0,10.0,2009.0,205000.0,1.0,0.0,0.0,0.0,0.0,0.0,0.0,0.0,0.8356164383561644,0.8678082191780822,0.8205479452054795,0.09863013698630137,0.7883561643835616,0.03972602739726028,0.863013698630137,0.9897260273972602,0.7205479452054795,0.7815068493150685,0.9821917808219178,0.1410958904109589,0.13493150684931507,0.1,0.012328767123287671,0.914324880054832,0.28063814358230604
277,129.0,9196.0,1.0,0.0,0.0,0.0,7.0,5.0,2003.0,2003.0,0.0,1.0,2.0,0.0,2.0,3.0,5.0,0.0,5.0,0.0,1560.0,1560.0,0.0,1560.0,0.0,0.0,1560.0,3.0,1.0,1.0,7.0,0.0,0.0,5.0,2.0,2003.0,0.0,2.0,573.0,2.0,2.0,0.0,100.0,150.0,0.0,0.0,0.0,0.0,4.0,4.0,0.0,4.0,2010.0,201000.0,1.0,0.0,1.0,0.0,0.0,0.0,0.0,0.0,0.8356164383561644,0.8678082191780822,0.8205479452054795,0.36712328767123287,0.7883561643835616,0.03356164383561644,0.863013698630137,0.9897260273972602,0.7205479452054795,0.7815068493150685,0.9821917808219178,0.3527397260273973,0.3452054794520548,0.44315068493150683,0.9780821917808219,0.914324880054832,0.630891950688905
278,140.0,19138.0,0.0,0.0,0.0,0.0,4.0,5.0,1951.0,1951.0,0.0,2.0,2.0,2.0,2.0,3.0,4.0,120.0,5.0,0.0,744.0,864.0,0.0,864.0,0.0,0.0,864.0,2.0,1.0,2.0,4.0,0.0,0.0,5.0,1.0,1951.0,2.0,2.0,400.0,2.0,2.0,0.0,0.0,0.0,0.0,0.0,0.0,0.0,4.0,4.0,0.0,6.0,2010.0,141000.0,1.0,0.0,1.0,0.0,0.0,0.0,0.0,0.0,0.8356164383561644,0.8678082191780822,0.8205479452054795,0.36712328767123287,0.7883561643835616,0.05410958904109589,0.863013698630137,0.9897260273972602,0.18013698630136987,0.7815068493150685,0.9821917808219178,0.3527397260273973,0.3452054794520548,0.43424657534246575,0.9780821917808219,0.914324880054832,0.28063814358230604
279,107.0,14450.0,0.0,0.0,0.0,0.0,9.0,5.0,2006.0,2007.0,315.0,0.0,2.0,0.0,2.0,0.0,5.0,0.0,5.0,0.0,2121.0,2121.0,0.0,2121.0,0.0,0.0,2121.0,3.0,1.0,0.0,8.0,0.0,1.0,0.0,2.5,2007.0,0.0,3.0,732.0,2.0,2.0,0.0,124.0,98.0,0.0,0.0,142.0,0.0,4.0,4.0,0.0,5.0,2007.0,415298.0,1.0,0.0,1.0,1.0,0.0,0.0,0.0,0.0,0.8356164383561644,0.08356164383561644,0.08561643835616438,0.36712328767123287,0.7883561643835616,0.05273972602739726,0.863013698630137,0.9897260273972602,0.7205479452054795,0.7815068493150685,0.9821917808219178,0.04178082191780822,0.0410958904109589,0.44315068493150683,0.9780821917808219,0.914324880054832,0.630891950688905
280,83.0,10005.0,0.0,0.0,0.0,3.0,7.0,5.0,1977.0,1977.0,299.0,2.0,2.0,1.0,2.0,3.0,2.0,392.0,5.0,0.0,768.0,1160.0,0.0,1156.0,866.0,0.0,2022.0,4.0,1.0,2.0,8.0,0.0,1.0,2.0,2.5,1977.0,0.0,2.0,505.0,2.0,2.0,0.0,288.0,117.0,0.0,0.0,0.0,0.0,4.0,4.0,0.0,3.0,2008.0,192000.0,1.0,0.0,1.0,1.0,0.0,0.0,0.0,0.0,0.8356164383561644,0.8678082191780822,0.8205479452054795,0.2047945205479452,0.7883561643835616,0.019178082191780823,0.863013698630137,0.9897260273972602,0.7205479452054795,0.1958904109589041,0.9821917808219178,0.07397260273972603,0.09726027397260274,0.43424657534246575,0.9780821917808219,0.914324880054832,0.630891950688905
281,82.0,11287.0,0.0,0.0,0.0,3.0,7.0,6.0,1989.0,1989.0,340.0,1.0,2.0,1.0,2.0,1.0,0.0,421.0,5.0,0.0,386.0,807.0,1.0,1175.0,807.0,0.0,1982.0,3.0,1.0,1.0,7.0,0.0,1.0,2.0,2.5,1989.0,0.0,2.0,575.0,2.0,2.0,0.0,0.0,84.0,0.0,196.0,0.0,0.0,4.0,4.0,0.0,1.0,2007.0,228500.0,1.0,0.0,1.0,1.0,0.0,0.0,0.0,0.0,0.8356164383561644,0.8678082191780822,0.8205479452054795,0.2047945205479452,0.7883561643835616,0.04041095890410959,0.863013698630137,0.9897260273972602,0.7205479452054795,0.7815068493150685,0.9821917808219178,0.07397260273972603,0.09726027397260274,0.43424657534246575,0.9780821917808219,0.914324880054832,0.630891950688905
282,60.0,7200.0,0.0,0.0,0.0,0.0,6.0,5.0,2006.0,2006.0,68.0,1.0,2.0,1.0,2.0,3.0,0.0,905.0,5.0,0.0,357.0,1262.0,1.0,1262.0,0.0,0.0,1262.0,2.0,1.0,1.0,5.0,0.0,0.0,5.0,2.0,2006.0,0.0,2.0,572.0,2.0,2.0,0.0,0.0,120.0,0.0,0.0,0.0,0.0,4.0,4.0,0.0,5.0,2006.0,185000.0,1.0,1.0,1.0,0.0,1.0,0.0,0.0,0.0,0.8356164383561644,0.08356164383561644,0.08561643835616438,0.36712328767123287,0.04452054794520548,0.0589041095890411,0.863013698630137,0.9897260273972602,0.7205479452054795,0.7815068493150685,0.9821917808219178,0.3527397260273973,0.3452054794520548,0.44315068493150683,0.9780821917808219,0.914324880054832,0.630891950688905
283,34.0,5063.0,0.0,0.0,0.0,0.0,7.0,5.0,2007.0,2008.0,166.0,1.0,2.0,1.0,2.0,3.0,0.0,904.0,5.0,0.0,410.0,1314.0,0.0,1314.0,0.0,0.0,1314.0,2.0,1.0,1.0,6.0,0.0,1.0,1.0,3.0,2008.0,1.0,2.0,626.0,2.0,2.0,0.0,172.0,62.0,0.0,0.0,0.0,0.0,4.0,4.0,0.0,4.0,2009.0,207500.0,1.0,0.0,1.0,0.0,1.0,0.0,0.0,0.0,0.02945205479452055,0.003424657534246575,0.8205479452054795,0.05958904109589041,0.7883561643835616,0.05273972602739726,0.863013698630137,0.9897260273972602,0.7205479452054795,0.7815068493150685,0.9821917808219178,0.3527397260273973,0.3452054794520548,0.44315068493150683,0.9780821917808219,0.914324880054832,0.630891950688905
284,74.0,9612.0,0.0,0.0,0.0,0.0,8.0,5.0,2008.0,2009.0,72.0,1.0,2.0,1.0,2.0,3.0,5.0,0.0,5.0,0.0,1468.0,1468.0,0.0,1468.0,0.0,0.0,1468.0,3.0,1.0,1.0,6.0,0.0,1.0,1.0,2.0,2008.0,0.0,3.0,898.0,2.0,2.0,0.0,210.0,150.0,0.0,0.0,0.0,0.0,4.0,4.0,0.0,12.0,2009.0,244600.0,1.0,0.0,1.0,0.0,1.0,0.0,0.0,0.0,0.8356164383561644,0.08356164383561644,0.08561643835616438,0.36712328767123287,0.7883561643835616,0.0589041095890411,0.05547945205479452,0.9897260273972602,0.7205479452054795,0.7815068493150685,0.9821917808219178,0.3527397260273973,0.3452054794520548,0.44315068493150683,0.9780821917808219,0.914324880054832,0.630891950688905
285,50.0,8012.0,0.0,0.0,0.0,0.0,6.0,5.0,1992.0,1992.0,0.0,1.0,2.0,1.0,2.0,3.0,0.0,430.0,5.0,0.0,1145.0,1575.0,1.0,1575.0,0.0,0.0,1575.0,2.0,1.0,1.0,5.0,0.0,0.0,5.0,3.0,1992.0,1.0,2.0,529.0,2.0,2.0,0.0,0.0,0.0,52.0,0.0,0.0,0.0,4.0,4.0,0.0,7.0,2007.0,179200.0,1.0,0.0,1.0,0.0,0.0,0.0,0.0,0.0,0.07808219178082192,0.8678082191780822,0.8205479452054795,0.05958904109589041,0.7883561643835616,0.04041095890410959,0.863013698630137,0.9897260273972602,0.7205479452054795,0.7815068493150685,0.9821917808219178,0.07397260273972603,0.00684931506849315,0.44315068493150683,0.9780821917808219,0.914324880054832,0.630891950688905
286,35.0,4251.0,1.0,0.0,0.0,3.0,7.0,5.0,2006.0,2007.0,0.0,1.0,2.0,1.0,2.0,3.0,5.0,0.0,5.0,0.0,625.0,625.0,0.0,625.0,625.0,0.0,1250.0,2.0,1.0,1.0,5.0,0.0,0.0,5.0,2.5,2006.0,1.0,2.0,528.0,2.0,2.0,0.0,0.0,54.0,0.0,0.0,0.0,0.0,4.0,4.0,0.0,6.0,2007.0,164700.0,1.0,1.0,1.0,0.0,0.0,0.0,0.0,0.0,0.07808219178082192,0.08356164383561644,0.08561643835616438,0.04315068493150685,0.04452054794520548,0.0589041095890411,0.863013698630137,0.9897260273972602,0.7205479452054795,0.7815068493150685,0.9821917808219178,0.1506849315068493,0.14657534246575343,0.44315068493150683,0.9780821917808219,0.914324880054832,0.28063814358230604
287,77.0,9786.0,1.0,1.0,0.0,1.0,6.0,7.0,1962.0,1981.0,0.0,2.0,2.0,2.0,2.0,3.0,3.0,600.0,5.0,0.0,312.0,912.0,2.0,1085.0,649.0,0.0,1734.0,3.0,1.0,1.0,7.0,0.0,1.0,1.0,1.5,1962.0,1.0,2.0,440.0,2.0,2.0,0.0,0.0,0.0,0.0,0.0,128.0,0.0,4.0,0.0,0.0,6.0,2006.0,159000.0,1.0,0.0,1.0,0.0,0.0,0.0,0.0,0.0,0.8356164383561644,0.8678082191780822,0.8205479452054795,0.09863013698630137,0.7883561643835616,0.1541095890410959,0.863013698630137,0.9897260273972602,0.7205479452054795,0.7815068493150685,0.9821917808219178,0.1410958904109589,0.13493150684931507,0.43424657534246575,0.9780821917808219,0.914324880054832,0.630891950688905
288,54.2,8125.0,1.0,0.0,0.0,0.0,4.0,4.0,1971.0,1971.0,0.0,2.0,2.0,2.0,2.0,3.0,2.0,614.0,5.0,0.0,244.0,858.0,2.0,858.0,0.0,0.0,858.0,3.0,1.0,2.0,5.0,0.0,0.0,5.0,1.0,1934.4,3.0,0.0,0.0,5.0,5.0,0.0,0.0,0.0,0.0,0.0,0.0,0.0,4.0,4.0,0.0,6.0,2006.0,88000.0,1.0,0.0,1.0,0.0,0.0,0.0,0.0,0.0,0.8356164383561644,0.8678082191780822,0.8205479452054795,0.36712328767123287,0.7883561643835616,0.1541095890410959,0.863013698630137,0.9897260273972602,0.18013698630136987,0.7815068493150685,0.9821917808219178,0.15205479452054796,0.14178082191780822,0.43424657534246575,0.9780821917808219,0.914324880054832,0.22538071065989848
289,77.8,9819.0,1.0,0.0,0.0,0.0,5.0,5.0,1967.0,1967.0,31.0,2.0,1.0,2.0,2.0,3.0,2.0,450.0,5.0,0.0,432.0,882.0,2.0,900.0,0.0,0.0,900.0,3.0,1.0,2.0,5.0,0.0,0.0,5.0,1.0,1970.0,2.0,1.0,280.0,2.0,2.0,0.0,0.0,0.0,0.0,0.0,0.0,0.0,4.0,1.0,0.0,2.0,2010.0,122000.0,1.0,0.0,1.0,1.0,0.0,0.0,0.0,0.0,0.8356164383561644,0.8678082191780822,0.8205479452054795,0.36712328767123287,0.7883561643835616,0.050684931506849315,0.863013698630137,0.9897260273972602,0.7205479452054795,0.7815068493150685,0.9821917808219178,0.1506849315068493,0.14657534246575343,0.43424657534246575,0.9780821917808219,0.914324880054832,0.28063814358230604
290,60.0,8730.0,0.0,0.0,0.0,3.0,6.0,7.0,1915.0,2003.0,0.0,2.0,2.0,2.0,2.0,3.0,5.0,0.0,5.0,0.0,698.0,698.0,0.0,698.0,698.0,0.0,1396.0,3.0,1.0,2.0,7.0,0.0,0.0,5.0,1.0,2003.0,2.0,1.0,384.0,2.0,2.0,0.0,0.0,0.0,0.0,0.0,259.0,0.0,4.0,4.0,0.0,7.0,2007.0,153575.0,1.0,0.0,1.0,0.0,0.0,0.0,0.0,0.0,0.8356164383561644,0.8678082191780822,0.8205479452054795,0.0410958904109589,0.7883561643835616,0.03972602739726028,0.01780821917808219,0.9897260273972602,0.7205479452054795,0.7815068493150685,0.9821917808219178,0.1410958904109589,0.13493150684931507,0.1,0.9780821917808219,0.06442769019876628,0.28063814358230604
291,120.0,15611.0,0.0,0.0,0.0,3.0,8.0,5.0,2006.0,2006.0,0.0,1.0,2.0,1.0,2.0,1.0,5.0,0.0,5.0,0.0,1079.0,1079.0,0.0,1079.0,840.0,0.0,1919.0,3.0,1.0,1.0,8.0,0.0,1.0,1.0,2.5,2006.0,1.0,2.0,685.0,1.0,2.0,0.0,0.0,51.0,0.0,0.0,0.0,0.0,4.0,4.0,0.0,7.0,2006.0,233230.0,1.0,0.0,1.0,0.0,0.0,0.0,0.0,0.0,0.8356164383561644,0.08356164383561644,0.08561643835616438,0.2047945205479452,0.7883561643835616,0.10273972602739725,0.863013698630137,0.9897260273972602,0.7205479452054795,0.7815068493150685,0.9821917808219178,0.3527397260273973,0.3452054794520548,0.44315068493150683,0.9780821917808219,0.914324880054832,0.630891950688905
292,55.0,5687.0,0.0,1.0,0.0,3.0,5.0,6.0,1912.0,2000.0,0.0,2.0,3.0,2.0,3.0,3.0,3.0,210.0,5.0,0.0,570.0,780.0,0.0,936.0,780.0,0.0,1716.0,6.0,1.0,3.0,9.0,0.0,0.0,5.0,3.0,1959.2,3.0,0.0,0.0,5.0,5.0,2.0,0.0,184.0,0.0,0.0,0.0,0.0,4.0,4.0,0.0,3.0,2008.0,135900.0,1.0,0.0,0.0,0.0,0.0,0.0,0.0,0.0,0.021232876712328767,0.8678082191780822,0.8205479452054795,0.02054794520547945,0.7883561643835616,0.017123287671232876,0.863013698630137,0.9897260273972602,0.7205479452054795,0.7815068493150685,0.9821917808219178,0.3527397260273973,0.3452054794520548,0.44315068493150683,0.9780821917808219,0.914324880054832,0.42073966642494565
293,60.0,11409.0,0.0,0.0,0.0,1.0,5.0,4.0,1949.0,2008.0,0.0,2.0,2.0,2.0,2.0,3.0,4.0,292.0,5.0,0.0,476.0,768.0,1.0,1148.0,568.0,0.0,1716.0,3.0,1.0,2.0,8.0,2.0,1.0,1.0,1.5,1949.0,2.0,1.0,281.0,2.0,2.0,0.0,0.0,0.0,0.0,0.0,160.0,0.0,4.0,4.0,0.0,1.0,2009.0,131000.0,1.0,0.0,1.0,0.0,0.0,0.0,0.0,0.0,0.8356164383561644,0.8678082191780822,0.8205479452054795,0.09863013698630137,0.7883561643835616,0.0684931506849315,0.863013698630137,0.9897260273972602,0.7205479452054795,0.7815068493150685,0.9821917808219178,0.1410958904109589,0.13493150684931507,0.43424657534246575,0.9780821917808219,0.914324880054832,0.630891950688905
294,97.6,16659.0,1.0,0.0,0.0,3.0,7.0,7.0,1977.0,1994.0,34.0,2.0,2.0,2.0,2.0,3.0,1.0,795.0,5.0,0.0,0.0,795.0,3.0,1468.0,795.0,0.0,2263.0,3.0,1.0,1.0,9.0,0.0,1.0,2.0,3.5,1977.0,0.0,2.0,539.0,2.0,2.0,0.0,0.0,250.0,0.0,0.0,0.0,0.0,4.0,4.0,0.0,3.0,2006.0,235000.0,1.0,0.0,1.0,1.0,0.0,0.0,0.0,0.0,0.8356164383561644,0.8678082191780822,0.8205479452054795,0.2047945205479452,0.7883561643835616,0.05,0.005479452054794521,0.9897260273972602,0.18013698630136987,0.7815068493150685,0.9821917808219178,0.07397260273972603,0.09726027397260274,0.43424657534246575,0.9780821917808219,0.914324880054832,0.630891950688905
295,80.0,9600.0,0.0,0.0,0.0,0.0,6.0,5.0,1953.0,1953.0,238.0,2.0,2.0,2.0,2.0,3.0,0.0,1285.0,5.0,0.0,131.0,1416.0,2.0,1644.0,0.0,0.0,1644.0,3.0,1.0,2.0,7.0,0.0,2.0,1.0,2.0,1953.0,0.0,2.0,418.0,2.0,2.0,0.0,110.0,0.0,0.0,0.0,0.0,0.0,4.0,4.0,0.0,10.0,2009.0,167000.0,1.0,0.0,1.0,0.0,1.0,0.0,0.0,0.0,0.8356164383561644,0.8678082191780822,0.8205479452054795,0.36712328767123287,0.7883561643835616,0.1541095890410959,0.863013698630137,0.9897260273972602,0.7205479452054795,0.1958904109589041,0.9821917808219178,0.15205479452054796,0.14178082191780822,0.43424657534246575,0.9780821917808219,0.914324880054832,0.630891950688905
296,37.0,7937.0,1.0,0.0,0.0,7.0,6.0,6.0,1984.0,1984.0,0.0,2.0,2.0,2.0,2.0,1.0,0.0,819.0,5.0,0.0,184.0,1003.0,2.0,1003.0,0.0,0.0,1003.0,3.0,1.0,2.0,6.0,0.0,0.0,5.0,2.0,1984.0,2.0,2.0,588.0,2.0,2.0,0.0,120.0,0.0,0.0,0.0,0.0,0.0,4.0,0.0,0.0,3.0,2006.0,142500.0,1.0,0.0,1.0,0.0,0.0,0.0,0.0,0.0,0.8356164383561644,0.8678082191780822,0.8205479452054795,0.03972602739726028,0.7883561643835616,0.03356164383561644,0.863013698630137,0.9897260273972602,0.06438356164383562,0.7815068493150685,0.9821917808219178,0.15205479452054796,0.14178082191780822,0.43424657534246575,0.9780821917808219,0.914324880054832,0.28063814358230604
297,75.0,13710.0,0.0,0.0,0.0,1.0,5.0,5.0,1950.0,1950.0,0.0,2.0,2.0,2.0,2.0,3.0,2.0,420.0,5.0,0.0,490.0,910.0,2.0,910.0,648.0,0.0,1558.0,4.0,1.0,2.0,6.0,0.0,0.0,5.0,1.5,1950.0,2.0,1.0,282.0,2.0,2.0,0.0,289.0,0.0,0.0,0.0,0.0,0.0,4.0,1.0,0.0,6.0,2007.0,152000.0,1.0,0.0,1.0,0.0,0.0,0.0,0.0,0.0,0.8356164383561644,0.8678082191780822,0.8205479452054795,0.09863013698630137,0.14931506849315068,0.025342465753424658,0.863013698630137,0.9897260273972602,0.7205479452054795,0.7815068493150685,0.9821917808219178,0.1410958904109589,0.13493150684931507,0.43424657534246575,0.9780821917808219,0.06442769019876628,0.630891950688905
298,66.0,7399.0,1.0,0.0,0.0,3.0,7.0,5.0,1997.0,1998.0,1600.0,1.0,2.0,1.0,2.0,3.0,2.0,649.0,5.0,0.0,326.0,975.0,0.0,975.0,975.0,0.0,1950.0,3.0,1.0,1.0,7.0,0.0,1.0,2.0,2.5,1997.0,1.0,2.0,576.0,2.0,2.0,0.0,0.0,10.0,0.0,0.0,198.0,0.0,4.0,4.0,0.0,6.0,2007.0,239000.0,1.0,1.0,1.0,1.0,0.0,0.0,0.0,0.0,0.8356164383561644,0.8678082191780822,0.8205479452054795,0.2047945205479452,0.04452054794520548,0.0589041095890411,0.863013698630137,0.9897260273972602,0.7205479452054795,0.1958904109589041,0.9821917808219178,0.3527397260273973,0.3452054794520548,0.44315068493150683,0.9780821917808219,0.914324880054832,0.28063814358230604
299,90.0,11700.0,0.0,0.0,0.0,3.0,6.0,6.0,1968.0,1968.0,365.0,1.0,2.0,2.0,2.0,3.0,1.0,384.0,3.0,175.0,143.0,702.0,1.0,1041.0,702.0,0.0,1743.0,3.0,1.0,2.0,7.0,0.0,1.0,1.0,2.5,1968.0,2.0,2.0,539.0,2.0,2.0,0.0,224.0,0.0,0.0,0.0,0.0,0.0,4.0,4.0,0.0,6.0,2007.0,175000.0,1.0,0.0,1.0,1.0,0.0,0.0,0.0,0.0,0.8356164383561644,0.8678082191780822,0.8205479452054795,0.2047945205479452,0.7883561643835616,0.05,0.863013698630137,0.9897260273972602,0.7205479452054795,0.004794520547945206,0.9821917808219178,0.15205479452054796,0.002054794520547945,0.43424657534246575,0.9780821917808219,0.914324880054832,0.630891950688905
300,80.0,14000.0,0.0,0.0,0.0,0.0,6.0,8.0,1950.0,2004.0,0.0,2.0,1.0,2.0,2.0,3.0,5.0,0.0,5.0,0.0,1092.0,1092.0,0.0,1152.0,0.0,0.0,1152.0,3.0,1.0,1.0,6.0,0.0,1.0,1.0,1.5,1950.0,2.0,1.0,300.0,2.0,2.0,0.0,0.0,36.0,0.0,0.0,0.0,0.0,4.0,0.0,0.0,8.0,2009.0,158500.0,1.0,0.0,1.0,0.0,0.0,0.0,0.0,0.0,0.8356164383561644,0.8678082191780822,0.0136986301369863,0.36712328767123287,0.7883561643835616,0.03493150684931507,0.863013698630137,0.9897260273972602,0.7205479452054795,0.7815068493150685,0.9821917808219178,0.15205479452054796,0.14178082191780822,0.43424657534246575,0.9780821917808219,0.914324880054832,0.630891950688905
301,90.0,15750.0,0.0,0.0,0.0,0.0,5.0,5.0,1953.0,1953.0,56.0,2.0,2.0,2.0,2.0,2.0,2.0,841.0,5.0,0.0,324.0,1165.0,2.0,1336.0,0.0,0.0,1336.0,2.0,1.0,2.0,5.0,0.0,2.0,1.0,2.0,1953.0,2.0,1.0,375.0,2.0,2.0,0.0,0.0,0.0,0.0,0.0,0.0,0.0,4.0,4.0,0.0,6.0,2006.0,157000.0,1.0,0.0,1.0,1.0,0.0,0.0,0.0,0.0,0.021232876712328767,0.8678082191780822,0.8205479452054795,0.02054794520547945,0.7883561643835616,0.03493150684931507,0.863013698630137,0.9897260273972602,0.18013698630136987,0.1958904109589041,0.9821917808219178,0.1506849315068493,0.14657534246575343,0.43424657534246575,0.9780821917808219,0.914324880054832,0.630891950688905
302,66.0,16226.0,3.0,0.0,0.0,3.0,8.0,5.0,1998.0,1999.0,0.0,1.0,2.0,1.0,2.0,3.0,0.0,281.0,5.0,0.0,747.0,1028.0,0.0,1210.0,1242.0,0.0,2452.0,4.0,1.0,1.0,9.0,0.0,1.0,2.0,2.5,1998.0,0.0,2.0,683.0,2.0,2.0,0.0,208.0,50.0,0.0,0.0,0.0,0.0,4.0,4.0,0.0,5.0,2007.0,267000.0,1.0,0.0,1.0,0.0,0.0,0.0,0.0,0.0,0.8356164383561644,0.8678082191780822,0.8205479452054795,0.2047945205479452,0.7883561643835616,0.10273972602739725,0.863013698630137,0.9897260273972602,0.7205479452054795,0.7815068493150685,0.9821917808219178,0.3527397260273973,0.3452054794520548,0.44315068493150683,0.9780821917808219,0.914324880054832,0.06381435823060189
303,118.0,13704.0,1.0,0.0,0.0,0.0,7.0,5.0,2001.0,2002.0,150.0,1.0,2.0,1.0,2.0,3.0,5.0,0.0,5.0,0.0,1541.0,1541.0,0.0,1541.0,0.0,0.0,1541.0,3.0,1.0,1.0,6.0,0.0,1.0,2.0,2.0,2001.0,1.0,3.0,843.0,2.0,2.0,0.0,468.0,81.0,0.0,0.0,0.0,0.0,4.0,4.0,0.0,1.0,2006.0,205000.0,1.0,0.0,1.0,1.0,0.0,0.0,0.0,0.0,0.8356164383561644,0.8678082191780822,0.8205479452054795,0.36712328767123287,0.7883561643835616,0.10273972602739725,0.863013698630137,0.9897260273972602,0.18013698630136987,0.7815068493150685,0.9821917808219178,0.3527397260273973,0.3452054794520548,0.44315068493150683,0.9780821917808219,0.914324880054832,0.630891950688905
304,70.0,9800.0,0.0,0.0,0.0,0.0,5.0,7.0,1972.0,1972.0,0.0,2.0,2.0,2.0,2.0,3.0,1.0,894.0,5.0,0.0,0.0,894.0,2.0,894.0,0.0,0.0,894.0,3.0,1.0,2.0,5.0,0.0,0.0,5.0,2.0,1975.0,2.0,2.0,552.0,2.0,2.0,0.0,256.0,0.0,0.0,0.0,0.0,0.0,4.0,2.0,0.0,7.0,2006.0,149900.0,1.0,0.0,1.0,0.0,0.0,0.0,0.0,0.0,0.8356164383561644,0.8678082191780822,0.06917808219178082,0.36712328767123287,0.7883561643835616,0.10273972602739725,0.863013698630137,0.9897260273972602,0.18013698630136987,0.7815068493150685,0.9821917808219178,0.3527397260273973,0.3452054794520548,0.44315068493150683,0.9780821917808219,0.914324880054832,0.630891950688905
305,87.0,18386.0,0.0,0.0,0.0,4.0,7.0,9.0,1880.0,2002.0,0.0,2.0,2.0,2.0,2.0,3.0,5.0,0.0,5.0,0.0,1470.0,1470.0,0.0,1675.0,1818.0,0.0,3493.0,3.0,1.0,1.0,10.0,0.0,1.0,0.0,3.0,2003.0,2.0,3.0,870.0,2.0,2.0,0.0,302.0,0.0,0.0,0.0,0.0,0.0,4.0,4.0,0.0,5.0,2008.0,295000.0,1.0,0.0,1.0,0.0,0.0,0.0,0.0,0.0,0.8356164383561644,0.8678082191780822,0.8205479452054795,0.010958904109589041,0.14931506849315068,0.0773972602739726,0.863013698630137,0.9897260273972602,0.7205479452054795,0.7815068493150685,0.9821917808219178,0.04178082191780822,0.0410958904109589,0.1,0.9780821917808219,0.914324880054832,0.630891950688905
306,80.0,10386.0,0.0,0.0,0.0,0.0,8.0,5.0,2004.0,2005.0,246.0,1.0,2.0,1.0,2.0,3.0,0.0,1464.0,5.0,0.0,536.0,2000.0,0.0,2000.0,0.0,0.0,2000.0,3.0,1.0,1.0,8.0,0.0,0.0,5.0,3.0,2004.0,0.0,3.0,888.0,2.0,2.0,0.0,168.0,0.0,0.0,0.0,0.0,0.0,4.0,4.0,0.0,7.0,2007.0,305900.0,1.0,0.0,1.0,0.0,1.0,0.0,0.0,0.0,0.8356164383561644,0.8678082191780822,0.8205479452054795,0.36712328767123287,0.7883561643835616,0.10273972602739725,0.863013698630137,0.9897260273972602,0.7205479452054795,0.7815068493150685,0.9821917808219178,0.04178082191780822,0.0410958904109589,0.44315068493150683,0.9780821917808219,0.914324880054832,0.630891950688905
307,116.0,13474.0,0.0,0.0,0.0,3.0,7.0,5.0,1990.0,1991.0,246.0,1.0,2.0,1.0,2.0,3.0,1.0,700.0,5.0,0.0,0.0,700.0,1.0,1122.0,1121.0,0.0,2243.0,4.0,1.0,1.0,8.0,0.0,1.0,2.0,3.5,1990.0,1.0,3.0,746.0,2.0,2.0,0.0,127.0,44.0,224.0,0.0,0.0,0.0,4.0,4.0,0.0,6.0,2007.0,225000.0,1.0,0.0,1.0,1.0,0.0,0.0,0.0,0.0,0.8356164383561644,0.8678082191780822,0.8205479452054795,0.2047945205479452,0.7883561643835616,0.04041095890410959,0.05547945205479452,0.9897260273972602,0.7205479452054795,0.7815068493150685,0.9821917808219178,0.15205479452054796,0.09726027397260274,0.43424657534246575,0.9780821917808219,0.914324880054832,0.630891950688905
308,52.4,7920.0,1.0,0.0,0.0,1.0,6.0,7.0,1920.0,1950.0,0.0,2.0,3.0,2.0,2.0,3.0,5.0,0.0,5.0,0.0,319.0,319.0,2.0,1035.0,371.0,0.0,1406.0,3.0,1.0,3.0,6.0,0.0,0.0,5.0,1.0,1955.0,3.0,0.0,0.0,5.0,5.0,2.0,0.0,144.0,0.0,0.0,0.0,0.0,4.0,1.0,0.0,3.0,2008.0,89500.0,1.0,0.0,1.0,0.0,0.0,0.0,0.0,0.0,0.8356164383561644,0.8678082191780822,0.8205479452054795,0.09863013698630137,0.14931506849315068,0.025342465753424658,0.03287671232876712,0.9897260273972602,0.7205479452054795,0.7815068493150685,0.9821917808219178,0.1506849315068493,0.14657534246575343,0.43424657534246575,0.9780821917808219,0.06442769019876628,0.28063814358230604
309,72.8,12342.0,1.0,0.0,0.0,0.0,4.0,5.0,1940.0,1950.0,0.0,2.0,2.0,2.0,2.0,3.0,2.0,262.0,5.0,0.0,599.0,861.0,0.0,861.0,0.0,0.0,861.0,1.0,1.0,2.0,4.0,0.0,0.0,5.0,1.0,1961.0,2.0,2.0,539.0,2.0,2.0,0.0,158.0,0.0,0.0,0.0,0.0,0.0,4.0,4.0,0.0,3.0,2009.0,82500.0,1.0,0.0,1.0,0.0,0.0,0.0,0.0,0.0,0.8356164383561644,0.8678082191780822,0.8205479452054795,0.04726027397260274,0.7883561643835616,0.0684931506849315,0.863013698630137,0.9897260273972602,0.7205479452054795,0.7815068493150685,0.9821917808219178,0.3527397260273973,0.3452054794520548,0.43424657534246575,0.9780821917808219,0.914324880054832,0.28063814358230604
310,90.0,12378.0,1.0,0.0,0.0,0.0,9.0,5.0,2003.0,2004.0,0.0,1.0,2.0,0.0,2.0,0.0,0.0,1274.0,5.0,0.0,622.0,1896.0,0.0,1944.0,0.0,0.0,1944.0,3.0,1.0,0.0,8.0,0.0,3.0,0.0,3.0,2003.0,0.0,3.0,708.0,2.0,2.0,0.0,208.0,175.0,0.0,0.0,0.0,0.0,4.0,4.0,0.0,11.0,2006.0,360000.0,1.0,0.0,1.0,0.0,0.0,0.0,0.0,0.0,0.8356164383561644,0.8678082191780822,0.8205479452054795,0.36712328767123287,0.7883561643835616,0.05273972602739726,0.863013698630137,0.9897260273972602,0.7205479452054795,0.7815068493150685,0.9821917808219178,0.3527397260273973,0.3452054794520548,0.44315068493150683,0.9780821917808219,0.914324880054832,0.630891950688905
311,70.0,7685.0,1.0,0.0,0.0,3.0,6.0,5.0,1993.0,1994.0,112.0,2.0,2.0,1.0,2.0,3.0,1.0,518.0,5.0,0.0,179.0,697.0,1.0,697.0,804.0,0.0,1501.0,3.0,1.0,1.0,6.0,0.0,1.0,2.0,2.5,1993.0,0.0,2.0,420.0,2.0,2.0,0.0,190.0,63.0,0.0,0.0,0.0,0.0,4.0,4.0,0.0,5.0,2006.0,165600.0,1.0,0.0,1.0,1.0,0.0,0.0,0.0,0.0,0.8356164383561644,0.8678082191780822,0.8205479452054795,0.2047945205479452,0.7883561643835616,0.05410958904109589,0.863013698630137,0.9897260273972602,0.7205479452054795,0.7815068493150685,0.9821917808219178,0.15205479452054796,0.14178082191780822,0.44315068493150683,0.9780821917808219,0.914324880054832,0.630891950688905
312,50.0,8000.0,0.0,0.0,0.0,0.0,6.0,6.0,1948.0,2002.0,0.0,2.0,1.0,2.0,2.0,3.0,1.0,680.0,5.0,0.0,292.0,972.0,0.0,972.0,0.0,0.0,972.0,2.0,1.0,2.0,5.0,0.0,1.0,1.0,2.0,1948.0,2.0,1.0,240.0,2.0,2.0,0.0,0.0,0.0,0.0,0.0,0.0,0.0,4.0,4.0,0.0,5.0,2009.0,132000.0,1.0,0.0,1.0,0.0,0.0,0.0,0.0,0.0,0.8356164383561644,0.8678082191780822,0.8205479452054795,0.36712328767123287,0.7883561643835616,0.1541095890410959,0.863013698630137,0.9897260273972602,0.7205479452054795,0.7815068493150685,0.9821917808219178,0.3527397260273973,0.3452054794520548,0.43424657534246575,0.9780821917808219,0.914324880054832,0.28063814358230604
313,65.0,7800.0,0.0,0.0,0.0,1.0,5.0,7.0,1939.0,1950.0,0.0,2.0,2.0,1.0,2.0,2.0,3.0,507.0,5.0,0.0,286.0,793.0,2.0,793.0,325.0,0.0,1118.0,3.0,1.0,2.0,5.0,0.0,1.0,1.0,2.0,1939.0,2.0,2.0,410.0,2.0,2.0,0.0,0.0,0.0,0.0,0.0,271.0,0.0,4.0,1.0,0.0,5.0,2006.0,119900.0,1.0,0.0,1.0,0.0,0.0,0.0,0.0,0.0,0.021232876712328767,0.8678082191780822,0.8205479452054795,0.02054794520547945,0.14931506849315068,0.0773972602739726,0.03287671232876712,0.9897260273972602,0.7205479452054795,0.7815068493150685,0.9821917808219178,0.1506849315068493,0.14657534246575343,0.43424657534246575,0.9780821917808219,0.914324880054832,0.28063814358230604
314,150.0,215245.0,3.0,3.0,2.0,0.0,7.0,5.0,1965.0,1965.0,0.0,2.0,2.0,1.0,2.0,0.0,1.0,1236.0,3.0,820.0,80.0,2136.0,2.0,2036.0,0.0,0.0,2036.0,3.0,1.0,2.0,8.0,0.0,2.0,1.0,4.0,1965.0,1.0,2.0,513.0,2.0,2.0,0.0,0.0,0.0,0.0,0.0,0.0,0.0,4.0,4.0,0.0,6.0,2009.0,375000.0,1.0,0.0,1.0,0.0,0.0,0.0,0.0,0.0,0.8356164383561644,0.8678082191780822,0.8205479452054795,0.36712328767123287,0.7883561643835616,0.026027397260273973,0.863013698630137,0.9897260273972602,0.7205479452054795,0.1958904109589041,0.9821917808219178,0.03424657534246575,0.017123287671232876,0.43424657534246575,0.012328767123287671,0.914324880054832,0.630891950688905
315,60.0,9600.0,0.0,0.0,0.0,3.0,7.0,7.0,1925.0,1990.0,0.0,2.0,2.0,2.0,1.0,3.0,4.0,16.0,5.0,0.0,712.0,728.0,0.0,832.0,809.0,0.0,1641.0,3.0,1.0,0.0,6.0,0.0,1.0,1.0,2.0,1925.0,2.0,2.0,546.0,3.0,2.0,0.0,0.0,0.0,234.0,0.0,0.0,0.0,4.0,4.0,0.0,8.0,2006.0,178000.0,1.0,0.0,1.0,0.0,0.0,0.0,0.0,0.0,0.8356164383561644,0.8678082191780822,0.8205479452054795,0.0410958904109589,0.14931506849315068,0.0773972602739726,0.863013698630137,0.9897260273972602,0.7205479452054795,0.7815068493150685,0.9821917808219178,0.1410958904109589,0.13493150684931507,0.1,0.9780821917808219,0.914324880054832,0.28063814358230604
316,71.0,7795.0,1.0,0.0,0.0,3.0,7.0,5.0,2004.0,2005.0,0.0,1.0,2.0,1.0,2.0,3.0,0.0,425.0,5.0,0.0,291.0,716.0,0.0,716.0,716.0,0.0,1432.0,3.0,1.0,1.0,6.0,0.0,1.0,1.0,3.5,2004.0,0.0,2.0,432.0,2.0,2.0,0.0,100.0,51.0,0.0,0.0,0.0,0.0,4.0,4.0,0.0,7.0,2009.0,188500.0,1.0,0.0,1.0,0.0,0.0,0.0,0.0,0.0,0.8356164383561644,0.8678082191780822,0.8205479452054795,0.2047945205479452,0.7883561643835616,0.05410958904109589,0.863013698630137,0.9897260273972602,0.7205479452054795,0.7815068493150685,0.9821917808219178,0.3527397260273973,0.3452054794520548,0.44315068493150683,0.9780821917808219,0.914324880054832,0.630891950688905
317,94.0,13005.0,1.0,0.0,0.0,3.0,7.0,7.0,1980.0,1980.0,278.0,1.0,2.0,1.0,2.0,3.0,0.0,692.0,5.0,0.0,153.0,845.0,2.0,1153.0,1200.0,0.0,2353.0,4.0,1.0,0.0,10.0,0.0,1.0,2.0,3.5,1983.0,1.0,2.0,484.0,2.0,2.0,0.0,288.0,195.0,0.0,0.0,0.0,0.0,4.0,0.0,0.0,8.0,2009.0,260000.0,1.0,0.0,1.0,1.0,0.0,0.0,0.0,0.0,0.8356164383561644,0.8678082191780822,0.8205479452054795,0.2047945205479452,0.7883561643835616,0.05,0.863013698630137,0.9897260273972602,0.18013698630136987,0.7815068493150685,0.9821917808219178,0.04178082191780822,0.0410958904109589,0.43424657534246575,0.9780821917808219,0.914324880054832,0.630891950688905
318,75.0,9000.0,0.0,0.0,0.0,3.0,8.0,5.0,2006.0,2006.0,0.0,1.0,2.0,1.0,2.0,1.0,5.0,0.0,5.0,0.0,1088.0,1088.0,0.0,1088.0,871.0,0.0,1959.0,3.0,1.0,1.0,8.0,0.0,1.0,1.0,2.5,2006.0,1.0,3.0,1025.0,2.0,2.0,0.0,208.0,46.0,0.0,0.0,0.0,0.0,4.0,4.0,0.0,12.0,2007.0,270000.0,1.0,0.0,1.0,0.0,0.0,0.0,0.0,0.0,0.8356164383561644,0.8678082191780822,0.8205479452054795,0.2047945205479452,0.04452054794520548,0.0589041095890411,0.863013698630137,0.9897260273972602,0.7205479452054795,0.7815068493150685,0.9821917808219178,0.3527397260273973,0.3452054794520548,0.44315068493150683,0.9780821917808219,0.914324880054832,0.630891950688905
319,90.0,9900.0,0.0,3.0,1.0,3.0,7.0,5.0,1993.0,1993.0,256.0,1.0,2.0,1.0,2.0,0.0,0.0,987.0,5.0,0.0,360.0,1347.0,0.0,1372.0,1274.0,0.0,2646.0,4.0,1.0,1.0,9.0,0.0,1.0,2.0,3.5,1993.0,1.0,3.0,656.0,2.0,2.0,0.0,340.0,60.0,144.0,0.0,0.0,0.0,4.0,4.0,0.0,4.0,2009.0,260000.0,1.0,0.0,1.0,1.0,0.0,0.0,0.0,0.0,0.8356164383561644,0.8678082191780822,0.8205479452054795,0.2047945205479452,0.7883561643835616,0.028082191780821917,0.863013698630137,0.9897260273972602,0.7205479452054795,0.7815068493150685,0.9821917808219178,0.15205479452054796,0.14178082191780822,0.44315068493150683,0.9780821917808219,0.914324880054832,0.630891950688905
320,85.4,14115.0,0.0,0.0,0.0,7.0,7.0,5.0,1980.0,1980.0,225.0,2.0,2.0,1.0,2.0,1.0,0.0,1036.0,5.0,0.0,336.0,1372.0,2.0,1472.0,0.0,0.0,1472.0,3.0,1.0,2.0,6.0,0.0,2.0,2.0,3.0,1980.0,2.0,2.0,588.0,2.0,2.0,0.0,233.0,48.0,0.0,0.0,0.0,0.0,4.0,4.0,0.0,6.0,2009.0,187500.0,1.0,0.0,1.0,1.0,0.0,0.0,0.0,0.0,0.8356164383561644,0.8678082191780822,0.8205479452054795,0.03972602739726028,0.7883561643835616,0.05,0.863013698630137,0.9897260273972602,0.7205479452054795,0.7815068493150685,0.9821917808219178,0.07397260273972603,0.09726027397260274,0.43424657534246575,0.9780821917808219,0.914324880054832,0.630891950688905
321,111.0,16259.0,0.0,0.0,0.0,3.0,9.0,5.0,2006.0,2006.0,370.0,2.0,2.0,0.0,1.0,1.0,5.0,0.0,5.0,0.0,1249.0,1249.0,0.0,1249.0,1347.0,0.0,2596.0,4.0,1.0,1.0,9.0,0.0,0.0,5.0,3.5,2006.0,1.0,3.0,840.0,2.0,2.0,0.0,240.0,154.0,0.0,0.0,0.0,0.0,4.0,4.0,0.0,9.0,2006.0,342643.0,1.0,0.0,1.0,0.0,1.0,0.0,0.0,0.0,0.8356164383561644,0.08356164383561644,0.08561643835616438,0.2047945205479452,0.7883561643835616,0.05273972602739726,0.863013698630137,0.9897260273972602,0.18013698630136987,0.7815068493150685,0.9821917808219178,0.3527397260273973,0.3452054794520548,0.44315068493150683,0.9780821917808219,0.914324880054832,0.630891950688905
322,99.0,12099.0,1.0,0.0,0.0,3.0,8.0,5.0,2004.0,2004.0,388.0,1.0,2.0,0.0,2.0,1.0,0.0,970.0,5.0,0.0,166.0,1136.0,0.0,1136.0,1332.0,0.0,2468.0,4.0,1.0,1.0,10.0,0.0,1.0,1.0,3.5,2004.0,0.0,3.0,872.0,2.0,2.0,0.0,184.0,154.0,0.0,0.0,0.0,0.0,4.0,4.0,0.0,6.0,2007.0,354000.0,1.0,0.0,1.0,1.0,0.0,0.0,0.0,0.0,0.8356164383561644,0.8678082191780822,0.8205479452054795,0.2047945205479452,0.7883561643835616,0.05273972602739726,0.863013698630137,0.9897260273972602,0.7205479452054795,0.7815068493150685,0.9821917808219178,0.3527397260273973,0.3452054794520548,0.44315068493150683,0.9780821917808219,0.914324880054832,0.06381435823060189
323,86.0,10380.0,1.0,0.0,0.0,3.0,7.0,5.0,1986.0,1987.0,172.0,1.0,2.0,2.0,2.0,0.0,4.0,28.0,1.0,1474.0,0.0,1502.0,0.0,1553.0,1177.0,0.0,2730.0,4.0,1.0,1.0,8.0,0.0,1.0,2.0,3.5,1987.0,0.0,2.0,576.0,2.0,2.0,0.0,201.0,96.0,0.0,0.0,0.0,0.0,4.0,1.0,0.0,8.0,2007.0,301000.0,1.0,0.0,1.0,1.0,0.0,0.0,0.0,0.0,0.8356164383561644,0.8678082191780822,0.8205479452054795,0.2047945205479452,0.7883561643835616,0.04041095890410959,0.863013698630137,0.9897260273972602,0.7205479452054795,0.7815068493150685,0.9821917808219178,0.07397260273972603,0.09726027397260274,0.43424657534246575,0.9780821917808219,0.914324880054832,0.630891950688905
324,49.0,5820.0,0.0,0.0,0.0,0.0,3.0,8.0,1955.0,2005.0,0.0,2.0,1.0,2.0,2.0,3.0,1.0,256.0,5.0,0.0,906.0,1162.0,0.0,1163.0,0.0,0.0,1163.0,3.0,1.0,2.0,6.0,0.0,0.0,5.0,2.0,1955.0,2.0,1.0,220.0,3.0,2.0,0.0,142.0,98.0,0.0,0.0,0.0,0.0,4.0,4.0,0.0,7.0,2006.0,126175.0,1.0,0.0,1.0,0.0,0.0,0.0,0.0,0.0,0.8356164383561644,0.8678082191780822,0.8205479452054795,0.36712328767123287,0.14931506849315068,0.0773972602739726,0.863013698630137,0.9897260273972602,0.7205479452054795,0.7815068493150685,0.9821917808219178,0.3527397260273973,0.3452054794520548,0.43424657534246575,0.9780821917808219,0.914324880054832,0.630891950688905
325,96.0,11275.0,0.0,0.0,0.0,7.0,7.0,7.0,1967.0,2007.0,300.0,1.0,1.0,1.0,2.0,3.0,5.0,0.0,5.0,0.0,710.0,710.0,0.0,1898.0,1080.0,0.0,2978.0,5.0,1.0,1.0,11.0,0.0,1.0,1.0,2.5,1961.0,0.0,2.0,564.0,2.0,2.0,0.0,240.0,0.0,0.0,0.0,0.0,0.0,4.0,4.0,0.0,6.0,2010.0,242000.0,1.0,0.0,1.0,1.0,0.0,0.0,0.0,0.0,0.8356164383561644,0.8678082191780822,0.8205479452054795,0.03972602739726028,0.7883561643835616,0.1541095890410959,0.013013698630136987,0.9897260273972602,0.18013698630136987,0.004794520547945206,0.003424657534246575,0.1410958904109589,0.13493150684931507,0.43424657534246575,0.9780821917808219,0.914324880054832,0.06381435823060189
326,50.0,5000.0,0.0,0.0,0.0,2.0,5.0,6.0,1941.0,1950.0,0.0,2.0,2.0,2.0,2.0,1.0,2.0,116.0,5.0,0.0,604.0,720.0,4.0,803.0,0.0,0.0,803.0,2.0,1.0,2.0,5.0,0.0,0.0,5.0,1.0,1941.0,2.0,2.0,360.0,2.0,2.0,0.0,0.0,0.0,244.0,0.0,0.0,0.0,4.0,4.0,0.0,12.0,2007.0,87000.0,1.0,0.0,0.0,0.0,0.0,0.0,0.0,0.0,0.8356164383561644,0.8678082191780822,0.8205479452054795,0.00821917808219178,0.14931506849315068,0.025342465753424658,0.007534246575342466,0.9897260273972602,0.7205479452054795,0.7815068493150685,0.9821917808219178,0.1506849315068493,0.14657534246575343,0.43424657534246575,0.9780821917808219,0.018505825908156272,0.28063814358230604
327,32.0,10846.0,1.0,0.0,0.0,0.0,8.0,5.0,1993.0,1993.0,0.0,1.0,2.0,1.0,2.0,0.0,0.0,1619.0,5.0,0.0,100.0,1719.0,0.0,1719.0,0.0,0.0,1719.0,1.0,1.0,1.0,6.0,0.0,2.0,1.0,3.5,1993.0,0.0,2.0,473.0,2.0,2.0,0.0,122.0,30.0,0.0,0.0,0.0,0.0,4.0,4.0,0.0,5.0,2008.0,324000.0,1.0,0.0,1.0,0.0,0.0,0.0,0.0,0.0,0.07808219178082192,0.0013698630136986301,0.8205479452054795,0.05958904109589041,0.7883561643835616,0.007534246575342466,0.863013698630137,0.9897260273972602,0.06438356164383562,0.7815068493150685,0.9821917808219178,0.03424657534246575,0.017123287671232876,0.44315068493150683,0.9780821917808219,0.914324880054832,0.630891950688905
328,80.0,11600.0,0.0,0.0,0.0,0.0,6.0,5.0,1960.0,1960.0,175.0,2.0,2.0,2.0,2.0,3.0,3.0,565.0,5.0,0.0,818.0,1383.0,2.0,1383.0,0.0,0.0,1383.0,3.0,1.0,2.0,7.0,0.0,0.0,5.0,1.5,1960.0,1.0,1.0,292.0,2.0,2.0,0.0,0.0,45.0,0.0,0.0,0.0,0.0,4.0,4.0,0.0,4.0,2006.0,145250.0,1.0,0.0,1.0,1.0,0.0,0.0,0.0,0.0,0.8356164383561644,0.8678082191780822,0.8205479452054795,0.36712328767123287,0.7883561643835616,0.1541095890410959,0.863013698630137,0.9897260273972602,0.7205479452054795,0.1958904109589041,0.9821917808219178,0.1410958904109589,0.13493150684931507,0.43424657534246575,0.9780821917808219,0.914324880054832,0.630891950688905
329,71.6,11888.0,1.0,1.0,0.0,5.0,6.0,6.0,1916.0,1994.0,0.0,2.0,2.0,2.0,2.0,3.0,5.0,0.0,5.0,0.0,844.0,844.0,1.0,1445.0,689.0,0.0,2134.0,5.0,1.0,1.0,10.0,0.0,0.0,5.0,2.0,1930.0,2.0,2.0,441.0,2.0,2.0,0.0,0.0,60.0,268.0,0.0,0.0,0.0,4.0,4.0,0.0,7.0,2009.0,214500.0,1.0,1.0,0.0,0.0,0.0,0.0,0.0,0.0,0.8356164383561644,0.8678082191780822,0.8205479452054795,0.010958904109589041,0.7883561643835616,0.03972602739726028,0.013013698630136987,0.9897260273972602,0.7205479452054795,0.7815068493150685,0.9821917808219178,0.1410958904109589,0.026027397260273973,0.1,0.9780821917808219,0.06442769019876628,0.28063814358230604
330,60.0,6402.0,0.0,0.0,0.0,3.0,5.0,5.0,1920.0,1950.0,0.0,2.0,2.0,2.0,2.0,2.0,5.0,0.0,5.0,0.0,596.0,596.0,2.0,596.0,596.0,0.0,1192.0,3.0,1.0,2.0,6.0,0.0,0.0,5.0,1.0,1920.0,2.0,1.0,189.0,3.0,3.0,2.0,0.0,0.0,137.0,0.0,0.0,0.0,4.0,2.0,0.0,7.0,2009.0,78000.0,1.0,0.0,0.0,0.0,0.0,0.0,0.0,0.0,0.8356164383561644,0.8678082191780822,0.8205479452054795,0.0410958904109589,0.14931506849315068,0.025342465753424658,0.863013698630137,0.9897260273972602,0.18013698630136987,0.7815068493150685,0.9821917808219178,0.1410958904109589,0.026027397260273973,0.44315068493150683,0.9780821917808219,0.914324880054832,0.28063814358230604
331,73.4,10624.0,1.0,0.0,0.0,0.0,5.0,4.0,1964.0,1964.0,84.0,2.0,2.0,2.0,2.0,3.0,0.0,40.0,3.0,264.0,1424.0,1728.0,2.0,1728.0,0.0,0.0,1728.0,6.0,2.0,2.0,10.0,0.0,0.0,5.0,2.5,2002.0,2.0,1.0,352.0,2.0,2.0,0.0,155.0,0.0,0.0,0.0,0.0,0.0,4.0,4.0,0.0,11.0,2007.0,119000.0,1.0,0.0,1.0,1.0,0.0,0.0,0.0,0.0,0.03561643835616438,0.8678082191780822,0.8205479452054795,0.03561643835616438,0.7883561643835616,0.1541095890410959,0.863013698630137,0.9897260273972602,0.7205479452054795,0.7815068493150685,0.9821917808219178,0.15205479452054796,0.14178082191780822,0.43424657534246575,0.9780821917808219,0.914324880054832,0.28063814358230604
332,70.0,8176.0,0.0,0.0,0.0,0.0,5.0,6.0,1958.0,1992.0,0.0,2.0,2.0,2.0,2.0,3.0,3.0,846.0,5.0,0.0,210.0,1056.0,3.0,1056.0,0.0,0.0,1056.0,3.0,1.0,2.0,6.0,0.0,0.0,5.0,2.0,1958.0,1.0,1.0,308.0,2.0,2.0,0.0,0.0,0.0,0.0,0.0,0.0,0.0,4.0,4.0,0.0,8.0,2007.0,139000.0,1.0,0.0,1.0,0.0,0.0,0.0,0.0,0.0,0.8356164383561644,0.8678082191780822,0.8205479452054795,0.36712328767123287,0.7883561643835616,0.1541095890410959,0.863013698630137,0.9897260273972602,0.7205479452054795,0.7815068493150685,0.9821917808219178,0.1410958904109589,0.13493150684931507,0.43424657534246575,0.9780821917808219,0.914324880054832,0.630891950688905
333,85.0,10655.0,1.0,0.0,0.0,0.0,8.0,5.0,2003.0,2004.0,296.0,1.0,2.0,1.0,2.0,3.0,0.0,1124.0,6.0,479.0,1603.0,3206.0,0.0,1629.0,0.0,0.0,1629.0,3.0,1.0,1.0,7.0,0.0,1.0,1.0,3.0,2003.0,1.0,3.0,880.0,2.0,2.0,0.0,0.0,0.0,0.0,0.0,0.0,0.0,4.0,4.0,0.0,10.0,2009.0,284000.0,1.0,0.0,1.0,1.0,0.0,0.0,0.0,0.0,0.8356164383561644,0.8678082191780822,0.8205479452054795,0.36712328767123287,0.7883561643835616,0.05273972602739726,0.863013698630137,0.9897260273972602,0.7205479452054795,0.7815068493150685,0.9821917808219178,0.3527397260273973,0.3452054794520548,0.44315068493150683,0.9780821917808219,0.914324880054832,0.630891950688905
334,59.0,8198.0,0.0,0.0,0.0,0.0,7.0,5.0,2004.0,2004.0,146.0,1.0,2.0,1.0,2.0,1.0,0.0,720.0,5.0,0.0,638.0,1358.0,0.0,1358.0,0.0,0.0,1358.0,2.0,1.0,1.0,6.0,0.0,1.0,1.0,3.0,2004.0,1.0,2.0,484.0,2.0,2.0,0.0,192.0,30.0,0.0,0.0,0.0,0.0,4.0,4.0,0.0,7.0,2008.0,207000.0,1.0,0.0,1.0,0.0,1.0,0.0,0.0,0.0,0.07808219178082192,0.8678082191780822,0.8205479452054795,0.05958904109589041,0.14931506849315068,0.05273972602739726,0.863013698630137,0.9897260273972602,0.0027397260273972603,0.7815068493150685,0.9821917808219178,0.3527397260273973,0.3452054794520548,0.44315068493150683,0.9780821917808219,0.914324880054832,0.630891950688905
335,59.0,9042.0,1.0,0.0,0.0,3.0,6.0,5.0,1998.0,1998.0,0.0,2.0,2.0,1.0,2.0,0.0,0.0,828.0,5.0,0.0,115.0,943.0,1.0,943.0,695.0,0.0,1638.0,3.0,1.0,2.0,7.0,0.0,2.0,2.0,3.5,1998.0,0.0,2.0,472.0,2.0,2.0,0.0,100.0,38.0,0.0,0.0,0.0,0.0,4.0,4.0,0.0,7.0,2008.0,192000.0,1.0,0.0,1.0,0.0,0.0,0.0,0.0,0.0,0.8356164383561644,0.8678082191780822,0.8205479452054795,0.2047945205479452,0.7883561643835616,0.05410958904109589,0.863013698630137,0.9897260273972602,0.7205479452054795,0.7815068493150685,0.9821917808219178,0.3527397260273973,0.3452054794520548,0.44315068493150683,0.9780821917808219,0.914324880054832,0.630891950688905
336,130.6,164660.0,1.0,2.0,2.0,1.0,5.0,6.0,1965.0,1965.0,0.0,2.0,2.0,2.0,2.0,0.0,1.0,1249.0,2.0,147.0,103.0,1499.0,0.0,1619.0,167.0,0.0,1786.0,3.0,1.0,2.0,7.0,0.0,2.0,1.0,4.0,1965.0,0.0,2.0,529.0,2.0,2.0,0.0,670.0,0.0,0.0,0.0,0.0,0.0,4.0,4.0,700.0,8.0,2008.0,228950.0,0.0,0.0,1.0,0.0,0.0,0.0,1.0,0.0,0.021232876712328767,0.8678082191780822,0.8205479452054795,0.02054794520547945,0.7883561643835616,0.026027397260273973,0.863013698630137,0.9897260273972602,0.18013698630136987,0.7815068493150685,0.9821917808219178,0.07397260273972603,0.09726027397260274,0.43424657534246575,0.9780821917808219,0.914324880054832,0.630891950688905
337,86.0,14157.0,1.0,2.0,0.0,0.0,9.0,5.0,2005.0,2006.0,200.0,1.0,2.0,0.0,2.0,0.0,0.0,1249.0,5.0,0.0,673.0,1922.0,0.0,1922.0,0.0,0.0,1922.0,3.0,1.0,1.0,8.0,0.0,1.0,1.0,3.0,2005.0,0.0,3.0,676.0,2.0,2.0,0.0,178.0,51.0,0.0,0.0,0.0,0.0,4.0,4.0,0.0,7.0,2007.0,377426.0,1.0,0.0,1.0,0.0,1.0,0.0,0.0,0.0,0.8356164383561644,0.8678082191780822,0.8205479452054795,0.36712328767123287,0.7883561643835616,0.017123287671232876,0.863013698630137,0.9897260273972602,0.18013698630136987,0.1958904109589041,0.9821917808219178,0.3527397260273973,0.3452054794520548,0.44315068493150683,0.9780821917808219,0.914324880054832,0.630891950688905
338,70.0,9135.0,0.0,0.0,0.0,0.0,7.0,5.0,2002.0,2003.0,113.0,1.0,2.0,1.0,2.0,1.0,0.0,810.0,5.0,0.0,726.0,1536.0,0.0,1536.0,0.0,0.0,1536.0,3.0,1.0,1.0,7.0,0.0,0.0,5.0,3.0,2002.0,1.0,2.0,532.0,2.0,2.0,0.0,192.0,74.0,0.0,0.0,0.0,0.0,4.0,4.0,0.0,12.0,2008.0,214000.0,1.0,0.0,1.0,1.0,0.0,0.0,0.0,0.0,0.8356164383561644,0.8678082191780822,0.8205479452054795,0.36712328767123287,0.7883561643835616,0.10273972602739725,0.863013698630137,0.9897260273972602,0.7205479452054795,0.7815068493150685,0.9821917808219178,0.3527397260273973,0.3452054794520548,0.44315068493150683,0.9780821917808219,0.914324880054832,0.630891950688905
339,91.0,14145.0,0.0,0.0,0.0,0.0,7.0,7.0,1984.0,1998.0,0.0,1.0,2.0,1.0,2.0,2.0,1.0,213.0,5.0,0.0,995.0,1208.0,0.0,1621.0,0.0,0.0,1621.0,3.0,1.0,1.0,8.0,0.0,0.0,5.0,3.0,1984.0,1.0,2.0,440.0,2.0,2.0,0.0,108.0,45.0,0.0,0.0,0.0,0.0,4.0,4.0,400.0,5.0,2006.0,202500.0,1.0,0.0,1.0,0.0,0.0,0.0,1.0,0.0,0.8356164383561644,0.8678082191780822,0.8205479452054795,0.36712328767123287,0.7883561643835616,0.05,0.863013698630137,0.9897260273972602,0.18013698630136987,0.7815068493150685,0.9821917808219178,0.1410958904109589,0.13493150684931507,0.43424657534246575,0.9780821917808219,0.914324880054832,0.630891950688905
340,66.0,12400.0,1.0,0.0,0.0,0.0,6.0,7.0,1958.0,1998.0,176.0,2.0,2.0,2.0,3.0,3.0,3.0,585.0,5.0,0.0,630.0,1215.0,2.0,1215.0,0.0,0.0,1215.0,3.0,1.0,2.0,6.0,0.0,0.0,5.0,1.0,1958.0,2.0,1.0,297.0,2.0,2.0,0.0,0.0,0.0,0.0,0.0,234.0,0.0,4.0,4.0,0.0,6.0,2009.0,155000.0,1.0,0.0,1.0,1.0,0.0,0.0,0.0,0.0,0.8356164383561644,0.8678082191780822,0.8205479452054795,0.36712328767123287,0.7883561643835616,0.1541095890410959,0.05547945205479452,0.9897260273972602,0.7205479452054795,0.1958904109589041,0.9821917808219178,0.1410958904109589,0.13493150684931507,0.43424657534246575,0.9780821917808219,0.06442769019876628,0.630891950688905
341,85.0,14191.0,0.0,0.0,0.0,3.0,8.0,5.0,2002.0,2002.0,0.0,1.0,2.0,1.0,2.0,3.0,5.0,0.0,5.0,0.0,967.0,967.0,0.0,993.0,915.0,0.0,1908.0,4.0,1.0,1.0,9.0,0.0,0.0,5.0,2.5,2002.0,0.0,2.0,431.0,2.0,2.0,0.0,135.0,0.0,0.0,0.0,0.0,0.0,4.0,4.0,0.0,4.0,2010.0,202900.0,1.0,0.0,1.0,0.0,0.0,0.0,0.0,0.0,0.8356164383561644,0.8678082191780822,0.8205479452054795,0.2047945205479452,0.7883561643835616,0.026027397260273973,0.863013698630137,0.9897260273972602,0.7205479452054795,0.7815068493150685,0.9821917808219178,0.3527397260273973,0.3452054794520548,0.44315068493150683,0.9780821917808219,0.914324880054832,0.630891950688905
342,60.0,8400.0,0.0,0.0,0.0,0.0,4.0,4.0,1950.0,1950.0,0.0,3.0,3.0,2.0,3.0,3.0,5.0,0.0,5.0,0.0,721.0,721.0,1.0,841.0,0.0,0.0,841.0,2.0,1.0,2.0,4.0,0.0,0.0,5.0,1.0,1950.0,2.0,1.0,294.0,2.0,2.0,2.0,250.0,0.0,24.0,0.0,0.0,0.0,4.0,4.0,0.0,9.0,2009.0,82000.0,1.0,0.0,1.0,0.0,0.0,0.0,0.0,0.0,0.8356164383561644,0.8678082191780822,0.8205479452054795,0.36712328767123287,0.010958904109589041,0.04041095890410959,0.05547945205479452,0.9897260273972602,0.7205479452054795,0.7815068493150685,0.9821917808219178,0.1410958904109589,0.0136986301369863,0.43424657534246575,0.9780821917808219,0.914324880054832,0.006526468455402465
343,57.6,8544.0,0.0,0.0,0.0,0.0,3.0,4.0,1949.0,1950.0,340.0,2.0,2.0,5.0,5.0,4.0,6.0,0.0,6.0,0.0,0.0,0.0,3.0,1040.0,0.0,0.0,1040.0,2.0,2.0,2.0,6.0,0.0,0.0,5.0,2.0,1949.0,2.0,2.0,400.0,2.0,2.0,0.0,0.0,0.0,0.0,0.0,0.0,0.0,4.0,4.0,0.0,5.0,2006.0,87500.0,1.0,0.0,0.0,1.0,0.0,0.0,0.0,0.0,0.03561643835616438,0.8678082191780822,0.8205479452054795,0.03561643835616438,0.7883561643835616,0.1541095890410959,0.863013698630137,0.9897260273972602,0.7205479452054795,0.7815068493150685,0.9821917808219178,0.017123287671232876,0.01780821917808219,0.01643835616438356,0.0027397260273972603,0.06442769019876628,0.28063814358230604
344,63.0,8849.0,1.0,0.0,0.0,0.0,9.0,5.0,2005.0,2005.0,616.0,0.0,2.0,0.0,2.0,3.0,0.0,28.0,5.0,0.0,1656.0,1684.0,0.0,1684.0,0.0,0.0,1684.0,2.0,1.0,0.0,6.0,0.0,1.0,0.0,2.0,2005.0,1.0,2.0,564.0,2.0,2.0,0.0,495.0,72.0,0.0,0.0,0.0,0.0,4.0,4.0,0.0,7.0,2008.0,266000.0,1.0,0.0,1.0,1.0,0.0,0.0,0.0,0.0,0.07808219178082192,0.8678082191780822,0.8205479452054795,0.05958904109589041,0.7883561643835616,0.05273972602739726,0.863013698630137,0.9897260273972602,0.7205479452054795,0.1958904109589041,0.9821917808219178,0.1506849315068493,0.14657534246575343,0.44315068493150683,0.9780821917808219,0.914324880054832,0.630891950688905
345,36.0,2592.0,0.0,0.0,0.0,3.0,5.0,3.0,1976.0,1976.0,0.0,2.0,2.0,1.0,2.0,3.0,3.0,129.0,2.0,232.0,175.0,536.0,2.0,536.0,576.0,0.0,1112.0,3.0,1.0,2.0,4.0,0.0,0.0,5.0,1.5,1976.0,2.0,1.0,336.0,2.0,2.0,0.0,182.0,0.0,0.0,0.0,0.0,0.0,4.0,4.0,0.0,4.0,2010.0,85000.0,1.0,0.0,1.0,0.0,0.0,0.0,0.0,0.0,0.07808219178082192,0.8678082191780822,0.8205479452054795,0.04315068493150685,0.14931506849315068,0.011643835616438357,0.863013698630137,0.9897260273972602,0.7205479452054795,0.7815068493150685,0.9821917808219178,0.04178082191780822,0.0410958904109589,0.43424657534246575,0.9780821917808219,0.914324880054832,0.630891950688905
346,65.0,6435.0,0.0,0.0,0.0,1.0,6.0,5.0,1939.0,1950.0,0.0,2.0,2.0,2.0,2.0,3.0,5.0,0.0,5.0,0.0,972.0,972.0,1.0,972.0,605.0,0.0,1577.0,3.0,1.0,3.0,6.0,0.0,1.0,1.0,1.0,1939.0,2.0,1.0,312.0,2.0,2.0,0.0,0.0,0.0,0.0,0.0,0.0,0.0,4.0,4.0,0.0,10.0,2006.0,140200.0,1.0,0.0,1.0,0.0,0.0,0.0,0.0,0.0,0.8356164383561644,0.8678082191780822,0.8205479452054795,0.09863013698630137,0.7883561643835616,0.03972602739726028,0.01780821917808219,0.9897260273972602,0.7205479452054795,0.7815068493150685,0.9821917808219178,0.1506849315068493,0.14657534246575343,0.1,0.9780821917808219,0.914324880054832,0.28063814358230604
347,78.0,12772.0,1.0,0.0,0.0,0.0,6.0,8.0,1960.0,1998.0,0.0,2.0,1.0,2.0,2.0,2.0,2.0,498.0,5.0,0.0,460.0,958.0,2.0,958.0,0.0,0.0,958.0,2.0,1.0,2.0,5.0,0.0,0.0,5.0,1.0,1960.0,1.0,1.0,301.0,2.0,2.0,0.0,0.0,0.0,0.0,0.0,0.0,0.0,4.0,4.0,15500.0,4.0,2007.0,151500.0,1.0,0.0,1.0,0.0,0.0,0.0,0.0,0.0,0.8356164383561644,0.8678082191780822,0.8205479452054795,0.36712328767123287,0.7883561643835616,0.1541095890410959,0.863013698630137,0.9897260273972602,0.06438356164383562,0.1958904109589041,0.9821917808219178,0.1506849315068493,0.14657534246575343,0.43424657534246575,0.9780821917808219,0.914324880054832,0.630891950688905
348,71.8,17600.0,1.0,0.0,0.0,0.0,6.0,5.0,1960.0,1960.0,30.0,2.0,2.0,2.0,2.0,3.0,2.0,1270.0,5.0,0.0,208.0,1478.0,0.0,1478.0,0.0,0.0,1478.0,3.0,1.0,2.0,6.0,0.0,2.0,1.0,3.0,1960.0,2.0,2.0,498.0,2.0,2.0,0.0,0.0,40.0,0.0,0.0,0.0,0.0,4.0,4.0,0.0,12.0,2009.0,157500.0,1.0,0.0,1.0,1.0,0.0,0.0,0.0,0.0,0.8356164383561644,0.8678082191780822,0.8205479452054795,0.36712328767123287,0.7883561643835616,0.1541095890410959,0.863013698630137,0.9897260273972602,0.7205479452054795,0.7815068493150685,0.9821917808219178,0.1410958904109589,0.13493150684931507,0.43424657534246575,0.9780821917808219,0.06442769019876628,0.630891950688905
349,36.0,2448.0,0.0,0.0,0.0,3.0,7.0,5.0,2003.0,2004.0,106.0,1.0,2.0,1.0,2.0,3.0,0.0,573.0,5.0,0.0,191.0,764.0,0.0,764.0,862.0,0.0,1626.0,2.0,1.0,1.0,6.0,0.0,0.0,5.0,3.5,2003.0,1.0,2.0,474.0,2.0,2.0,0.0,0.0,27.0,0.0,0.0,0.0,0.0,4.0,4.0,0.0,10.0,2008.0,154000.0,1.0,0.0,1.0,0.0,1.0,0.0,0.0,0.0,0.02945205479452055,0.8678082191780822,0.8205479452054795,0.04315068493150685,0.7883561643835616,0.05273972602739726,0.863013698630137,0.9897260273972602,0.7205479452054795,0.7815068493150685,0.9821917808219178,0.3527397260273973,0.026027397260273973,0.44315068493150683,0.9780821917808219,0.914324880054832,0.06381435823060189
350,56.0,20431.0,2.0,0.0,0.0,3.0,9.0,5.0,2005.0,2006.0,870.0,0.0,2.0,0.0,2.0,3.0,0.0,1410.0,5.0,0.0,438.0,1848.0,0.0,1848.0,880.0,0.0,2728.0,4.0,1.0,0.0,10.0,0.0,2.0,0.0,3.5,2006.0,0.0,3.0,706.0,2.0,2.0,0.0,0.0,0.0,0.0,0.0,0.0,0.0,4.0,4.0,0.0,4.0,2006.0,437154.0,1.0,0.0,1.0,1.0,0.0,0.0,0.0,0.0,0.8356164383561644,0.08356164383561644,0.08561643835616438,0.2047945205479452,0.7883561643835616,0.05273972602739726,0.863013698630137,0.9897260273972602,0.7205479452054795,0.1958904109589041,0.9821917808219178,0.04178082191780822,0.0410958904109589,0.44315068493150683,0.9780821917808219,0.914324880054832,0.630891950688905
351,68.0,7820.0,1.0,0.0,0.0,0.0,9.0,5.0,2007.0,2007.0,362.0,0.0,2.0,0.0,2.0,3.0,5.0,0.0,5.0,0.0,1869.0,1869.0,0.0,1869.0,0.0,0.0,1869.0,2.0,1.0,0.0,6.0,0.0,1.0,1.0,2.0,2007.0,1.0,2.0,617.0,2.0,2.0,0.0,210.0,54.0,0.0,0.0,0.0,0.0,4.0,4.0,0.0,12.0,2007.0,318061.0,1.0,0.0,1.0,1.0,0.0,0.0,0.0,0.0,0.07808219178082192,0.08356164383561644,0.08561643835616438,0.05958904109589041,0.7883561643835616,0.05273972602739726,0.863013698630137,0.9897260273972602,0.7205479452054795,0.1958904109589041,0.9821917808219178,0.1506849315068493,0.14657534246575343,0.44315068493150683,0.9780821917808219,0.914324880054832,0.630891950688905
352,48.2,5271.0,1.0,3.0,1.0,0.0,7.0,5.0,1986.0,1986.0,0.0,2.0,2.0,1.0,2.0,0.0,0.0,1082.0,5.0,0.0,371.0,1453.0,1.0,1453.0,0.0,0.0,1453.0,2.0,1.0,1.0,6.0,0.0,1.0,2.0,2.5,1986.0,1.0,2.0,445.0,2.0,2.0,0.0,0.0,80.0,0.0,0.0,184.0,0.0,4.0,4.0,0.0,12.0,2006.0,190000.0,1.0,0.0,1.0,0.0,0.0,0.0,0.0,0.0,0.8356164383561644,0.8678082191780822,0.06917808219178082,0.05958904109589041,0.7883561643835616,0.019178082191780823,0.863013698630137,0.9897260273972602,0.7205479452054795,0.7815068493150685,0.9821917808219178,0.1410958904109589,0.13493150684931507,0.44315068493150683,0.9780821917808219,0.914324880054832,0.630891950688905
353,60.0,9084.0,0.0,0.0,0.0,1.0,5.0,6.0,1941.0,1950.0,0.0,2.0,2.0,2.0,3.0,2.0,4.0,236.0,3.0,380.0,0.0,616.0,2.0,616.0,495.0,0.0,1111.0,3.0,1.0,2.0,5.0,0.0,0.0,5.0,1.5,1941.0,2.0,1.0,200.0,2.0,3.0,0.0,48.0,0.0,0.0,0.0,0.0,0.0,4.0,4.0,0.0,3.0,2008.0,95000.0,1.0,0.0,0.0,0.0,0.0,0.0,0.0,0.0,0.8356164383561644,0.003424657534246575,0.8205479452054795,0.09863013698630137,0.7883561643835616,0.0684931506849315,0.03287671232876712,0.9897260273972602,0.7205479452054795,0.7815068493150685,0.9821917808219178,0.3527397260273973,0.3452054794520548,0.43424657534246575,0.9780821917808219,0.914324880054832,0.28063814358230604
354,60.0,8520.0,0.0,0.0,0.0,0.0,6.0,8.0,1928.0,2003.0,0.0,2.0,1.0,2.0,2.0,3.0,5.0,0.0,5.0,0.0,624.0,624.0,1.0,720.0,0.0,0.0,720.0,2.0,1.0,2.0,5.0,0.0,0.0,5.0,1.0,2005.0,2.0,2.0,484.0,2.0,2.0,0.0,106.0,0.0,0.0,0.0,0.0,0.0,4.0,4.0,0.0,5.0,2010.0,105900.0,1.0,0.0,1.0,0.0,0.0,0.0,0.0,0.0,0.8356164383561644,0.8678082191780822,0.8205479452054795,0.04726027397260274,0.14931506849315068,0.0773972602739726,0.863013698630137,0.9897260273972602,0.7205479452054795,0.7815068493150685,0.9821917808219178,0.3527397260273973,0.3452054794520548,0.1,0.9780821917808219,0.914324880054832,0.28063814358230604
355,60.0,8400.0,0.0,1.0,0.0,1.0,6.0,5.0,1940.0,2000.0,0.0,2.0,2.0,2.0,2.0,3.0,4.0,388.0,5.0,0.0,552.0,940.0,0.0,1192.0,403.0,0.0,1595.0,2.0,1.0,2.0,6.0,0.0,2.0,1.0,1.0,1940.0,2.0,1.0,240.0,2.0,2.0,0.0,0.0,0.0,108.0,0.0,0.0,0.0,4.0,4.0,0.0,6.0,2006.0,140000.0,1.0,0.0,1.0,0.0,0.0,0.0,0.0,0.0,0.8356164383561644,0.8678082191780822,0.8205479452054795,0.09863013698630137,0.7883561643835616,0.017123287671232876,0.863013698630137,0.9897260273972602,0.7205479452054795,0.7815068493150685,0.9821917808219178,0.1410958904109589,0.14657534246575343,0.43424657534246575,0.9780821917808219,0.914324880054832,0.630891950688905
356,105.0,11249.0,2.0,0.0,0.0,0.0,6.0,5.0,1995.0,1995.0,0.0,1.0,1.0,1.0,1.0,3.0,1.0,334.0,2.0,544.0,322.0,1200.0,0.0,1200.0,0.0,0.0,1200.0,3.0,1.0,1.0,6.0,0.0,0.0,5.0,3.0,1995.0,1.0,2.0,521.0,2.0,2.0,0.0,0.0,26.0,0.0,0.0,0.0,0.0,4.0,4.0,0.0,8.0,2007.0,177500.0,1.0,0.0,1.0,0.0,0.0,0.0,0.0,0.0,0.8356164383561644,0.8678082191780822,0.8205479452054795,0.36712328767123287,0.7883561643835616,0.10273972602739725,0.863013698630137,0.9897260273972602,0.7205479452054795,0.7815068493150685,0.9821917808219178,0.3527397260273973,0.3452054794520548,0.44315068493150683,0.9780821917808219,0.914324880054832,0.630891950688905
357,70.4,9248.0,1.0,0.0,0.0,0.0,6.0,6.0,1992.0,1992.0,106.0,2.0,2.0,1.0,2.0,3.0,0.0,560.0,5.0,0.0,598.0,1158.0,1.0,1167.0,0.0,0.0,1167.0,3.0,1.0,1.0,6.0,0.0,0.0,5.0,3.0,1992.0,1.0,2.0,400.0,2.0,2.0,0.0,120.0,26.0,0.0,0.0,0.0,0.0,4.0,4.0,0.0,7.0,2009.0,173000.0,1.0,0.0,1.0,1.0,0.0,0.0,0.0,0.0,0.8356164383561644,0.8678082191780822,0.8205479452054795,0.36712328767123287,0.7883561643835616,0.05410958904109589,0.863013698630137,0.9897260273972602,0.7205479452054795,0.7815068493150685,0.9821917808219178,0.15205479452054796,0.14178082191780822,0.44315068493150683,0.9780821917808219,0.914324880054832,0.630891950688905
358,44.0,4224.0,0.0,0.0,0.0,0.0,5.0,5.0,1976.0,1976.0,0.0,2.0,2.0,1.0,2.0,3.0,1.0,874.0,5.0,0.0,268.0,1142.0,2.0,1142.0,0.0,0.0,1142.0,3.0,1.0,2.0,6.0,0.0,1.0,4.0,2.5,1976.0,0.0,2.0,528.0,2.0,2.0,0.0,536.0,90.0,0.0,0.0,0.0,0.0,4.0,1.0,0.0,8.0,2007.0,134000.0,1.0,0.0,1.0,0.0,0.0,0.0,0.0,0.0,0.07808219178082192,0.8678082191780822,0.8205479452054795,0.05958904109589041,0.14931506849315068,0.011643835616438357,0.863013698630137,0.9897260273972602,0.7205479452054795,0.7815068493150685,0.9821917808219178,0.04178082191780822,0.0410958904109589,0.44315068493150683,0.9780821917808219,0.914324880054832,0.630891950688905
359,92.0,6930.0,1.0,0.0,0.0,7.0,5.0,4.0,1958.0,1958.0,120.0,2.0,2.0,2.0,2.0,1.0,2.0,300.0,3.0,294.0,468.0,1062.0,0.0,1352.0,0.0,0.0,1352.0,3.0,1.0,1.0,6.0,2.0,0.0,5.0,1.5,1958.0,2.0,1.0,288.0,2.0,2.0,0.0,168.0,0.0,294.0,0.0,0.0,0.0,4.0,4.0,0.0,7.0,2006.0,130000.0,1.0,0.0,1.0,1.0,0.0,0.0,0.0,0.0,0.8356164383561644,0.8678082191780822,0.06917808219178082,0.03972602739726028,0.7883561643835616,0.019178082191780823,0.863013698630137,0.9897260273972602,0.7205479452054795,0.1958904109589041,0.9821917808219178,0.1410958904109589,0.00684931506849315,0.43424657534246575,0.9780821917808219,0.018505825908156272,0.06381435823060189
360,78.0,12011.0,1.0,0.0,0.0,3.0,8.0,5.0,1998.0,1998.0,530.0,1.0,2.0,1.0,2.0,1.0,0.0,956.0,5.0,0.0,130.0,1086.0,0.0,1086.0,838.0,0.0,1924.0,3.0,1.0,1.0,7.0,0.0,1.0,2.0,3.5,1998.0,1.0,2.0,592.0,2.0,2.0,0.0,208.0,75.0,0.0,0.0,374.0,0.0,4.0,4.0,0.0,6.0,2006.0,280000.0,1.0,0.0,1.0,1.0,0.0,0.0,0.0,0.0,0.8356164383561644,0.8678082191780822,0.8205479452054795,0.2047945205479452,0.7883561643835616,0.028082191780821917,0.863013698630137,0.9897260273972602,0.06438356164383562,0.7815068493150685,0.9821917808219178,0.3527397260273973,0.3452054794520548,0.44315068493150683,0.9780821917808219,0.914324880054832,0.630891950688905
361,64.0,7540.0,1.0,0.0,0.0,6.0,6.0,6.0,1978.0,1978.0,0.0,2.0,2.0,1.0,2.0,1.0,0.0,773.0,5.0,0.0,115.0,888.0,0.0,912.0,0.0,0.0,912.0,2.0,1.0,2.0,5.0,0.0,1.0,2.0,2.0,1978.0,1.0,2.0,470.0,2.0,2.0,0.0,0.0,0.0,0.0,0.0,192.0,0.0,4.0,1.0,0.0,6.0,2007.0,156000.0,1.0,0.0,1.0,0.0,0.0,0.0,0.0,0.0,0.8356164383561644,0.8678082191780822,0.8205479452054795,0.0136986301369863,0.7883561643835616,0.03356164383561644,0.863013698630137,0.9897260273972602,0.06438356164383562,0.7815068493150685,0.9821917808219178,0.3527397260273973,0.3452054794520548,0.43424657534246575,0.9780821917808219,0.914324880054832,0.630891950688905
362,68.4,9144.0,0.0,0.0,0.0,1.0,5.0,5.0,1940.0,1982.0,0.0,2.0,2.0,2.0,2.0,3.0,3.0,399.0,5.0,0.0,484.0,883.0,1.0,988.0,517.0,0.0,1505.0,3.0,1.0,2.0,8.0,0.0,0.0,5.0,2.0,1940.0,2.0,1.0,240.0,2.0,2.0,2.0,0.0,0.0,0.0,0.0,0.0,0.0,4.0,4.0,0.0,7.0,2008.0,145000.0,1.0,1.0,1.0,0.0,0.0,0.0,0.0,0.0,0.8356164383561644,0.8678082191780822,0.8205479452054795,0.09863013698630137,0.7883561643835616,0.03972602739726028,0.863013698630137,0.9897260273972602,0.7205479452054795,0.7815068493150685,0.9821917808219178,0.1506849315068493,0.14657534246575343,0.43424657534246575,0.9780821917808219,0.914324880054832,0.28063814358230604
363,64.0,7301.0,0.0,0.0,0.0,6.0,7.0,5.0,2003.0,2003.0,500.0,1.0,2.0,5.0,5.0,4.0,6.0,0.0,6.0,0.0,0.0,0.0,0.0,495.0,1427.0,0.0,1922.0,4.0,1.0,1.0,7.0,0.0,1.0,0.0,3.0,2003.0,1.0,2.0,672.0,2.0,2.0,0.0,0.0,0.0,177.0,0.0,0.0,0.0,4.0,4.0,0.0,7.0,2009.0,198500.0,1.0,0.0,1.0,1.0,0.0,0.0,0.0,0.0,0.8356164383561644,0.0061643835616438354,0.8205479452054795,0.0136986301369863,0.7883561643835616,0.0684931506849315,0.863013698630137,0.9897260273972602,0.18013698630136987,0.7815068493150685,0.9821917808219178,0.15205479452054796,0.14178082191780822,0.01643835616438356,0.9780821917808219,0.914324880054832,0.06381435823060189
364,21.0,1680.0,0.0,0.0,0.0,3.0,6.0,8.0,1972.0,2007.0,510.0,2.0,2.0,2.0,2.0,3.0,1.0,162.0,5.0,0.0,321.0,483.0,1.0,483.0,504.0,0.0,987.0,2.0,1.0,1.0,5.0,0.0,0.0,5.0,1.5,1972.0,2.0,1.0,264.0,2.0,2.0,0.0,250.0,0.0,0.0,0.0,0.0,0.0,4.0,4.0,0.0,5.0,2009.0,118000.0,1.0,0.0,1.0,1.0,0.0,0.0,0.0,0.0,0.02945205479452055,0.8678082191780822,0.8205479452054795,0.04315068493150685,0.14931506849315068,0.010958904109589041,0.863013698630137,0.9897260273972602,0.7205479452054795,0.7815068493150685,0.9821917808219178,0.15205479452054796,0.14178082191780822,0.43424657534246575,0.9780821917808219,0.914324880054832,0.28063814358230604
365,74.6,18800.0,1.0,0.0,0.0,3.0,6.0,5.0,1976.0,1976.0,120.0,2.0,2.0,1.0,2.0,2.0,0.0,712.0,5.0,0.0,84.0,796.0,2.0,790.0,784.0,0.0,1574.0,3.0,1.0,2.0,6.0,0.0,1.0,2.0,3.5,1976.0,0.0,2.0,566.0,2.0,2.0,0.0,306.0,111.0,0.0,0.0,0.0,0.0,4.0,4.0,0.0,7.0,2006.0,190000.0,1.0,0.0,1.0,1.0,0.0,0.0,0.0,0.0,0.8356164383561644,0.8678082191780822,0.8205479452054795,0.2047945205479452,0.7883561643835616,0.05,0.863013698630137,0.9897260273972602,0.03219178082191781,0.7815068493150685,0.9821917808219178,0.15205479452054796,0.14178082191780822,0.44315068493150683,0.9780821917808219,0.914324880054832,0.630891950688905
366,59.0,10690.0,0.0,0.0,0.0,3.0,5.0,7.0,1920.0,1997.0,0.0,2.0,1.0,2.0,3.0,3.0,3.0,456.0,5.0,0.0,216.0,672.0,1.0,672.0,672.0,0.0,1344.0,3.0,1.0,2.0,6.0,0.0,0.0,5.0,1.0,1964.0,2.0,1.0,468.0,2.0,3.0,0.0,0.0,128.0,218.0,0.0,0.0,0.0,4.0,4.0,0.0,7.0,2009.0,147000.0,1.0,0.0,1.0,0.0,0.0,0.0,0.0,0.0,0.8356164383561644,0.8678082191780822,0.8205479452054795,0.0410958904109589,0.14931506849315068,0.025342465753424658,0.863013698630137,0.9897260273972602,0.7205479452054795,0.1958904109589041,0.9821917808219178,0.3527397260273973,0.3452054794520548,0.43424657534246575,0.9780821917808219,0.06442769019876628,0.28063814358230604
367,81.6,9500.0,1.0,0.0,0.0,0.0,6.0,5.0,1963.0,1963.0,247.0,2.0,2.0,1.0,2.0,3.0,2.0,609.0,5.0,0.0,785.0,1394.0,1.0,1394.0,0.0,0.0,1394.0,3.0,1.0,2.0,6.0,0.0,2.0,1.0,2.5,1963.0,1.0,2.0,514.0,2.0,2.0,0.0,0.0,76.0,0.0,0.0,185.0,0.0,4.0,4.0,0.0,7.0,2009.0,159000.0,1.0,0.0,1.0,1.0,0.0,0.0,0.0,0.0,0.8356164383561644,0.8678082191780822,0.8205479452054795,0.36712328767123287,0.7883561643835616,0.1541095890410959,0.863013698630137,0.9897260273972602,0.7205479452054795,0.7815068493150685,0.9821917808219178,0.07397260273972603,0.09726027397260274,0.43424657534246575,0.9780821917808219,0.914324880054832,0.630891950688905
368,101.0,9150.0,1.0,0.0,0.0,7.0,6.0,5.0,1962.0,1962.0,305.0,2.0,2.0,1.0,2.0,0.0,0.0,371.0,5.0,0.0,728.0,1099.0,1.0,1431.0,0.0,0.0,1431.0,3.0,1.0,2.0,6.0,0.0,1.0,1.0,1.5,1962.0,1.0,1.0,296.0,2.0,2.0,0.0,64.0,110.0,0.0,0.0,0.0,0.0,4.0,4.0,0.0,12.0,2008.0,165000.0,1.0,0.0,1.0,1.0,0.0,0.0,0.0,0.0,0.8356164383561644,0.8678082191780822,0.8205479452054795,0.03972602739726028,0.7883561643835616,0.1541095890410959,0.863013698630137,0.9897260273972602,0.18013698630136987,0.7815068493150685,0.007534246575342466,0.07397260273972603,0.09726027397260274,0.43424657534246575,0.9780821917808219,0.914324880054832,0.013778100072516316
369,78.0,7800.0,0.0,0.0,0.0,0.0,5.0,6.0,1954.0,1954.0,200.0,2.0,2.0,2.0,2.0,3.0,4.0,540.0,5.0,0.0,728.0,1268.0,1.0,1268.0,0.0,0.0,1268.0,2.0,1.0,2.0,7.0,0.0,1.0,1.0,1.0,1954.0,0.0,1.0,244.0,2.0,2.0,0.0,0.0,98.0,0.0,0.0,0.0,0.0,4.0,4.0,0.0,3.0,2010.0,132000.0,1.0,0.0,1.0,1.0,0.0,0.0,0.0,0.0,0.8356164383561644,0.8678082191780822,0.8205479452054795,0.36712328767123287,0.7883561643835616,0.1541095890410959,0.863013698630137,0.9897260273972602,0.7205479452054795,0.7815068493150685,0.9821917808219178,0.15205479452054796,0.14178082191780822,0.44315068493150683,0.9780821917808219,0.914324880054832,0.630891950688905
370,67.6,9830.0,1.0,0.0,0.0,0.0,5.0,7.0,1959.0,2006.0,0.0,2.0,1.0,2.0,2.0,3.0,1.0,72.0,3.0,258.0,733.0,1063.0,0.0,1287.0,0.0,0.0,1287.0,3.0,1.0,1.0,7.0,0.0,1.0,1.0,2.0,1997.0,0.0,2.0,576.0,2.0,2.0,0.0,364.0,17.0,0.0,0.0,182.0,0.0,4.0,4.0,0.0,3.0,2010.0,162000.0,1.0,0.0,1.0,0.0,0.0,0.0,0.0,0.0,0.8356164383561644,0.8678082191780822,0.8205479452054795,0.36712328767123287,0.7883561643835616,0.1541095890410959,0.863013698630137,0.9897260273972602,0.18013698630136987,0.7815068493150685,0.9821917808219178,0.1410958904109589,0.13493150684931507,0.43424657534246575,0.9780821917808219,0.914324880054832,0.28063814358230604
371,66.4,8121.0,1.0,0.0,0.0,3.0,6.0,5.0,2000.0,2000.0,0.0,2.0,2.0,1.0,2.0,3.0,5.0,0.0,5.0,0.0,953.0,953.0,0.0,953.0,711.0,0.0,1664.0,3.0,1.0,2.0,7.0,0.0,1.0,2.0,2.5,2000.0,1.0,2.0,460.0,2.0,2.0,0.0,100.0,40.0,0.0,0.0,0.0,0.0,4.0,4.0,0.0,1.0,2006.0,172400.0,1.0,0.0,1.0,0.0,0.0,0.0,0.0,0.0,0.8356164383561644,0.8678082191780822,0.8205479452054795,0.2047945205479452,0.7883561643835616,0.05410958904109589,0.863013698630137,0.9897260273972602,0.7205479452054795,0.7815068493150685,0.9821917808219178,0.3527397260273973,0.3452054794520548,0.44315068493150683,0.9780821917808219,0.914324880054832,0.630891950688905
372,80.0,17120.0,0.0,0.0,0.0,1.0,4.0,4.0,1959.0,1959.0,0.0,2.0,2.0,5.0,5.0,4.0,6.0,0.0,6.0,0.0,0.0,0.0,2.0,1120.0,468.0,0.0,1588.0,4.0,1.0,2.0,7.0,2.0,1.0,1.0,2.0,1991.0,0.0,2.0,680.0,2.0,2.0,2.0,0.0,59.0,0.0,0.0,0.0,0.0,4.0,4.0,0.0,7.0,2008.0,134432.0,1.0,0.0,1.0,0.0,0.0,0.0,0.0,0.0,0.8356164383561644,0.8678082191780822,0.8205479452054795,0.09863013698630137,0.7883561643835616,0.019178082191780823,0.05547945205479452,0.9897260273972602,0.7205479452054795,0.7815068493150685,0.9821917808219178,0.01780821917808219,0.09726027397260274,0.43424657534246575,0.9780821917808219,0.914324880054832,0.28063814358230604
373,50.0,7175.0,0.0,0.0,0.0,0.0,6.0,5.0,1984.0,1984.0,0.0,2.0,2.0,1.0,2.0,3.0,1.0,623.0,4.0,121.0,0.0,744.0,2.0,752.0,0.0,0.0,752.0,2.0,1.0,2.0,4.0,0.0,0.0,5.0,2.0,1984.0,2.0,1.0,264.0,2.0,2.0,0.0,353.0,0.0,0.0,0.0,90.0,0.0,4.0,1.0,0.0,2.0,2010.0,125000.0,1.0,0.0,1.0,0.0,0.0,0.0,0.0,0.0,0.07808219178082192,0.8678082191780822,0.8205479452054795,0.05958904109589041,0.7883561643835616,0.04041095890410959,0.863013698630137,0.9897260273972602,0.7205479452054795,0.7815068493150685,0.9821917808219178,0.07397260273972603,0.09726027397260274,0.43424657534246575,0.9780821917808219,0.914324880054832,0.630891950688905
374,79.0,10634.0,0.0,0.0,0.0,0.0,5.0,6.0,1953.0,1953.0,0.0,2.0,2.0,2.0,2.0,3.0,2.0,428.0,4.0,180.0,0.0,608.0,2.0,1319.0,0.0,0.0,1319.0,3.0,1.0,2.0,5.0,2.0,0.0,5.0,2.0,1953.0,2.0,1.0,270.0,2.0,2.0,0.0,66.0,0.0,0.0,0.0,0.0,0.0,4.0,2.0,0.0,11.0,2009.0,123000.0,1.0,0.0,1.0,0.0,0.0,0.0,0.0,0.0,0.8356164383561644,0.8678082191780822,0.8205479452054795,0.36712328767123287,0.7883561643835616,0.1541095890410959,0.863013698630137,0.9897260273972602,0.7205479452054795,0.7815068493150685,0.9821917808219178,0.1506849315068493,0.14657534246575343,0.44315068493150683,0.9780821917808219,0.914324880054832,0.630891950688905
375,65.0,8200.0,0.0,0.0,0.0,3.0,7.0,5.0,2003.0,2004.0,0.0,1.0,2.0,1.0,2.0,3.0,5.0,0.0,5.0,0.0,847.0,847.0,0.0,847.0,1081.0,0.0,1928.0,4.0,1.0,1.0,8.0,0.0,1.0,1.0,2.5,2003.0,0.0,2.0,434.0,2.0,2.0,0.0,100.0,48.0,0.0,0.0,0.0,0.0,4.0,4.0,0.0,7.0,2007.0,219500.0,1.0,0.0,1.0,0.0,0.0,0.0,0.0,0.0,0.8356164383561644,0.8678082191780822,0.8205479452054795,0.2047945205479452,0.7883561643835616,0.10273972602739725,0.863013698630137,0.9897260273972602,0.7205479452054795,0.7815068493150685,0.9821917808219178,0.3527397260273973,0.3452054794520548,0.44315068493150683,0.9780821917808219,0.914324880054832,0.06381435823060189
376,58.6,10020.0,1.0,3.0,2.0,0.0,1.0,1.0,1922.0,1950.0,0.0,3.0,3.0,3.0,4.0,0.0,2.0,350.0,5.0,0.0,333.0,683.0,1.0,904.0,0.0,0.0,904.0,1.0,1.0,3.0,4.0,4.0,0.0,5.0,1.5,1943.8,3.0,0.0,0.0,5.0,5.0,0.0,0.0,0.0,0.0,0.0,0.0,0.0,4.0,4.0,0.0,3.0,2009.0,61000.0,1.0,0.0,0.0,0.0,0.0,0.0,0.0,0.0,0.8356164383561644,0.8678082191780822,0.8205479452054795,0.04726027397260274,0.7883561643835616,0.0684931506849315,0.863013698630137,0.9897260273972602,0.7205479452054795,0.7815068493150685,0.9821917808219178,0.1410958904109589,0.13493150684931507,0.1,0.9780821917808219,0.06442769019876628,0.3506889050036258
377,57.0,8846.0,1.0,0.0,0.0,6.0,5.0,5.0,1996.0,1996.0,0.0,1.0,2.0,1.0,2.0,1.0,0.0,298.0,5.0,0.0,572.0,870.0,0.0,914.0,0.0,0.0,914.0,2.0,1.0,2.0,5.0,0.0,0.0,5.0,1.0,1998.0,2.0,2.0,576.0,2.0,2.0,0.0,0.0,0.0,0.0,0.0,0.0,0.0,4.0,4.0,0.0,7.0,2006.0,148000.0,1.0,0.0,1.0,0.0,0.0,0.0,0.0,0.0,0.8356164383561644,0.8678082191780822,0.8205479452054795,0.0136986301369863,0.7883561643835616,0.10273972602739725,0.863013698630137,0.9897260273972602,0.06438356164383562,0.7815068493150685,0.9821917808219178,0.3527397260273973,0.3452054794520548,0.44315068493150683,0.9780821917808219,0.914324880054832,0.28063814358230604
378,102.0,11143.0,1.0,0.0,0.0,3.0,8.0,5.0,2004.0,2005.0,0.0,1.0,2.0,1.0,2.0,3.0,5.0,0.0,5.0,0.0,1580.0,1580.0,0.0,1580.0,886.0,0.0,2466.0,4.0,1.0,1.0,8.0,0.0,1.0,1.0,3.0,2004.0,1.0,2.0,610.0,2.0,2.0,0.0,159.0,214.0,0.0,0.0,0.0,0.0,4.0,4.0,0.0,12.0,2007.0,340000.0,1.0,0.0,1.0,0.0,0.0,0.0,0.0,0.0,0.8356164383561644,0.8678082191780822,0.8205479452054795,0.2047945205479452,0.04452054794520548,0.0589041095890411,0.863013698630137,0.9897260273972602,0.18013698630136987,0.7815068493150685,0.9821917808219178,0.04178082191780822,0.0410958904109589,0.44315068493150683,0.9780821917808219,0.914324880054832,0.630891950688905
379,88.0,11394.0,0.0,0.0,0.0,0.0,9.0,2.0,2010.0,2010.0,350.0,1.0,2.0,0.0,2.0,1.0,0.0,1445.0,5.0,0.0,411.0,1856.0,0.0,1856.0,0.0,0.0,1856.0,1.0,1.0,0.0,8.0,0.0,1.0,0.0,2.5,2010.0,0.0,3.0,834.0,2.0,2.0,0.0,113.0,0.0,0.0,0.0,0.0,0.0,4.0,4.0,0.0,6.0,2010.0,394432.0,1.0,0.0,1.0,0.0,1.0,0.0,0.0,0.0,0.8356164383561644,0.08356164383561644,0.08561643835616438,0.36712328767123287,0.7883561643835616,0.017123287671232876,0.863013698630137,0.9897260273972602,0.18013698630136987,0.1958904109589041,0.9821917808219178,0.3527397260273973,0.3452054794520548,0.44315068493150683,0.9780821917808219,0.914324880054832,0.630891950688905
380,60.0,8123.0,1.0,0.0,0.0,3.0,6.0,5.0,2000.0,2000.0,16.0,2.0,2.0,1.0,2.0,3.0,5.0,0.0,5.0,0.0,982.0,982.0,0.0,1007.0,793.0,0.0,1800.0,3.0,1.0,2.0,7.0,0.0,1.0,2.0,2.5,2000.0,0.0,2.0,463.0,2.0,2.0,0.0,100.0,63.0,0.0,0.0,0.0,0.0,4.0,4.0,0.0,6.0,2009.0,179000.0,1.0,0.0,1.0,1.0,0.0,0.0,0.0,0.0,0.8356164383561644,0.8678082191780822,0.8205479452054795,0.2047945205479452,0.7883561643835616,0.05410958904109589,0.01780821917808219,0.9897260273972602,0.7205479452054795,0.7815068493150685,0.9821917808219178,0.3527397260273973,0.3452054794520548,0.44315068493150683,0.9780821917808219,0.914324880054832,0.630891950688905
381,50.0,5000.0,0.0,0.0,0.0,1.0,5.0,6.0,1924.0,1950.0,0.0,2.0,2.0,2.0,2.0,3.0,4.0,218.0,5.0,0.0,808.0,1026.0,2.0,1026.0,665.0,0.0,1691.0,3.0,1.0,1.0,6.0,0.0,1.0,1.0,2.0,1924.0,2.0,1.0,308.0,2.0,2.0,0.0,0.0,0.0,242.0,0.0,0.0,0.0,4.0,4.0,0.0,5.0,2010.0,127000.0,1.0,1.0,1.0,0.0,0.0,0.0,0.0,0.0,0.8356164383561644,0.8678082191780822,0.8205479452054795,0.09863013698630137,0.7883561643835616,0.017123287671232876,0.863013698630137,0.9897260273972602,0.7205479452054795,0.7815068493150685,0.9821917808219178,0.03424657534246575,0.13493150684931507,0.1,0.9780821917808219,0.914324880054832,0.28063814358230604
382,60.0,7200.0,0.0,0.0,0.0,0.0,7.0,5.0,2006.0,2006.0,0.0,1.0,2.0,1.0,1.0,3.0,5.0,0.0,5.0,0.0,1293.0,1293.0,0.0,1301.0,0.0,0.0,1301.0,2.0,1.0,1.0,5.0,0.0,1.0,1.0,3.0,2006.0,1.0,2.0,572.0,2.0,2.0,0.0,216.0,121.0,0.0,0.0,0.0,0.0,4.0,4.0,0.0,8.0,2006.0,187750.0,1.0,1.0,1.0,0.0,0.0,0.0,0.0,0.0,0.8356164383561644,0.08356164383561644,0.08561643835616438,0.36712328767123287,0.04452054794520548,0.0589041095890411,0.863013698630137,0.9897260273972602,0.7205479452054795,0.7815068493150685,0.9821917808219178,0.3527397260273973,0.3452054794520548,0.44315068493150683,0.9780821917808219,0.914324880054832,0.630891950688905
383,79.0,9245.0,1.0,0.0,0.0,3.0,7.0,5.0,2006.0,2006.0,0.0,1.0,2.0,1.0,2.0,1.0,5.0,0.0,5.0,0.0,939.0,939.0,0.0,939.0,858.0,0.0,1797.0,3.0,1.0,1.0,8.0,0.0,0.0,5.0,2.5,2006.0,1.0,2.0,639.0,2.0,2.0,0.0,144.0,53.0,0.0,0.0,0.0,0.0,4.0,4.0,0.0,4.0,2007.0,213500.0,1.0,0.0,1.0,0.0,0.0,0.0,0.0,0.0,0.8356164383561644,0.8678082191780822,0.8205479452054795,0.2047945205479452,0.7883561643835616,0.10273972602739725,0.863013698630137,0.9897260273972602,0.7205479452054795,0.7815068493150685,0.9821917808219178,0.3527397260273973,0.3452054794520548,0.44315068493150683,0.9780821917808219,0.914324880054832,0.630891950688905
384,60.0,9000.0,0.0,0.0,0.0,2.0,6.0,3.0,1928.0,1950.0,0.0,2.0,2.0,3.0,3.0,3.0,5.0,0.0,5.0,0.0,784.0,784.0,2.0,784.0,0.0,0.0,784.0,2.0,1.0,2.0,5.0,0.0,0.0,5.0,1.0,1950.0,2.0,2.0,360.0,3.0,3.0,2.0,0.0,0.0,91.0,0.0,0.0,0.0,4.0,4.0,0.0,10.0,2009.0,76000.0,1.0,0.0,0.0,0.0,0.0,0.0,0.0,0.0,0.8356164383561644,0.8678082191780822,0.8205479452054795,0.00821917808219178,0.010958904109589041,0.04041095890410959,0.863013698630137,0.9897260273972602,0.18013698630136987,0.7815068493150685,0.9821917808219178,0.1410958904109589,0.13493150684931507,0.1,0.9780821917808219,0.06442769019876628,0.28063814358230604
385,144.2,53107.0,2.0,3.0,1.0,3.0,6.0,5.0,1992.0,1992.0,0.0,1.0,2.0,1.0,2.0,1.0,0.0,985.0,5.0,0.0,595.0,1580.0,0.0,1079.0,874.0,0.0,1953.0,3.0,1.0,1.0,9.0,0.0,2.0,3.0,3.5,1992.0,0.0,2.0,501.0,2.0,2.0,0.0,216.0,231.0,0.0,0.0,0.0,0.0,4.0,4.0,0.0,6.0,2007.0,240000.0,1.0,0.0,1.0,0.0,0.0,0.0,0.0,0.0,0.8356164383561644,0.8678082191780822,0.8205479452054795,0.2047945205479452,0.7883561643835616,0.019178082191780823,0.05547945205479452,0.9897260273972602,0.18013698630136987,0.7815068493150685,0.9821917808219178,0.15205479452054796,0.14178082191780822,0.44315068493150683,0.9780821917808219,0.914324880054832,0.630891950688905
386,43.0,3182.0,0.0,0.0,0.0,0.0,8.0,5.0,2004.0,2005.0,16.0,1.0,2.0,1.0,2.0,3.0,0.0,24.0,5.0,0.0,1232.0,1256.0,0.0,1269.0,0.0,0.0,1269.0,2.0,1.0,1.0,6.0,0.0,1.0,2.0,2.0,2004.0,0.0,2.0,430.0,2.0,2.0,0.0,146.0,20.0,0.0,0.0,144.0,0.0,4.0,4.0,0.0,4.0,2010.0,192000.0,1.0,0.0,1.0,1.0,0.0,0.0,0.0,0.0,0.07808219178082192,0.8678082191780822,0.8205479452054795,0.05958904109589041,0.7883561643835616,0.011643835616438357,0.863013698630137,0.9897260273972602,0.7205479452054795,0.7815068493150685,0.9821917808219178,0.3527397260273973,0.3452054794520548,0.44315068493150683,0.9780821917808219,0.914324880054832,0.630891950688905
387,58.0,8410.0,0.0,0.0,0.0,1.0,5.0,3.0,1910.0,1996.0,0.0,2.0,3.0,2.0,2.0,3.0,5.0,0.0,5.0,0.0,658.0,658.0,2.0,658.0,526.0,0.0,1184.0,5.0,1.0,2.0,8.0,0.0,0.0,5.0,1.0,1953.4,3.0,0.0,0.0,5.0,5.0,2.0,0.0,151.0,0.0,0.0,0.0,0.0,4.0,4.0,0.0,5.0,2006.0,81000.0,1.0,0.0,1.0,0.0,0.0,0.0,0.0,0.0,0.8356164383561644,0.8678082191780822,0.0027397260273972603,0.09863013698630137,0.7883561643835616,0.0684931506849315,0.05547945205479452,0.9897260273972602,0.03219178082191781,0.007534246575342466,0.9821917808219178,0.1410958904109589,0.3452054794520548,0.44315068493150683,0.9780821917808219,0.914324880054832,0.1724437998549674
388,72.0,7200.0,0.0,0.0,0.0,7.0,6.0,6.0,1976.0,1976.0,255.0,2.0,2.0,2.0,2.0,1.0,1.0,631.0,5.0,0.0,410.0,1041.0,0.0,1125.0,0.0,0.0,1125.0,3.0,1.0,2.0,6.0,0.0,1.0,3.0,2.0,1977.0,2.0,1.0,352.0,2.0,2.0,0.0,296.0,0.0,0.0,0.0,0.0,0.0,4.0,2.0,0.0,10.0,2009.0,125000.0,1.0,0.0,1.0,1.0,0.0,0.0,0.0,0.0,0.8356164383561644,0.8678082191780822,0.06917808219178082,0.03972602739726028,0.7883561643835616,0.0684931506849315,0.863013698630137,0.9897260273972602,0.7205479452054795,0.1958904109589041,0.9821917808219178,0.1506849315068493,0.14657534246575343,0.43424657534246575,0.9780821917808219,0.914324880054832,0.28063814358230604
389,93.0,9382.0,1.0,0.0,0.0,0.0,7.0,5.0,1999.0,2000.0,125.0,1.0,2.0,1.0,2.0,3.0,5.0,0.0,5.0,0.0,1468.0,1468.0,0.0,1479.0,0.0,0.0,1479.0,3.0,1.0,1.0,6.0,0.0,0.0,5.0,2.0,1999.0,1.0,2.0,577.0,2.0,2.0,0.0,120.0,25.0,0.0,0.0,0.0,0.0,4.0,4.0,0.0,7.0,2008.0,191000.0,1.0,0.0,1.0,1.0,0.0,0.0,0.0,0.0,0.8356164383561644,0.8678082191780822,0.8205479452054795,0.36712328767123287,0.7883561643835616,0.10273972602739725,0.863013698630137,0.9897260273972602,0.06438356164383562,0.7815068493150685,0.9821917808219178,0.3527397260273973,0.3452054794520548,0.44315068493150683,0.9780821917808219,0.914324880054832,0.630891950688905
390,96.0,12474.0,0.0,0.0,0.0,3.0,10.0,5.0,2007.0,2008.0,272.0,0.0,2.0,0.0,2.0,1.0,0.0,1280.0,5.0,0.0,402.0,1682.0,0.0,1742.0,590.0,0.0,2332.0,3.0,1.0,0.0,9.0,0.0,1.0,0.0,3.5,2008.0,0.0,3.0,846.0,2.0,2.0,0.0,196.0,134.0,0.0,0.0,0.0,0.0,4.0,4.0,0.0,8.0,2008.0,426000.0,1.0,0.0,1.0,0.0,1.0,0.0,0.0,0.0,0.8356164383561644,0.08356164383561644,0.08561643835616438,0.2047945205479452,0.7883561643835616,0.05273972602739726,0.863013698630137,0.9897260273972602,0.7205479452054795,0.7815068493150685,0.9821917808219178,0.3527397260273973,0.3452054794520548,0.44315068493150683,0.9780821917808219,0.914324880054832,0.06381435823060189
391,50.0,8405.0,0.0,0.0,0.0,1.0,5.0,8.0,1900.0,1950.0,0.0,2.0,2.0,2.0,1.0,3.0,3.0,241.0,2.0,391.0,229.0,861.0,0.0,961.0,406.0,0.0,1367.0,4.0,1.0,2.0,7.0,0.0,0.0,5.0,2.0,1978.0,2.0,1.0,384.0,2.0,2.0,0.0,0.0,130.0,112.0,0.0,0.0,0.0,4.0,1.0,0.0,4.0,2008.0,119000.0,1.0,0.0,1.0,0.0,0.0,0.0,0.0,0.0,0.8356164383561644,0.8678082191780822,0.8205479452054795,0.09863013698630137,0.7883561643835616,0.0684931506849315,0.863013698630137,0.9897260273972602,0.7205479452054795,0.7815068493150685,0.9821917808219178,0.1506849315068493,0.14657534246575343,0.1,0.9780821917808219,0.914324880054832,0.28063814358230604
392,71.0,12209.0,1.0,0.0,0.0,3.0,6.0,5.0,2001.0,2002.0,0.0,2.0,2.0,0.0,2.0,3.0,1.0,690.0,5.0,0.0,114.0,804.0,0.0,804.0,1157.0,0.0,1961.0,3.0,1.0,1.0,7.0,0.0,1.0,2.0,3.5,2001.0,0.0,2.0,560.0,2.0,2.0,0.0,125.0,192.0,0.0,0.0,0.0,0.0,4.0,4.0,0.0,6.0,2009.0,215000.0,1.0,0.0,1.0,0.0,0.0,0.0,0.0,0.0,0.8356164383561644,0.8678082191780822,0.8205479452054795,0.2047945205479452,0.7883561643835616,0.03356164383561644,0.863013698630137,0.9897260273972602,0.06438356164383562,0.7815068493150685,0.9821917808219178,0.3527397260273973,0.3452054794520548,0.44315068493150683,0.9780821917808219,0.914324880054832,0.06381435823060189
393,66.2,8339.0,1.0,0.0,0.0,0.0,5.0,7.0,1959.0,1959.0,0.0,2.0,2.0,5.0,5.0,4.0,6.0,0.0,6.0,0.0,0.0,0.0,2.0,882.0,0.0,0.0,882.0,3.0,1.0,2.0,5.0,0.0,0.0,5.0,1.0,1959.0,1.0,1.0,294.0,2.0,2.0,0.0,0.0,0.0,0.0,0.0,0.0,0.0,4.0,1.0,1200.0,7.0,2007.0,106500.0,1.0,0.0,1.0,0.0,0.0,0.0,1.0,0.0,0.8356164383561644,0.8678082191780822,0.8205479452054795,0.36712328767123287,0.7883561643835616,0.1541095890410959,0.863013698630137,0.9897260273972602,0.7205479452054795,0.7815068493150685,0.9821917808219178,0.1506849315068493,0.14657534246575343,0.01643835616438356,0.9780821917808219,0.914324880054832,0.630891950688905
394,60.0,7446.0,0.0,0.0,0.0,0.0,4.0,5.0,1941.0,1950.0,0.0,2.0,2.0,2.0,2.0,3.0,3.0,266.0,5.0,0.0,522.0,788.0,2.0,788.0,0.0,0.0,788.0,2.0,1.0,2.0,4.0,0.0,2.0,2.0,1.0,1956.2,3.0,0.0,0.0,5.0,5.0,0.0,0.0,0.0,0.0,0.0,0.0,0.0,4.0,2.0,0.0,4.0,2006.0,100000.0,1.0,0.0,1.0,0.0,0.0,0.0,0.0,0.0,0.8356164383561644,0.8678082191780822,0.06917808219178082,0.04726027397260274,0.7883561643835616,0.03972602739726028,0.05547945205479452,0.9897260273972602,0.18013698630136987,0.7815068493150685,0.9821917808219178,0.01780821917808219,0.026027397260273973,0.43424657534246575,0.9780821917808219,0.06442769019876628,0.42073966642494565
395,60.0,10134.0,0.0,0.0,0.0,1.0,5.0,6.0,1940.0,1950.0,0.0,2.0,2.0,2.0,2.0,3.0,5.0,0.0,5.0,0.0,735.0,735.0,1.0,735.0,299.0,0.0,1034.0,2.0,1.0,2.0,5.0,0.0,0.0,5.0,1.0,1940.0,2.0,1.0,240.0,2.0,2.0,0.0,0.0,39.0,0.0,0.0,0.0,0.0,4.0,4.0,0.0,7.0,2007.0,109000.0,1.0,0.0,1.0,0.0,0.0,0.0,0.0,0.0,0.8356164383561644,0.8678082191780822,0.8205479452054795,0.09863013698630137,0.7883561643835616,0.0773972602739726,0.863013698630137,0.9897260273972602,0.7205479452054795,0.7815068493150685,0.9821917808219178,0.1506849315068493,0.14657534246575343,0.43424657534246575,0.9780821917808219,0.06442769019876628,0.28063814358230604
396,68.0,9571.0,0.0,0.0,0.0,0.0,5.0,6.0,1956.0,1956.0,0.0,2.0,2.0,2.0,2.0,1.0,2.0,739.0,5.0,0.0,405.0,1144.0,2.0,1144.0,0.0,0.0,1144.0,3.0,1.0,2.0,6.0,0.0,0.0,5.0,2.0,1956.0,2.0,1.0,596.0,2.0,2.0,0.0,44.0,0.0,0.0,0.0,0.0,0.0,4.0,4.0,0.0,6.0,2010.0,129000.0,1.0,0.0,1.0,0.0,0.0,0.0,0.0,0.0,0.8356164383561644,0.8678082191780822,0.8205479452054795,0.36712328767123287,0.7883561643835616,0.0684931506849315,0.863013698630137,0.9897260273972602,0.7205479452054795,0.7815068493150685,0.9821917808219178,0.1410958904109589,0.13493150684931507,0.43424657534246575,0.9780821917808219,0.914324880054832,0.630891950688905
397,60.0,7200.0,0.0,3.0,0.0,0.0,5.0,5.0,1972.0,1972.0,0.0,2.0,2.0,2.0,2.0,1.0,3.0,777.0,5.0,0.0,117.0,894.0,2.0,894.0,0.0,0.0,894.0,2.0,1.0,2.0,6.0,0.0,0.0,5.0,1.0,1985.0,1.0,2.0,600.0,2.0,2.0,0.0,215.0,0.0,0.0,0.0,0.0,0.0,4.0,4.0,0.0,9.0,2009.0,123000.0,1.0,0.0,1.0,0.0,0.0,0.0,0.0,0.0,0.8356164383561644,0.8678082191780822,0.8205479452054795,0.36712328767123287,0.7883561643835616,0.10273972602739725,0.863013698630137,0.9897260273972602,0.7205479452054795,0.1958904109589041,0.9821917808219178,0.1506849315068493,0.14657534246575343,0.43424657534246575,0.9780821917808219,0.914324880054832,0.28063814358230604
398,69.0,7590.0,0.0,0.0,0.0,3.0,5.0,5.0,1962.0,1962.0,288.0,2.0,2.0,2.0,2.0,3.0,1.0,540.0,5.0,0.0,324.0,864.0,2.0,876.0,936.0,0.0,1812.0,4.0,1.0,2.0,8.0,0.0,1.0,2.0,2.0,1962.0,1.0,1.0,264.0,2.0,2.0,0.0,0.0,168.0,0.0,0.0,0.0,0.0,4.0,4.0,0.0,7.0,2007.0,169500.0,1.0,0.0,1.0,1.0,0.0,0.0,0.0,0.0,0.8356164383561644,0.8678082191780822,0.8205479452054795,0.2047945205479452,0.7883561643835616,0.1541095890410959,0.013013698630136987,0.9897260273972602,0.7205479452054795,0.7815068493150685,0.9821917808219178,0.3527397260273973,0.3452054794520548,0.43424657534246575,0.9780821917808219,0.914324880054832,0.630891950688905
399,60.0,8967.0,0.0,0.0,0.0,0.0,5.0,2.0,1920.0,1950.0,0.0,2.0,3.0,3.0,4.0,3.0,5.0,0.0,5.0,0.0,961.0,961.0,1.0,1077.0,0.0,0.0,1077.0,2.0,1.0,2.0,6.0,5.0,0.0,5.0,1.0,1920.0,2.0,1.0,338.0,4.0,4.0,2.0,0.0,0.0,0.0,0.0,0.0,0.0,4.0,4.0,0.0,11.0,2007.0,67000.0,1.0,0.0,1.0,0.0,0.0,0.0,0.0,0.0,0.8356164383561644,0.8678082191780822,0.06917808219178082,0.04726027397260274,0.14931506849315068,0.025342465753424658,0.863013698630137,0.9897260273972602,0.18013698630136987,0.7815068493150685,0.9821917808219178,0.1506849315068493,0.14657534246575343,0.1,0.9780821917808219,0.0006854009595613434,0.28063814358230604
400,65.0,8125.0,0.0,0.0,0.0,3.0,7.0,5.0,2006.0,2007.0,100.0,1.0,2.0,1.0,2.0,3.0,0.0,812.0,5.0,0.0,280.0,1092.0,0.0,1112.0,438.0,0.0,1550.0,2.0,1.0,1.0,7.0,0.0,0.0,5.0,3.0,2007.0,0.0,2.0,438.0,2.0,2.0,0.0,0.0,168.0,0.0,0.0,0.0,0.0,4.0,4.0,0.0,10.0,2009.0,241000.0,1.0,0.0,1.0,0.0,1.0,0.0,0.0,0.0,0.8356164383561644,0.8678082191780822,0.8205479452054795,0.2047945205479452,0.04452054794520548,0.0589041095890411,0.863013698630137,0.9897260273972602,0.7205479452054795,0.7815068493150685,0.9821917808219178,0.04178082191780822,0.0410958904109589,0.44315068493150683,0.9780821917808219,0.914324880054832,0.630891950688905
401,38.0,14963.0,2.0,0.0,0.0,0.0,8.0,5.0,1996.0,1996.0,0.0,1.0,2.0,1.0,2.0,3.0,0.0,786.0,5.0,0.0,474.0,1260.0,0.0,1288.0,0.0,0.0,1288.0,1.0,1.0,0.0,4.0,0.0,2.0,1.0,2.5,1996.0,0.0,2.0,500.0,2.0,2.0,0.0,120.0,30.0,0.0,0.0,224.0,0.0,4.0,4.0,0.0,12.0,2008.0,245500.0,1.0,0.0,1.0,0.0,0.0,0.0,0.0,0.0,0.07808219178082192,0.8678082191780822,0.8205479452054795,0.05958904109589041,0.7883561643835616,0.007534246575342466,0.863013698630137,0.9897260273972602,0.7205479452054795,0.7815068493150685,0.9821917808219178,0.03424657534246575,0.017123287671232876,0.44315068493150683,0.9780821917808219,0.914324880054832,0.630891950688905
402,65.0,8767.0,1.0,0.0,0.0,0.0,7.0,5.0,2005.0,2005.0,0.0,1.0,2.0,1.0,2.0,1.0,0.0,24.0,5.0,0.0,1286.0,1310.0,0.0,1310.0,0.0,0.0,1310.0,3.0,1.0,1.0,6.0,0.0,1.0,1.0,2.0,2005.0,0.0,2.0,400.0,2.0,2.0,0.0,0.0,0.0,0.0,0.0,0.0,0.0,4.0,4.0,0.0,7.0,2006.0,164990.0,1.0,0.0,1.0,0.0,0.0,0.0,0.0,0.0,0.8356164383561644,0.08356164383561644,0.08561643835616438,0.36712328767123287,0.7883561643835616,0.10273972602739725,0.863013698630137,0.9897260273972602,0.7205479452054795,0.7815068493150685,0.9821917808219178,0.3527397260273973,0.3452054794520548,0.44315068493150683,0.9780821917808219,0.914324880054832,0.630891950688905
403,60.0,10200.0,0.0,0.0,0.0,0.0,5.0,8.0,1940.0,1997.0,0.0,2.0,2.0,2.0,2.0,3.0,5.0,0.0,5.0,0.0,672.0,672.0,0.0,672.0,0.0,0.0,672.0,2.0,1.0,2.0,4.0,0.0,0.0,5.0,1.0,1940.0,2.0,1.0,240.0,2.0,2.0,2.0,168.0,0.0,0.0,0.0,0.0,0.0,4.0,0.0,0.0,8.0,2008.0,108000.0,1.0,0.0,1.0,0.0,0.0,0.0,0.0,0.0,0.8356164383561644,0.8678082191780822,0.8205479452054795,0.04726027397260274,0.7883561643835616,0.050684931506849315,0.863013698630137,0.9897260273972602,0.7205479452054795,0.7815068493150685,0.9821917808219178,0.1410958904109589,0.13493150684931507,0.44315068493150683,0.9780821917808219,0.914324880054832,0.28063814358230604
404,93.0,12090.0,0.0,0.0,0.0,3.0,8.0,5.0,1998.0,1998.0,650.0,1.0,2.0,1.0,2.0,3.0,5.0,0.0,5.0,0.0,1141.0,1141.0,1.0,1165.0,1098.0,0.0,2263.0,4.0,1.0,1.0,10.0,0.0,1.0,2.0,2.5,1998.0,0.0,2.0,420.0,2.0,2.0,0.0,144.0,123.0,0.0,0.0,0.0,0.0,4.0,4.0,0.0,7.0,2006.0,258000.0,1.0,0.0,1.0,1.0,0.0,0.0,0.0,0.0,0.8356164383561644,0.8678082191780822,0.06917808219178082,0.2047945205479452,0.7883561643835616,0.028082191780821917,0.863013698630137,0.9897260273972602,0.18013698630136987,0.1958904109589041,0.9821917808219178,0.3527397260273973,0.3452054794520548,0.44315068493150683,0.9780821917808219,0.914324880054832,0.06381435823060189
405,79.6,10364.0,1.0,0.0,0.0,3.0,6.0,5.0,1995.0,1996.0,0.0,2.0,2.0,1.0,2.0,3.0,5.0,0.0,5.0,0.0,806.0,806.0,1.0,806.0,766.0,0.0,1572.0,3.0,1.0,2.0,7.0,0.0,1.0,2.0,2.5,1995.0,0.0,2.0,373.0,2.0,2.0,0.0,0.0,40.0,0.0,0.0,0.0,0.0,4.0,4.0,0.0,5.0,2007.0,168000.0,1.0,0.0,1.0,0.0,0.0,0.0,0.0,0.0,0.8356164383561644,0.8678082191780822,0.8205479452054795,0.2047945205479452,0.7883561643835616,0.05410958904109589,0.863013698630137,0.9897260273972602,0.7205479452054795,0.7815068493150685,0.9821917808219178,0.1506849315068493,0.14657534246575343,0.44315068493150683,0.9780821917808219,0.914324880054832,0.06381435823060189
406,66.0,9991.0,1.0,0.0,0.0,0.0,4.0,4.0,1976.0,1993.0,0.0,2.0,2.0,2.0,2.0,3.0,2.0,1116.0,5.0,0.0,165.0,1281.0,0.0,1620.0,0.0,0.0,1620.0,3.0,1.0,2.0,8.0,1.0,1.0,2.0,3.0,1993.0,2.0,2.0,490.0,2.0,2.0,0.0,120.0,78.0,0.0,0.0,0.0,0.0,4.0,2.0,0.0,6.0,2009.0,150000.0,1.0,0.0,1.0,0.0,0.0,0.0,0.0,0.0,0.8356164383561644,0.8678082191780822,0.8205479452054795,0.36712328767123287,0.7883561643835616,0.050684931506849315,0.05547945205479452,0.9897260273972602,0.18013698630136987,0.7815068493150685,0.9821917808219178,0.07397260273972603,0.09726027397260274,0.43424657534246575,0.9780821917808219,0.914324880054832,0.630891950688905
407,51.0,10480.0,0.0,0.0,0.0,1.0,6.0,5.0,1936.0,1950.0,0.0,2.0,2.0,2.0,2.0,3.0,5.0,0.0,5.0,0.0,1064.0,1064.0,0.0,1166.0,0.0,473.0,1639.0,3.0,1.0,2.0,6.0,5.0,0.0,5.0,1.0,1936.0,2.0,1.0,240.0,2.0,2.0,0.0,0.0,0.0,0.0,0.0,0.0,0.0,4.0,4.0,0.0,3.0,2008.0,115000.0,1.0,0.0,1.0,0.0,0.0,0.0,0.0,0.0,0.8356164383561644,0.8678082191780822,0.8205479452054795,0.09863013698630137,0.7883561643835616,0.017123287671232876,0.863013698630137,0.9897260273972602,0.7205479452054795,0.7815068493150685,0.9821917808219178,0.1506849315068493,0.14657534246575343,0.1,0.9780821917808219,0.06442769019876628,0.28063814358230604
408,63.0,15576.0,0.0,0.0,0.0,3.0,6.0,7.0,1915.0,1976.0,0.0,2.0,2.0,1.0,2.0,3.0,5.0,0.0,5.0,0.0,840.0,840.0,0.0,840.0,840.0,0.0,1680.0,4.0,1.0,2.0,8.0,0.0,0.0,5.0,2.0,1960.0,2.0,1.0,308.0,2.0,2.0,0.0,0.0,0.0,160.0,0.0,0.0,0.0,4.0,4.0,0.0,3.0,2008.0,177000.0,1.0,0.0,1.0,0.0,0.0,0.0,0.0,0.0,0.8356164383561644,0.8678082191780822,0.8205479452054795,0.0410958904109589,0.7883561643835616,0.03493150684931507,0.863013698630137,0.9897260273972602,0.7205479452054795,0.7815068493150685,0.9821917808219178,0.1410958904109589,0.09726027397260274,0.1,0.9780821917808219,0.914324880054832,0.630891950688905
409,109.0,14154.0,0.0,0.0,0.0,3.0,7.0,5.0,2006.0,2006.0,350.0,1.0,2.0,0.0,1.0,3.0,5.0,0.0,5.0,0.0,1063.0,1063.0,0.0,1071.0,1101.0,0.0,2172.0,3.0,1.0,1.0,9.0,0.0,1.0,1.0,2.5,2006.0,1.0,3.0,947.0,2.0,2.0,0.0,192.0,62.0,0.0,0.0,0.0,0.0,4.0,4.0,0.0,8.0,2007.0,280000.0,1.0,0.0,1.0,1.0,0.0,0.0,0.0,0.0,0.8356164383561644,0.08356164383561644,0.08561643835616438,0.2047945205479452,0.7883561643835616,0.05273972602739726,0.863013698630137,0.9897260273972602,0.18013698630136987,0.7815068493150685,0.9821917808219178,0.3527397260273973,0.3452054794520548,0.44315068493150683,0.9780821917808219,0.914324880054832,0.630891950688905
410,85.0,10800.0,0.0,0.0,0.0,3.0,8.0,5.0,2007.0,2008.0,100.0,1.0,2.0,0.0,2.0,3.0,0.0,789.0,5.0,0.0,245.0,1034.0,0.0,1050.0,1028.0,0.0,2078.0,3.0,1.0,0.0,8.0,0.0,1.0,1.0,3.5,2008.0,0.0,3.0,836.0,2.0,2.0,0.0,0.0,102.0,0.0,0.0,0.0,0.0,4.0,4.0,0.0,4.0,2008.0,339750.0,1.0,0.0,1.0,0.0,1.0,0.0,0.0,0.0,0.8356164383561644,0.08356164383561644,0.08561643835616438,0.2047945205479452,0.04452054794520548,0.0589041095890411,0.863013698630137,0.9897260273972602,0.7205479452054795,0.7815068493150685,0.9821917808219178,0.3527397260273973,0.3452054794520548,0.44315068493150683,0.9780821917808219,0.914324880054832,0.630891950688905
411,68.0,9571.0,0.0,0.0,0.0,0.0,5.0,3.0,1958.0,1958.0,0.0,2.0,3.0,2.0,3.0,3.0,5.0,0.0,5.0,0.0,1276.0,1276.0,2.0,1276.0,0.0,0.0,1276.0,3.0,1.0,2.0,5.0,3.0,0.0,5.0,1.0,1958.0,2.0,1.0,350.0,2.0,2.0,0.0,0.0,0.0,0.0,0.0,0.0,0.0,4.0,4.0,0.0,6.0,2009.0,60000.0,1.0,0.0,1.0,0.0,0.0,0.0,0.0,0.0,0.8356164383561644,0.02945205479452055,0.06917808219178082,0.36712328767123287,0.7883561643835616,0.0684931506849315,0.863013698630137,0.9897260273972602,0.7205479452054795,0.7815068493150685,0.9821917808219178,0.0013698630136986301,0.004794520547945206,0.43424657534246575,0.9780821917808219,0.06442769019876628,0.630891950688905
412,100.0,34650.0,0.0,1.0,0.0,0.0,5.0,5.0,1955.0,1955.0,0.0,2.0,2.0,2.0,2.0,2.0,3.0,1056.0,5.0,0.0,0.0,1056.0,2.0,1056.0,0.0,0.0,1056.0,3.0,1.0,2.0,5.0,0.0,0.0,5.0,2.0,1955.0,0.0,2.0,572.0,2.0,2.0,0.0,264.0,0.0,0.0,0.0,0.0,0.0,4.0,4.0,0.0,1.0,2006.0,145000.0,1.0,0.0,0.0,0.0,0.0,0.0,0.0,0.0,0.021232876712328767,0.8678082191780822,0.8205479452054795,0.02054794520547945,0.7883561643835616,0.05410958904109589,0.863013698630137,0.9897260273972602,0.7205479452054795,0.1958904109589041,0.9821917808219178,0.1410958904109589,0.13493150684931507,0.43424657534246575,0.9780821917808219,0.914324880054832,0.630891950688905
413,64.0,4403.0,2.0,0.0,0.0,0.0,7.0,5.0,2009.0,2009.0,432.0,0.0,2.0,0.0,2.0,1.0,0.0,578.0,5.0,0.0,892.0,1470.0,0.0,1478.0,0.0,0.0,1478.0,2.0,1.0,1.0,7.0,0.0,1.0,1.0,3.5,2009.0,0.0,2.0,484.0,2.0,2.0,0.0,0.0,144.0,0.0,0.0,0.0,0.0,4.0,4.0,0.0,6.0,2010.0,222000.0,1.0,0.0,1.0,0.0,1.0,0.0,0.0,0.0,0.8356164383561644,0.08356164383561644,0.08561643835616438,0.36712328767123287,0.04452054794520548,0.0589041095890411,0.863013698630137,0.9897260273972602,0.7205479452054795,0.7815068493150685,0.9821917808219178,0.1506849315068493,0.14657534246575343,0.44315068493150683,0.9780821917808219,0.914324880054832,0.630891950688905
414,56.0,8960.0,0.0,0.0,0.0,0.0,5.0,6.0,1927.0,1950.0,0.0,2.0,2.0,2.0,2.0,3.0,5.0,0.0,5.0,0.0,1008.0,1008.0,1.0,1028.0,0.0,0.0,1028.0,2.0,1.0,2.0,5.0,0.0,1.0,1.0,1.0,1927.0,2.0,2.0,360.0,2.0,2.0,0.0,0.0,0.0,130.0,0.0,0.0,0.0,4.0,4.0,0.0,3.0,2010.0,115000.0,1.0,0.0,1.0,0.0,0.0,0.0,0.0,0.0,0.8356164383561644,0.8678082191780822,0.8205479452054795,0.04726027397260274,0.14931506849315068,0.0773972602739726,0.03287671232876712,0.9897260273972602,0.7205479452054795,0.7815068493150685,0.9821917808219178,0.01780821917808219,0.026027397260273973,0.43424657534246575,0.9780821917808219,0.06442769019876628,0.28063814358230604
415,59.0,11228.0,2.0,0.0,0.0,3.0,7.0,5.0,1993.0,1993.0,0.0,1.0,2.0,1.0,2.0,3.0,2.0,50.0,0.0,531.0,499.0,1080.0,0.0,1080.0,1017.0,0.0,2097.0,3.0,1.0,1.0,9.0,0.0,1.0,2.0,3.0,1993.0,2.0,3.0,678.0,2.0,2.0,0.0,196.0,187.0,0.0,0.0,0.0,0.0,4.0,4.0,0.0,12.0,2008.0,228000.0,1.0,0.0,1.0,0.0,0.0,0.0,0.0,0.0,0.8356164383561644,0.8678082191780822,0.8205479452054795,0.2047945205479452,0.7883561643835616,0.04041095890410959,0.863013698630137,0.9897260273972602,0.06438356164383562,0.7815068493150685,0.9821917808219178,0.3527397260273973,0.3452054794520548,0.44315068493150683,0.9780821917808219,0.914324880054832,0.630891950688905
416,73.0,8899.0,1.0,0.0,0.0,0.0,7.0,5.0,2007.0,2007.0,0.0,1.0,2.0,1.0,2.0,1.0,0.0,24.0,5.0,0.0,1316.0,1340.0,0.0,1340.0,0.0,0.0,1340.0,3.0,1.0,1.0,6.0,0.0,0.0,5.0,2.0,2007.0,0.0,2.0,396.0,2.0,2.0,0.0,100.0,30.0,0.0,0.0,0.0,0.0,4.0,4.0,0.0,8.0,2007.0,181134.0,1.0,0.0,1.0,0.0,0.0,0.0,0.0,0.0,0.8356164383561644,0.08356164383561644,0.08561643835616438,0.36712328767123287,0.7883561643835616,0.05410958904109589,0.863013698630137,0.9897260273972602,0.7205479452054795,0.7815068493150685,0.9821917808219178,0.3527397260273973,0.3452054794520548,0.44315068493150683,0.9780821917808219,0.914324880054832,0.630891950688905
417,74.0,7844.0,0.0,0.0,0.0,3.0,6.0,7.0,1978.0,1978.0,203.0,2.0,2.0,2.0,2.0,3.0,1.0,209.0,5.0,0.0,463.0,672.0,2.0,672.0,728.0,0.0,1400.0,3.0,1.0,2.0,6.0,0.0,1.0,2.0,1.5,1978.0,0.0,2.0,440.0,2.0,2.0,0.0,0.0,0.0,0.0,0.0,0.0,0.0,4.0,4.0,0.0,3.0,2006.0,149500.0,1.0,0.0,1.0,1.0,0.0,0.0,0.0,0.0,0.8356164383561644,0.8678082191780822,0.8205479452054795,0.2047945205479452,0.7883561643835616,0.050684931506849315,0.863013698630137,0.9897260273972602,0.7205479452054795,0.1958904109589041,0.9821917808219178,0.15205479452054796,0.14178082191780822,0.43424657534246575,0.9780821917808219,0.914324880054832,0.630891950688905
418,86.0,22420.0,1.0,0.0,0.0,3.0,6.0,6.0,1918.0,1950.0,0.0,2.0,2.0,1.0,2.0,3.0,2.0,1128.0,5.0,0.0,242.0,1370.0,2.0,1370.0,1254.0,0.0,2624.0,4.0,1.0,2.0,10.0,0.0,1.0,1.0,3.5,1918.0,2.0,3.0,864.0,2.0,2.0,2.0,0.0,0.0,0.0,0.0,0.0,0.0,4.0,4.0,0.0,11.0,2007.0,239000.0,1.0,0.0,0.0,0.0,0.0,0.0,0.0,0.0,0.8356164383561644,0.8678082191780822,0.8205479452054795,0.0410958904109589,0.7883561643835616,0.03493150684931507,0.05547945205479452,0.9897260273972602,0.7205479452054795,0.1958904109589041,0.9821917808219178,0.1410958904109589,0.01780821917808219,0.1,0.012328767123287671,0.06442769019876628,0.28063814358230604
419,60.0,8160.0,0.0,0.0,0.0,1.0,5.0,6.0,1940.0,1950.0,0.0,2.0,2.0,2.0,2.0,3.0,1.0,312.0,5.0,0.0,444.0,756.0,3.0,756.0,378.0,0.0,1134.0,3.0,1.0,2.0,7.0,0.0,0.0,5.0,2.5,1940.0,2.0,1.0,240.0,2.0,2.0,1.0,0.0,0.0,0.0,0.0,0.0,0.0,4.0,4.0,0.0,4.0,2007.0,126000.0,1.0,0.0,0.0,0.0,0.0,0.0,0.0,0.0,0.8356164383561644,0.8678082191780822,0.0027397260273972603,0.09863013698630137,0.7883561643835616,0.0684931506849315,0.863013698630137,0.9897260273972602,0.7205479452054795,0.7815068493150685,0.9821917808219178,0.1506849315068493,0.14657534246575343,0.1,0.9780821917808219,0.018505825908156272,0.28063814358230604
420,65.0,8450.0,0.0,0.0,0.0,0.0,5.0,6.0,1968.0,1968.0,0.0,2.0,2.0,2.0,2.0,3.0,2.0,775.0,5.0,0.0,281.0,1056.0,0.0,1056.0,0.0,0.0,1056.0,3.0,1.0,2.0,6.0,0.0,1.0,3.0,2.0,1968.0,2.0,1.0,304.0,2.0,2.0,0.0,0.0,85.0,184.0,0.0,0.0,0.0,4.0,4.0,0.0,7.0,2010.0,142000.0,1.0,0.0,1.0,0.0,0.0,0.0,0.0,0.0,0.8356164383561644,0.8678082191780822,0.8205479452054795,0.36712328767123287,0.7883561643835616,0.1541095890410959,0.863013698630137,0.9897260273972602,0.7205479452054795,0.7815068493150685,0.9821917808219178,0.3527397260273973,0.3452054794520548,0.43424657534246575,0.9780821917808219,0.914324880054832,0.630891950688905
421,78.0,7060.0,0.0,0.0,0.0,6.0,7.0,5.0,1997.0,1998.0,200.0,2.0,1.0,1.0,1.0,0.0,0.0,1309.0,5.0,0.0,35.0,1344.0,0.0,1344.0,0.0,0.0,1344.0,2.0,2.0,2.0,8.0,0.0,0.0,5.0,4.0,1997.0,0.0,4.0,784.0,2.0,2.0,0.0,0.0,0.0,0.0,0.0,0.0,0.0,4.0,4.0,0.0,11.0,2008.0,206300.0,1.0,0.0,1.0,1.0,0.0,0.0,0.0,0.0,0.03561643835616438,0.8678082191780822,0.00821917808219178,0.03561643835616438,0.14931506849315068,0.03356164383561644,0.863013698630137,0.9897260273972602,0.7205479452054795,0.7815068493150685,0.9821917808219178,0.3527397260273973,0.3452054794520548,0.44315068493150683,0.9780821917808219,0.914324880054832,0.630891950688905
422,68.4,16635.0,1.0,0.0,0.0,0.0,6.0,7.0,1977.0,2000.0,126.0,1.0,2.0,1.0,2.0,3.0,1.0,1246.0,5.0,0.0,356.0,1602.0,1.0,1602.0,0.0,0.0,1602.0,3.0,1.0,1.0,8.0,0.0,1.0,2.0,2.5,1977.0,0.0,2.0,529.0,2.0,2.0,0.0,240.0,0.0,0.0,0.0,0.0,0.0,4.0,4.0,0.0,6.0,2009.0,215000.0,1.0,0.0,1.0,0.0,1.0,0.0,0.0,0.0,0.8356164383561644,0.8678082191780822,0.8205479452054795,0.36712328767123287,0.7883561643835616,0.05,0.863013698630137,0.9897260273972602,0.03219178082191781,0.7815068493150685,0.9821917808219178,0.04178082191780822,0.0410958904109589,0.43424657534246575,0.9780821917808219,0.914324880054832,0.630891950688905
423,100.0,21750.0,0.0,2.0,1.0,0.0,5.0,5.0,1954.0,1954.0,0.0,2.0,2.0,2.0,2.0,3.0,5.0,0.0,5.0,0.0,988.0,988.0,0.0,988.0,0.0,0.0,988.0,2.0,1.0,2.0,4.0,0.0,0.0,5.0,1.0,1954.0,1.0,2.0,520.0,2.0,2.0,2.0,0.0,0.0,0.0,0.0,0.0,0.0,4.0,4.0,0.0,2.0,2008.0,113000.0,1.0,0.0,1.0,0.0,0.0,0.0,0.0,0.0,0.8356164383561644,0.8678082191780822,0.8205479452054795,0.36712328767123287,0.7883561643835616,0.03356164383561644,0.03287671232876712,0.9897260273972602,0.7205479452054795,0.1958904109589041,0.9821917808219178,0.15205479452054796,0.14178082191780822,0.43424657534246575,0.9780821917808219,0.06442769019876628,0.630891950688905
424,80.0,9200.0,0.0,0.0,0.0,3.0,8.0,5.0,1998.0,1998.0,473.0,1.0,2.0,1.0,2.0,3.0,0.0,986.0,5.0,0.0,484.0,1470.0,1.0,1470.0,1160.0,0.0,2630.0,4.0,1.0,1.0,8.0,0.0,1.0,2.0,3.5,1998.0,0.0,3.0,696.0,2.0,2.0,0.0,0.0,66.0,0.0,0.0,0.0,0.0,4.0,4.0,0.0,6.0,2008.0,315000.0,1.0,0.0,1.0,1.0,0.0,0.0,0.0,0.0,0.8356164383561644,0.8678082191780822,0.8205479452054795,0.2047945205479452,0.7883561643835616,0.028082191780821917,0.863013698630137,0.9897260273972602,0.7205479452054795,0.7815068493150685,0.9821917808219178,0.3527397260273973,0.3452054794520548,0.44315068493150683,0.9780821917808219,0.914324880054832,0.630891950688905
425,72.0,9000.0,0.0,0.0,0.0,0.0,6.0,5.0,1956.0,1956.0,74.0,2.0,2.0,1.0,2.0,3.0,4.0,616.0,5.0,0.0,580.0,1196.0,1.0,1196.0,0.0,0.0,1196.0,2.0,1.0,2.0,6.0,0.0,1.0,1.0,2.0,1956.0,1.0,1.0,297.0,2.0,2.0,0.0,0.0,44.0,0.0,0.0,0.0,0.0,4.0,4.0,0.0,5.0,2008.0,139000.0,1.0,0.0,1.0,1.0,0.0,0.0,0.0,0.0,0.8356164383561644,0.8678082191780822,0.8205479452054795,0.36712328767123287,0.7883561643835616,0.1541095890410959,0.863013698630137,0.9897260273972602,0.7205479452054795,0.7815068493150685,0.9821917808219178,0.1410958904109589,0.13493150684931507,0.43424657534246575,0.9780821917808219,0.06442769019876628,0.630891950688905
426,60.0,3378.0,0.0,2.0,0.0,3.0,7.0,8.0,1946.0,1992.0,0.0,2.0,1.0,2.0,2.0,3.0,5.0,0.0,5.0,0.0,651.0,651.0,1.0,707.0,682.0,0.0,1389.0,3.0,1.0,2.0,6.0,0.0,2.0,1.0,1.5,1947.0,2.0,1.0,240.0,2.0,2.0,1.0,0.0,0.0,126.0,0.0,0.0,0.0,4.0,4.0,0.0,9.0,2009.0,135000.0,1.0,0.0,1.0,0.0,0.0,0.0,0.0,0.0,0.8356164383561644,0.8678082191780822,0.8205479452054795,0.2047945205479452,0.14931506849315068,0.0773972602739726,0.863013698630137,0.9897260273972602,0.7205479452054795,0.7815068493150685,0.9821917808219178,0.15205479452054796,0.14178082191780822,0.43424657534246575,0.9780821917808219,0.914324880054832,0.28063814358230604
427,73.4,12800.0,0.0,3.0,1.0,7.0,7.0,5.0,1989.0,1989.0,145.0,1.0,2.0,1.0,2.0,0.0,0.0,1518.0,5.0,0.0,0.0,1518.0,1.0,1644.0,0.0,0.0,1644.0,2.0,1.0,1.0,5.0,0.0,1.0,2.0,3.5,1989.0,0.0,2.0,569.0,2.0,2.0,0.0,80.0,0.0,0.0,0.0,396.0,0.0,4.0,4.0,0.0,8.0,2009.0,275000.0,1.0,0.0,1.0,1.0,0.0,0.0,0.0,0.0,0.8356164383561644,0.8678082191780822,0.8205479452054795,0.03972602739726028,0.7883561643835616,0.04041095890410959,0.863013698630137,0.9897260273972602,0.7205479452054795,0.7815068493150685,0.9821917808219178,0.1410958904109589,0.13493150684931507,0.44315068493150683,0.9780821917808219,0.914324880054832,0.630891950688905
428,77.0,8593.0,1.0,0.0,0.0,0.0,4.0,6.0,1957.0,1957.0,0.0,2.0,2.0,2.0,2.0,3.0,3.0,288.0,5.0,0.0,619.0,907.0,0.0,907.0,0.0,0.0,907.0,3.0,1.0,2.0,5.0,0.0,0.0,5.0,1.0,1964.0,2.0,1.0,352.0,2.0,2.0,0.0,0.0,0.0,0.0,0.0,0.0,0.0,4.0,4.0,0.0,7.0,2008.0,109008.0,1.0,0.0,1.0,0.0,0.0,0.0,0.0,0.0,0.8356164383561644,0.8678082191780822,0.8205479452054795,0.36712328767123287,0.7883561643835616,0.1541095890410959,0.863013698630137,0.9897260273972602,0.7205479452054795,0.1958904109589041,0.9821917808219178,0.1506849315068493,0.14657534246575343,0.43424657534246575,0.9780821917808219,0.914324880054832,0.28063814358230604
429,64.0,6762.0,0.0,0.0,0.0,0.0,7.0,5.0,2007.0,2007.0,108.0,1.0,2.0,1.0,2.0,3.0,0.0,664.0,5.0,0.0,544.0,1208.0,0.0,1208.0,0.0,0.0,1208.0,2.0,1.0,1.0,6.0,0.0,0.0,5.0,3.0,2007.0,1.0,2.0,628.0,2.0,2.0,0.0,105.0,54.0,0.0,0.0,0.0,0.0,4.0,4.0,0.0,9.0,2007.0,195400.0,1.0,0.0,1.0,1.0,0.0,0.0,0.0,0.0,0.8356164383561644,0.08356164383561644,0.08561643835616438,0.36712328767123287,0.7883561643835616,0.10273972602739725,0.863013698630137,0.9897260273972602,0.7205479452054795,0.7815068493150685,0.9821917808219178,0.3527397260273973,0.3452054794520548,0.44315068493150683,0.9780821917808219,0.914324880054832,0.630891950688905
430,130.0,11457.0,1.0,0.0,0.0,0.0,6.0,5.0,1988.0,1988.0,0.0,2.0,2.0,1.0,2.0,2.0,0.0,1005.0,5.0,0.0,387.0,1392.0,2.0,1412.0,0.0,0.0,1412.0,3.0,1.0,1.0,6.0,0.0,1.0,2.0,3.0,1988.0,2.0,2.0,576.0,2.0,2.0,0.0,0.0,0.0,169.0,0.0,0.0,0.0,4.0,4.0,0.0,3.0,2009.0,175000.0,1.0,0.0,1.0,0.0,0.0,0.0,0.0,0.0,0.8356164383561644,0.8678082191780822,0.8205479452054795,0.36712328767123287,0.7883561643835616,0.026027397260273973,0.863013698630137,0.9897260273972602,0.18013698630136987,0.7815068493150685,0.9821917808219178,0.15205479452054796,0.14178082191780822,0.43424657534246575,0.9780821917808219,0.914324880054832,0.630891950688905
431,21.0,1680.0,0.0,0.0,0.0,3.0,6.0,5.0,1971.0,1971.0,232.0,2.0,2.0,2.0,2.0,3.0,1.0,387.0,5.0,0.0,96.0,483.0,2.0,483.0,504.0,0.0,987.0,2.0,1.0,2.0,4.0,0.0,0.0,5.0,1.5,1971.0,2.0,1.0,264.0,2.0,2.0,0.0,0.0,0.0,0.0,0.0,0.0,0.0,4.0,4.0,0.0,7.0,2008.0,85400.0,1.0,0.0,1.0,1.0,0.0,0.0,0.0,0.0,0.02945205479452055,0.02945205479452055,0.06917808219178082,0.04315068493150685,0.14931506849315068,0.010958904109589041,0.863013698630137,0.9897260273972602,0.7205479452054795,0.7815068493150685,0.9821917808219178,0.15205479452054796,0.14178082191780822,0.43424657534246575,0.9780821917808219,0.914324880054832,0.28063814358230604
432,60.0,5586.0,1.0,1.0,0.0,1.0,6.0,7.0,1920.0,1998.0,0.0,2.0,2.0,2.0,2.0,3.0,5.0,0.0,5.0,0.0,901.0,901.0,1.0,1088.0,110.0,0.0,1198.0,4.0,1.0,2.0,7.0,0.0,0.0,5.0,1.0,1941.6,3.0,0.0,0.0,5.0,5.0,2.0,0.0,98.0,0.0,0.0,0.0,0.0,4.0,1.0,0.0,9.0,2008.0,79900.0,1.0,0.0,1.0,0.0,0.0,0.0,0.0,0.0,0.8356164383561644,0.0061643835616438354,0.06917808219178082,0.09863013698630137,0.14931506849315068,0.0773972602739726,0.05547945205479452,0.9897260273972602,0.7205479452054795,0.7815068493150685,0.9821917808219178,0.1506849315068493,0.14657534246575343,0.1,0.9780821917808219,0.914324880054832,0.3659173313995649
433,24.0,1920.0,0.0,0.0,0.0,3.0,5.0,5.0,1971.0,1971.0,376.0,2.0,2.0,2.0,2.0,3.0,1.0,471.0,5.0,0.0,294.0,765.0,0.0,765.0,600.0,0.0,1365.0,2.0,1.0,2.0,6.0,1.0,0.0,5.0,2.5,1971.0,2.0,2.0,440.0,2.0,2.0,0.0,240.0,36.0,0.0,0.0,0.0,0.0,4.0,4.0,0.0,8.0,2007.0,122500.0,1.0,0.0,1.0,1.0,0.0,0.0,0.0,0.0,0.07808219178082192,0.8678082191780822,0.8205479452054795,0.04315068493150685,0.14931506849315068,0.010958904109589041,0.863013698630137,0.9897260273972602,0.7205479452054795,0.7815068493150685,0.9821917808219178,0.15205479452054796,0.14178082191780822,0.43424657534246575,0.9780821917808219,0.914324880054832,0.28063814358230604
434,100.0,10839.0,1.0,0.0,0.0,3.0,6.0,5.0,1997.0,1998.0,0.0,2.0,2.0,1.0,2.0,3.0,5.0,0.0,5.0,0.0,926.0,926.0,0.0,926.0,678.0,0.0,1604.0,3.0,1.0,2.0,7.0,0.0,1.0,2.0,2.5,1997.0,0.0,2.0,470.0,2.0,2.0,0.0,0.0,36.0,0.0,0.0,0.0,0.0,4.0,4.0,0.0,7.0,2008.0,181000.0,1.0,0.0,1.0,0.0,0.0,0.0,0.0,0.0,0.8356164383561644,0.8678082191780822,0.8205479452054795,0.2047945205479452,0.7883561643835616,0.05410958904109589,0.863013698630137,0.9897260273972602,0.18013698630136987,0.7815068493150685,0.9821917808219178,0.3527397260273973,0.3452054794520548,0.44315068493150683,0.9780821917808219,0.914324880054832,0.630891950688905
435,21.0,1890.0,0.0,0.0,0.0,6.0,4.0,7.0,1972.0,1972.0,0.0,2.0,1.0,1.0,2.0,1.0,1.0,495.0,5.0,0.0,135.0,630.0,1.0,630.0,0.0,0.0,630.0,1.0,1.0,2.0,3.0,0.0,0.0,5.0,2.0,1960.2,3.0,0.0,0.0,5.0,5.0,0.0,88.0,0.0,0.0,0.0,0.0,0.0,4.0,4.0,0.0,6.0,2008.0,81000.0,1.0,0.0,1.0,0.0,0.0,0.0,0.0,0.0,0.02945205479452055,0.8678082191780822,0.8205479452054795,0.00684931506849315,0.14931506849315068,0.011643835616438357,0.863013698630137,0.9897260273972602,0.7205479452054795,0.7815068493150685,0.9821917808219178,0.04178082191780822,0.0410958904109589,0.43424657534246575,0.9780821917808219,0.914324880054832,0.5608411892675853
436,43.0,10667.0,2.0,0.0,0.0,3.0,7.0,6.0,1996.0,1996.0,0.0,1.0,2.0,1.0,2.0,1.0,0.0,385.0,1.0,344.0,70.0,799.0,0.0,827.0,834.0,0.0,1661.0,3.0,1.0,1.0,6.0,0.0,1.0,2.0,3.5,1996.0,1.0,2.0,550.0,2.0,2.0,0.0,158.0,61.0,0.0,0.0,0.0,0.0,4.0,4.0,0.0,4.0,2009.0,212000.0,1.0,0.0,1.0,0.0,0.0,0.0,0.0,0.0,0.8356164383561644,0.003424657534246575,0.8205479452054795,0.2047945205479452,0.7883561643835616,0.10273972602739725,0.013013698630136987,0.9897260273972602,0.06438356164383562,0.7815068493150685,0.9821917808219178,0.3527397260273973,0.3452054794520548,0.44315068493150683,0.9780821917808219,0.914324880054832,0.630891950688905
437,40.0,4400.0,0.0,0.0,0.0,1.0,6.0,8.0,1920.0,1950.0,0.0,2.0,2.0,3.0,2.0,3.0,5.0,0.0,5.0,0.0,648.0,648.0,2.0,734.0,384.0,0.0,1118.0,2.0,1.0,2.0,6.0,0.0,0.0,5.0,1.0,1990.0,2.0,2.0,440.0,2.0,2.0,0.0,0.0,0.0,0.0,0.0,0.0,0.0,4.0,4.0,0.0,10.0,2006.0,116000.0,1.0,0.0,1.0,0.0,0.0,0.0,0.0,0.0,0.8356164383561644,0.8678082191780822,0.8205479452054795,0.09863013698630137,0.14931506849315068,0.0773972602739726,0.863013698630137,0.9897260273972602,0.7205479452054795,0.7815068493150685,0.9821917808219178,0.017123287671232876,0.01780821917808219,0.1,0.9780821917808219,0.06442769019876628,0.28063814358230604
438,50.0,6000.0,0.0,0.0,0.0,2.0,6.0,7.0,1926.0,2004.0,0.0,1.0,2.0,2.0,2.0,3.0,5.0,0.0,5.0,0.0,884.0,884.0,1.0,904.0,0.0,0.0,904.0,2.0,1.0,2.0,4.0,0.0,0.0,5.0,1.0,1926.0,2.0,1.0,180.0,2.0,2.0,0.0,0.0,0.0,105.0,0.0,0.0,0.0,4.0,4.0,0.0,1.0,2009.0,119000.0,1.0,0.0,1.0,0.0,0.0,0.0,0.0,0.0,0.8356164383561644,0.8678082191780822,0.8205479452054795,0.00821917808219178,0.14931506849315068,0.03972602739726028,0.863013698630137,0.9897260273972602,0.7205479452054795,0.7815068493150685,0.9821917808219178,0.1410958904109589,0.13493150684931507,0.44315068493150683,0.9780821917808219,0.914324880054832,0.28063814358230604
439,40.0,4280.0,0.0,0.0,0.0,0.0,5.0,6.0,1913.0,2002.0,0.0,2.0,2.0,2.0,2.0,3.0,4.0,365.0,5.0,0.0,75.0,440.0,2.0,694.0,0.0,0.0,694.0,2.0,1.0,1.0,4.0,0.0,1.0,1.0,1.0,1990.0,2.0,1.0,352.0,1.0,2.0,1.0,0.0,0.0,34.0,0.0,0.0,0.0,4.0,1.0,0.0,3.0,2007.0,90350.0,1.0,0.0,0.0,0.0,0.0,0.0,0.0,0.0,0.8356164383561644,0.8678082191780822,0.8205479452054795,0.04726027397260274,0.7883561643835616,0.03493150684931507,0.863013698630137,0.9897260273972602,0.7205479452054795,0.7815068493150685,0.9821917808219178,0.01780821917808219,0.01780821917808219,0.44315068493150683,0.9780821917808219,0.914324880054832,0.28063814358230604
440,67.0,12354.0,0.0,0.0,0.0,1.0,6.0,8.0,1920.0,2000.0,0.0,2.0,2.0,2.0,3.0,2.0,5.0,0.0,5.0,0.0,684.0,684.0,1.0,684.0,512.0,0.0,1196.0,3.0,1.0,1.0,7.0,0.0,0.0,5.0,1.0,2005.0,2.0,2.0,528.0,2.0,2.0,0.0,0.0,46.0,0.0,0.0,0.0,0.0,4.0,0.0,800.0,8.0,2009.0,110000.0,1.0,0.0,1.0,0.0,0.0,0.0,1.0,0.0,0.8356164383561644,0.003424657534246575,0.8205479452054795,0.09863013698630137,0.7883561643835616,0.0684931506849315,0.863013698630137,0.9897260273972602,0.18013698630136987,0.7815068493150685,0.9821917808219178,0.1410958904109589,0.13493150684931507,0.1,0.9780821917808219,0.914324880054832,0.28063814358230604
441,105.0,15431.0,0.0,0.0,0.0,0.0,10.0,5.0,2008.0,2008.0,200.0,0.0,2.0,0.0,2.0,0.0,0.0,1767.0,1.0,539.0,788.0,3094.0,0.0,2402.0,0.0,0.0,2402.0,2.0,1.0,0.0,10.0,0.0,2.0,1.0,3.0,2008.0,0.0,3.0,672.0,2.0,2.0,0.0,0.0,72.0,0.0,0.0,170.0,0.0,4.0,4.0,0.0,4.0,2009.0,555000.0,1.0,0.0,1.0,0.0,1.0,0.0,0.0,0.0,0.8356164383561644,0.8678082191780822,0.8205479452054795,0.36712328767123287,0.7883561643835616,0.05273972602739726,0.863013698630137,0.9897260273972602,0.7205479452054795,0.1958904109589041,0.9821917808219178,0.3527397260273973,0.3452054794520548,0.44315068493150683,0.9780821917808219,0.914324880054832,0.630891950688905
442,92.0,12108.0,0.0,0.0,0.0,0.0,4.0,4.0,1955.0,1955.0,270.0,2.0,2.0,2.0,2.0,3.0,1.0,133.0,5.0,0.0,1307.0,1440.0,2.0,1440.0,0.0,0.0,1440.0,4.0,2.0,3.0,8.0,0.0,0.0,5.0,2.0,1967.4,3.0,0.0,0.0,5.0,5.0,0.0,0.0,0.0,0.0,0.0,0.0,0.0,4.0,4.0,0.0,9.0,2008.0,118000.0,1.0,0.0,0.0,1.0,0.0,0.0,0.0,0.0,0.03561643835616438,0.8678082191780822,0.8205479452054795,0.03561643835616438,0.7883561643835616,0.0684931506849315,0.863013698630137,0.9897260273972602,0.7205479452054795,0.7815068493150685,0.9821917808219178,0.3527397260273973,0.3452054794520548,0.43424657534246575,0.9780821917808219,0.018505825908156272,0.3506889050036258
443,52.0,6240.0,0.0,0.0,0.0,1.0,5.0,7.0,1930.0,1992.0,0.0,2.0,2.0,2.0,2.0,3.0,5.0,0.0,5.0,0.0,1078.0,1078.0,2.0,1128.0,445.0,0.0,1573.0,3.0,1.0,2.0,8.0,0.0,1.0,1.0,2.0,1930.0,2.0,2.0,360.0,2.0,2.0,1.0,0.0,0.0,0.0,0.0,0.0,0.0,4.0,4.0,0.0,6.0,2008.0,162900.0,1.0,0.0,1.0,0.0,0.0,0.0,0.0,0.0,0.8356164383561644,0.8678082191780822,0.8205479452054795,0.09863013698630137,0.14931506849315068,0.03972602739726028,0.863013698630137,0.9897260273972602,0.7205479452054795,0.7815068493150685,0.9821917808219178,0.1506849315068493,0.14657534246575343,0.44315068493150683,0.9780821917808219,0.914324880054832,0.28063814358230604
444,53.0,3922.0,0.0,0.0,0.0,0.0,7.0,5.0,2006.0,2007.0,72.0,1.0,2.0,0.0,2.0,1.0,5.0,0.0,5.0,0.0,1258.0,1258.0,0.0,1258.0,0.0,0.0,1258.0,2.0,1.0,1.0,6.0,0.0,1.0,1.0,2.0,2007.0,0.0,3.0,648.0,2.0,2.0,0.0,144.0,16.0,0.0,0.0,0.0,0.0,4.0,4.0,0.0,6.0,2007.0,172500.0,1.0,0.0,1.0,1.0,0.0,0.0,0.0,0.0,0.07808219178082192,0.08356164383561644,0.08561643835616438,0.05958904109589041,0.7883561643835616,0.011643835616438357,0.863013698630137,0.9897260273972602,0.7205479452054795,0.7815068493150685,0.9821917808219178,0.01780821917808219,0.026027397260273973,0.44315068493150683,0.9780821917808219,0.914324880054832,0.630891950688905
445,70.0,8750.0,0.0,0.0,0.0,3.0,7.0,5.0,1994.0,1995.0,0.0,1.0,1.0,1.0,2.0,3.0,0.0,642.0,5.0,0.0,273.0,915.0,0.0,933.0,975.0,0.0,1908.0,4.0,1.0,1.0,8.0,0.0,1.0,2.0,3.5,1994.0,2.0,2.0,493.0,2.0,2.0,0.0,144.0,133.0,0.0,0.0,0.0,0.0,4.0,4.0,0.0,7.0,2008.0,210000.0,1.0,0.0,1.0,0.0,0.0,0.0,0.0,0.0,0.8356164383561644,0.8678082191780822,0.8205479452054795,0.2047945205479452,0.7883561643835616,0.10273972602739725,0.863013698630137,0.9897260273972602,0.7205479452054795,0.7815068493150685,0.9821917808219178,0.3527397260273973,0.3452054794520548,0.44315068493150683,0.9780821917808219,0.914324880054832,0.630891950688905
446,73.0,9855.0,0.0,0.0,0.0,0.0,6.0,5.0,1956.0,1956.0,0.0,2.0,2.0,2.0,2.0,3.0,5.0,0.0,5.0,0.0,1436.0,1436.0,3.0,1689.0,0.0,0.0,1689.0,3.0,1.0,2.0,7.0,0.0,1.0,1.0,1.0,1956.0,2.0,2.0,480.0,2.0,2.0,0.0,0.0,0.0,0.0,0.0,0.0,0.0,4.0,1.0,0.0,11.0,2009.0,127500.0,1.0,0.0,1.0,0.0,0.0,0.0,0.0,0.0,0.8356164383561644,0.02945205479452055,0.8205479452054795,0.36712328767123287,0.7883561643835616,0.0684931506849315,0.863013698630137,0.9897260273972602,0.18013698630136987,0.1958904109589041,0.9821917808219178,0.1410958904109589,0.13493150684931507,0.43424657534246575,0.9780821917808219,0.914324880054832,0.630891950688905
447,137.0,16492.0,1.0,0.0,0.0,0.0,6.0,6.0,1966.0,2002.0,0.0,1.0,2.0,2.0,2.0,3.0,1.0,247.0,3.0,713.0,557.0,1517.0,0.0,1888.0,0.0,0.0,1888.0,2.0,1.0,1.0,6.0,3.0,1.0,1.0,2.5,1966.0,0.0,2.0,578.0,2.0,2.0,0.0,0.0,0.0,0.0,0.0,0.0,0.0,4.0,4.0,0.0,6.0,2010.0,190000.0,1.0,0.0,1.0,0.0,0.0,0.0,0.0,0.0,0.8356164383561644,0.8678082191780822,0.8205479452054795,0.36712328767123287,0.7883561643835616,0.1541095890410959,0.005479452054794521,0.9897260273972602,0.18013698630136987,0.7815068493150685,0.9821917808219178,0.03424657534246575,0.09726027397260274,0.43424657534246575,0.9780821917808219,0.914324880054832,0.630891950688905
448,82.2,11214.0,1.0,0.0,0.0,3.0,7.0,5.0,1998.0,1999.0,0.0,1.0,2.0,1.0,2.0,3.0,5.0,0.0,5.0,0.0,930.0,930.0,1.0,956.0,930.0,0.0,1886.0,4.0,1.0,1.0,10.0,0.0,1.0,2.0,2.5,1998.0,0.0,2.0,431.0,2.0,2.0,0.0,89.0,0.0,0.0,0.0,0.0,0.0,4.0,4.0,0.0,7.0,2006.0,199900.0,1.0,0.0,1.0,0.0,0.0,0.0,0.0,0.0,0.8356164383561644,0.8678082191780822,0.8205479452054795,0.2047945205479452,0.7883561643835616,0.05410958904109589,0.863013698630137,0.9897260273972602,0.18013698630136987,0.7815068493150685,0.9821917808219178,0.3527397260273973,0.3452054794520548,0.44315068493150683,0.9780821917808219,0.914324880054832,0.630891950688905
449,50.0,8600.0,0.0,1.0,0.0,1.0,6.0,6.0,1937.0,1950.0,0.0,2.0,2.0,2.0,2.0,3.0,5.0,0.0,5.0,0.0,780.0,780.0,2.0,780.0,596.0,0.0,1376.0,3.0,1.0,2.0,7.0,0.0,1.0,1.0,2.0,1937.0,2.0,1.0,198.0,2.0,2.0,2.0,0.0,0.0,0.0,0.0,0.0,0.0,4.0,4.0,0.0,6.0,2006.0,119500.0,1.0,0.0,1.0,0.0,0.0,0.0,0.0,0.0,0.8356164383561644,0.8678082191780822,0.8205479452054795,0.09863013698630137,0.14931506849315068,0.025342465753424658,0.863013698630137,0.9897260273972602,0.7205479452054795,0.7815068493150685,0.9821917808219178,0.1506849315068493,0.14657534246575343,0.1,0.9780821917808219,0.914324880054832,0.28063814358230604
450,50.0,6000.0,0.0,0.0,0.0,1.0,3.0,7.0,1948.0,2002.0,0.0,2.0,1.0,2.0,2.0,3.0,1.0,331.0,5.0,0.0,318.0,649.0,0.0,679.0,504.0,0.0,1183.0,2.0,1.0,2.0,6.0,0.0,0.0,5.0,1.5,1981.0,2.0,1.0,308.0,2.0,2.0,0.0,0.0,176.0,0.0,0.0,0.0,0.0,4.0,4.0,0.0,6.0,2007.0,120000.0,1.0,0.0,1.0,0.0,0.0,0.0,0.0,0.0,0.8356164383561644,0.8678082191780822,0.8205479452054795,0.09863013698630137,0.14931506849315068,0.0773972602739726,0.863013698630137,0.9897260273972602,0.7205479452054795,0.7815068493150685,0.9821917808219178,0.1506849315068493,0.14657534246575343,0.43424657534246575,0.9780821917808219,0.914324880054832,0.28063814358230604
451,70.0,5684.0,0.0,0.0,0.0,0.0,6.0,8.0,1930.0,2005.0,0.0,2.0,2.0,2.0,2.0,3.0,5.0,0.0,5.0,0.0,813.0,813.0,0.0,813.0,0.0,0.0,813.0,2.0,1.0,1.0,5.0,0.0,0.0,5.0,1.0,1932.0,2.0,1.0,270.0,3.0,3.0,2.0,0.0,113.0,0.0,0.0,0.0,0.0,4.0,4.0,0.0,6.0,2006.0,110000.0,1.0,0.0,1.0,0.0,0.0,0.0,0.0,0.0,0.8356164383561644,0.8678082191780822,0.8205479452054795,0.04726027397260274,0.14931506849315068,0.0773972602739726,0.863013698630137,0.9897260273972602,0.7205479452054795,0.1958904109589041,0.9821917808219178,0.1410958904109589,0.13493150684931507,0.1,0.9780821917808219,0.06442769019876628,0.28063814358230604
452,62.0,70761.0,1.0,3.0,1.0,0.0,7.0,5.0,1975.0,1975.0,0.0,2.0,2.0,1.0,2.0,0.0,1.0,655.0,5.0,0.0,878.0,1533.0,2.0,1533.0,0.0,0.0,1533.0,2.0,1.0,1.0,5.0,0.0,2.0,2.0,3.0,1975.0,2.0,2.0,576.0,2.0,2.0,0.0,200.0,54.0,0.0,0.0,0.0,0.0,4.0,4.0,0.0,12.0,2006.0,280000.0,1.0,0.0,1.0,0.0,0.0,0.0,0.0,0.0,0.8356164383561644,0.8678082191780822,0.8205479452054795,0.36712328767123287,0.7883561643835616,0.019178082191780823,0.863013698630137,0.9897260273972602,0.7205479452054795,0.7815068493150685,0.00410958904109589,0.07397260273972603,0.09726027397260274,0.43424657534246575,0.9780821917808219,0.914324880054832,0.630891950688905
453,73.6,9303.0,1.0,0.0,0.0,3.0,6.0,5.0,1996.0,1997.0,42.0,1.0,2.0,0.0,2.0,3.0,1.0,742.0,5.0,0.0,130.0,872.0,0.0,888.0,868.0,0.0,1756.0,3.0,1.0,2.0,7.0,0.0,0.0,5.0,3.5,1996.0,0.0,2.0,422.0,2.0,2.0,0.0,144.0,122.0,0.0,0.0,0.0,0.0,4.0,4.0,0.0,7.0,2007.0,204000.0,1.0,0.0,1.0,1.0,0.0,0.0,0.0,0.0,0.8356164383561644,0.8678082191780822,0.8205479452054795,0.2047945205479452,0.7883561643835616,0.026027397260273973,0.863013698630137,0.9897260273972602,0.18013698630136987,0.1958904109589041,0.9821917808219178,0.3527397260273973,0.3452054794520548,0.44315068493150683,0.9780821917808219,0.914324880054832,0.630891950688905
454,75.0,9000.0,0.0,0.0,0.0,3.0,8.0,5.0,2008.0,2008.0,0.0,1.0,2.0,1.0,2.0,3.0,5.0,0.0,5.0,0.0,768.0,768.0,0.0,786.0,804.0,0.0,1590.0,3.0,1.0,1.0,6.0,0.0,0.0,5.0,2.5,2008.0,1.0,2.0,676.0,2.0,2.0,0.0,0.0,30.0,0.0,0.0,0.0,0.0,4.0,4.0,0.0,6.0,2009.0,210000.0,1.0,0.0,1.0,0.0,0.0,0.0,0.0,0.0,0.8356164383561644,0.8678082191780822,0.8205479452054795,0.2047945205479452,0.04452054794520548,0.0589041095890411,0.863013698630137,0.9897260273972602,0.7205479452054795,0.7815068493150685,0.9821917808219178,0.3527397260273973,0.3452054794520548,0.44315068493150683,0.9780821917808219,0.914324880054832,0.630891950688905
455,63.0,9297.0,0.0,0.0,0.0,0.0,5.0,5.0,1976.0,1976.0,0.0,2.0,2.0,2.0,2.0,3.0,1.0,1606.0,5.0,0.0,122.0,1728.0,2.0,1728.0,0.0,0.0,1728.0,4.0,2.0,2.0,8.0,0.0,0.0,5.0,4.0,1976.0,2.0,2.0,560.0,2.0,2.0,0.0,0.0,0.0,0.0,0.0,0.0,0.0,4.0,4.0,0.0,7.0,2006.0,188000.0,1.0,0.0,1.0,0.0,0.0,0.0,0.0,0.0,0.03561643835616438,0.8678082191780822,0.0136986301369863,0.03561643835616438,0.7883561643835616,0.03356164383561644,0.863013698630137,0.9897260273972602,0.7205479452054795,0.7815068493150685,0.9821917808219178,0.07397260273972603,0.09726027397260274,0.43424657534246575,0.9780821917808219,0.914324880054832,0.28063814358230604
456,80.0,9600.0,0.0,0.0,0.0,0.0,7.0,6.0,1973.0,1973.0,320.0,2.0,2.0,2.0,2.0,3.0,1.0,916.0,5.0,0.0,326.0,1242.0,3.0,1242.0,0.0,0.0,1242.0,3.0,1.0,2.0,6.0,0.0,1.0,2.0,1.5,1973.0,2.0,2.0,528.0,2.0,2.0,0.0,0.0,0.0,0.0,0.0,0.0,0.0,4.0,4.0,0.0,9.0,2007.0,175500.0,1.0,0.0,1.0,1.0,0.0,0.0,0.0,0.0,0.8356164383561644,0.8678082191780822,0.8205479452054795,0.36712328767123287,0.7883561643835616,0.05,0.863013698630137,0.9897260273972602,0.7205479452054795,0.1958904109589041,0.9821917808219178,0.15205479452054796,0.14178082191780822,0.43424657534246575,0.9780821917808219,0.914324880054832,0.630891950688905
457,34.0,4571.0,0.0,0.0,0.0,3.0,5.0,5.0,1916.0,1950.0,0.0,2.0,2.0,2.0,2.0,3.0,5.0,0.0,5.0,0.0,624.0,624.0,3.0,624.0,720.0,0.0,1344.0,4.0,1.0,2.0,7.0,0.0,0.0,5.0,1.0,1916.0,2.0,3.0,513.0,3.0,3.0,0.0,0.0,0.0,96.0,0.0,0.0,0.0,4.0,4.0,0.0,5.0,2008.0,98000.0,1.0,0.0,0.0,0.0,0.0,0.0,0.0,0.0,0.8356164383561644,0.02945205479452055,0.06917808219178082,0.0410958904109589,0.14931506849315068,0.0773972602739726,0.863013698630137,0.9897260273972602,0.7205479452054795,0.7815068493150685,0.9821917808219178,0.0136986301369863,0.0136986301369863,0.1,0.9780821917808219,0.914324880054832,0.28063814358230604
458,139.4,53227.0,1.0,3.0,1.0,0.0,4.0,6.0,1954.0,1994.0,0.0,2.0,2.0,1.0,2.0,0.0,2.0,1116.0,5.0,0.0,248.0,1364.0,0.0,1663.0,0.0,0.0,1663.0,2.0,1.0,1.0,6.0,1.0,2.0,1.0,2.0,1954.0,0.0,2.0,529.0,2.0,2.0,0.0,224.0,137.0,0.0,0.0,0.0,0.0,4.0,4.0,0.0,3.0,2008.0,256000.0,1.0,0.0,1.0,0.0,0.0,0.0,0.0,0.0,0.8356164383561644,0.8678082191780822,0.8205479452054795,0.36712328767123287,0.7883561643835616,0.019178082191780823,0.863013698630137,0.9897260273972602,0.06438356164383562,0.008904109589041096,0.007534246575342466,0.07397260273972603,0.09726027397260274,0.43424657534246575,0.9780821917808219,0.914324880054832,0.630891950688905
459,46.4,5100.0,0.0,0.0,0.0,3.0,8.0,7.0,1925.0,1996.0,0.0,2.0,1.0,2.0,2.0,3.0,5.0,0.0,5.0,0.0,588.0,588.0,3.0,833.0,833.0,0.0,1666.0,3.0,1.0,1.0,7.0,0.0,1.0,1.0,1.0,1925.0,2.0,1.0,228.0,2.0,2.0,0.0,192.0,63.0,0.0,0.0,0.0,0.0,4.0,1.0,0.0,6.0,2008.0,161000.0,1.0,0.0,1.0,0.0,0.0,0.0,0.0,0.0,0.8356164383561644,0.8678082191780822,0.8205479452054795,0.0410958904109589,0.14931506849315068,0.0773972602739726,0.863013698630137,0.9897260273972602,0.7205479452054795,0.1958904109589041,0.9821917808219178,0.017123287671232876,0.026027397260273973,0.44315068493150683,0.9780821917808219,0.914324880054832,0.28063814358230604
460,65.0,7015.0,1.0,1.0,0.0,1.0,5.0,4.0,1950.0,1950.0,161.0,2.0,2.0,2.0,2.0,3.0,4.0,185.0,5.0,0.0,524.0,709.0,2.0,979.0,224.0,0.0,1203.0,3.0,1.0,1.0,5.0,0.0,1.0,2.0,2.0,1950.0,2.0,1.0,352.0,2.0,2.0,0.0,0.0,0.0,248.0,0.0,0.0,0.0,4.0,4.0,0.0,7.0,2009.0,110000.0,1.0,0.0,1.0,0.0,0.0,0.0,0.0,0.0,0.8356164383561644,0.8678082191780822,0.8205479452054795,0.09863013698630137,0.7883561643835616,0.03972602739726028,0.863013698630137,0.9897260273972602,0.18013698630136987,0.7815068493150685,0.9821917808219178,0.1506849315068493,0.14657534246575343,0.43424657534246575,0.9780821917808219,0.914324880054832,0.28063814358230604
461,75.0,8004.0,1.0,0.0,0.0,3.0,8.0,5.0,2009.0,2009.0,110.0,1.0,2.0,1.0,2.0,3.0,0.0,544.0,5.0,0.0,288.0,832.0,0.0,832.0,1103.0,0.0,1935.0,3.0,1.0,2.0,8.0,0.0,0.0,5.0,3.5,2009.0,0.0,2.0,552.0,2.0,2.0,0.0,0.0,150.0,0.0,0.0,0.0,0.0,4.0,4.0,0.0,12.0,2009.0,263435.0,1.0,0.0,1.0,0.0,1.0,0.0,0.0,0.0,0.8356164383561644,0.08356164383561644,0.08561643835616438,0.2047945205479452,0.04452054794520548,0.0589041095890411,0.01780821917808219,0.9897260273972602,0.7205479452054795,0.7815068493150685,0.9821917808219178,0.3527397260273973,0.3452054794520548,0.44315068493150683,0.9780821917808219,0.914324880054832,0.06381435823060189
462,60.0,7200.0,0.0,0.0,0.0,3.0,7.0,9.0,1936.0,2007.0,0.0,1.0,1.0,1.0,1.0,3.0,1.0,350.0,2.0,210.0,0.0,560.0,0.0,575.0,560.0,0.0,1135.0,3.0,1.0,1.0,6.0,0.0,0.0,5.0,2.0,1971.0,1.0,2.0,576.0,2.0,2.0,0.0,256.0,0.0,0.0,0.0,0.0,0.0,4.0,1.0,0.0,4.0,2009.0,155000.0,1.0,0.0,1.0,0.0,0.0,0.0,0.0,0.0,0.8356164383561644,0.8678082191780822,0.8205479452054795,0.0410958904109589,0.7883561643835616,0.017123287671232876,0.05547945205479452,0.9897260273972602,0.7205479452054795,0.7815068493150685,0.9821917808219178,0.1410958904109589,0.13493150684931507,0.44315068493150683,0.9780821917808219,0.914324880054832,0.28063814358230604
463,60.0,8281.0,1.0,0.0,0.0,0.0,5.0,5.0,1965.0,1965.0,0.0,2.0,2.0,2.0,2.0,3.0,3.0,553.0,2.0,311.0,0.0,864.0,1.0,864.0,0.0,0.0,864.0,3.0,1.0,2.0,5.0,0.0,1.0,4.0,1.0,1965.0,2.0,1.0,360.0,2.0,2.0,0.0,0.0,0.0,236.0,0.0,0.0,0.0,4.0,2.0,0.0,12.0,2009.0,62383.0,1.0,0.0,1.0,0.0,0.0,0.0,0.0,0.0,0.8356164383561644,0.8678082191780822,0.8205479452054795,0.36712328767123287,0.7883561643835616,0.050684931506849315,0.863013698630137,0.9897260273972602,0.7205479452054795,0.7815068493150685,0.9821917808219178,0.1506849315068493,0.14657534246575343,0.43424657534246575,0.9780821917808219,0.914324880054832,0.28063814358230604
464,74.0,11988.0,1.0,2.0,1.0,3.0,6.0,7.0,1934.0,1995.0,0.0,2.0,2.0,2.0,2.0,3.0,4.0,326.0,5.0,0.0,389.0,715.0,3.0,849.0,811.0,0.0,1660.0,3.0,1.0,2.0,6.0,0.0,1.0,1.0,1.5,1939.0,2.0,1.0,240.0,2.0,2.0,0.0,0.0,0.0,0.0,0.0,0.0,0.0,4.0,4.0,0.0,8.0,2008.0,188700.0,1.0,0.0,1.0,0.0,0.0,0.0,0.0,0.0,0.8356164383561644,0.8678082191780822,0.8205479452054795,0.0410958904109589,0.7883561643835616,0.03493150684931507,0.863013698630137,0.9897260273972602,0.7205479452054795,0.1958904109589041,0.9821917808219178,0.017123287671232876,0.01780821917808219,0.43424657534246575,0.9780821917808219,0.06442769019876628,0.28063814358230604
465,60.0,8430.0,0.0,2.0,1.0,0.0,5.0,5.0,1978.0,1978.0,136.0,2.0,2.0,1.0,2.0,3.0,3.0,616.0,5.0,0.0,424.0,1040.0,2.0,1040.0,0.0,0.0,1040.0,3.0,1.0,2.0,5.0,0.0,0.0,5.0,2.0,1971.8,3.0,0.0,0.0,5.0,5.0,0.0,0.0,0.0,0.0,0.0,0.0,0.0,4.0,4.0,0.0,8.0,2009.0,124000.0,1.0,0.0,1.0,1.0,0.0,0.0,0.0,0.0,0.8356164383561644,0.8678082191780822,0.8205479452054795,0.36712328767123287,0.7883561643835616,0.10273972602739725,0.863013698630137,0.9897260273972602,0.7205479452054795,0.7815068493150685,0.9821917808219178,0.15205479452054796,0.14178082191780822,0.43424657534246575,0.9780821917808219,0.914324880054832,0.4907904278462654
466,38.6,3072.0,0.0,0.0,0.0,0.0,7.0,5.0,2004.0,2004.0,18.0,1.0,2.0,1.0,2.0,3.0,5.0,0.0,5.0,0.0,1375.0,1375.0,0.0,1414.0,0.0,0.0,1414.0,2.0,1.0,1.0,6.0,0.0,1.0,2.0,2.0,2004.0,0.0,2.0,398.0,2.0,2.0,0.0,144.0,20.0,0.0,0.0,0.0,0.0,4.0,4.0,0.0,5.0,2006.0,178740.0,1.0,0.0,1.0,1.0,0.0,0.0,0.0,0.0,0.07808219178082192,0.8678082191780822,0.8205479452054795,0.05958904109589041,0.14931506849315068,0.011643835616438357,0.863013698630137,0.9897260273972602,0.7205479452054795,0.1958904109589041,0.9821917808219178,0.3527397260273973,0.3452054794520548,0.44315068493150683,0.9780821917808219,0.914324880054832,0.630891950688905
467,85.0,10628.0,0.0,0.0,0.0,0.0,7.0,5.0,1970.0,1970.0,0.0,2.0,1.0,2.0,1.0,0.0,0.0,778.0,5.0,0.0,499.0,1277.0,2.0,1277.0,0.0,0.0,1277.0,2.0,1.0,2.0,5.0,0.0,1.0,4.0,2.0,1970.0,2.0,2.0,526.0,2.0,2.0,0.0,0.0,0.0,0.0,0.0,176.0,0.0,4.0,2.0,0.0,4.0,2007.0,167000.0,1.0,0.0,1.0,0.0,0.0,0.0,0.0,0.0,0.8356164383561644,0.8678082191780822,0.8205479452054795,0.36712328767123287,0.7883561643835616,0.1541095890410959,0.863013698630137,0.9897260273972602,0.7205479452054795,0.008904109589041096,0.007534246575342466,0.07397260273972603,0.09726027397260274,0.43424657534246575,0.9780821917808219,0.914324880054832,0.630891950688905
468,79.0,9480.0,0.0,0.0,0.0,3.0,5.0,7.0,1942.0,1995.0,224.0,2.0,2.0,2.0,2.0,3.0,4.0,386.0,5.0,0.0,342.0,728.0,0.0,888.0,756.0,0.0,1644.0,3.0,1.0,1.0,7.0,0.0,2.0,1.0,1.5,1942.0,2.0,1.0,312.0,2.0,2.0,0.0,168.0,0.0,0.0,0.0,0.0,0.0,4.0,4.0,0.0,6.0,2007.0,146500.0,1.0,0.0,1.0,0.0,1.0,0.0,0.0,0.0,0.8356164383561644,0.8678082191780822,0.8205479452054795,0.0410958904109589,0.7883561643835616,0.1541095890410959,0.03287671232876712,0.9897260273972602,0.7205479452054795,0.7815068493150685,0.9821917808219178,0.1506849315068493,0.14657534246575343,0.43424657534246575,0.9780821917808219,0.914324880054832,0.630891950688905
469,98.0,11428.0,1.0,0.0,0.0,0.0,8.0,5.0,2006.0,2006.0,248.0,1.0,2.0,1.0,2.0,3.0,5.0,0.0,5.0,0.0,1626.0,1626.0,0.0,1634.0,0.0,0.0,1634.0,3.0,1.0,1.0,7.0,0.0,1.0,1.0,2.0,2006.0,1.0,3.0,866.0,2.0,2.0,0.0,0.0,44.0,0.0,0.0,0.0,0.0,4.0,4.0,0.0,5.0,2007.0,250000.0,1.0,0.0,1.0,0.0,1.0,0.0,0.0,0.0,0.8356164383561644,0.8678082191780822,0.8205479452054795,0.36712328767123287,0.7883561643835616,0.05273972602739726,0.863013698630137,0.9897260273972602,0.7205479452054795,0.7815068493150685,0.9821917808219178,0.3527397260273973,0.3452054794520548,0.44315068493150683,0.9780821917808219,0.914324880054832,0.630891950688905
470,76.0,9291.0,1.0,0.0,0.0,3.0,6.0,5.0,1993.0,1993.0,120.0,1.0,2.0,1.0,2.0,3.0,0.0,426.0,5.0,0.0,406.0,832.0,0.0,832.0,878.0,0.0,1710.0,3.0,1.0,1.0,7.0,0.0,0.0,5.0,2.5,1993.0,1.0,2.0,506.0,2.0,2.0,0.0,144.0,70.0,0.0,0.0,0.0,0.0,4.0,4.0,0.0,6.0,2008.0,187000.0,1.0,0.0,1.0,1.0,0.0,0.0,0.0,0.0,0.8356164383561644,0.8678082191780822,0.8205479452054795,0.2047945205479452,0.7883561643835616,0.04041095890410959,0.0013698630136986301,0.9897260273972602,0.18013698630136987,0.7815068493150685,0.9821917808219178,0.15205479452054796,0.14178082191780822,0.44315068493150683,0.9780821917808219,0.914324880054832,0.630891950688905
471,64.2,6820.0,1.0,0.0,0.0,0.0,8.0,5.0,1985.0,1985.0,0.0,1.0,2.0,1.0,2.0,1.0,0.0,368.0,2.0,1120.0,0.0,1488.0,2.0,1502.0,0.0,0.0,1502.0,1.0,1.0,1.0,4.0,0.0,0.0,5.0,2.5,1985.0,1.0,2.0,528.0,2.0,2.0,0.0,0.0,54.0,0.0,0.0,140.0,0.0,4.0,4.0,0.0,6.0,2010.0,212000.0,1.0,0.0,1.0,0.0,0.0,0.0,0.0,0.0,0.07808219178082192,0.8678082191780822,0.8205479452054795,0.05958904109589041,0.7883561643835616,0.017123287671232876,0.863013698630137,0.9897260273972602,0.18013698630136987,0.7815068493150685,0.9821917808219178,0.15205479452054796,0.14178082191780822,0.44315068493150683,0.9780821917808219,0.914324880054832,0.630891950688905
472,92.0,11952.0,0.0,0.0,0.0,3.0,7.0,6.0,1977.0,1977.0,0.0,2.0,2.0,1.0,2.0,3.0,5.0,0.0,5.0,0.0,808.0,808.0,2.0,1161.0,808.0,0.0,1969.0,3.0,1.0,2.0,8.0,0.0,1.0,1.0,2.5,1977.0,1.0,2.0,534.0,2.0,2.0,0.0,0.0,0.0,0.0,0.0,276.0,0.0,4.0,4.0,0.0,11.0,2007.0,190000.0,1.0,0.0,1.0,0.0,0.0,0.0,0.0,0.0,0.8356164383561644,0.8678082191780822,0.8205479452054795,0.2047945205479452,0.7883561643835616,0.05,0.005479452054794521,0.9897260273972602,0.7205479452054795,0.004794520547945206,0.003424657534246575,0.01780821917808219,0.09726027397260274,0.43424657534246575,0.9780821917808219,0.914324880054832,0.630891950688905
473,35.0,3675.0,0.0,0.0,0.0,7.0,6.0,5.0,2005.0,2005.0,80.0,2.0,2.0,1.0,2.0,0.0,0.0,459.0,5.0,0.0,88.0,547.0,0.0,1072.0,0.0,0.0,1072.0,2.0,1.0,2.0,5.0,0.0,0.0,5.0,2.0,2005.0,1.0,2.0,525.0,2.0,2.0,0.0,0.0,28.0,0.0,0.0,0.0,0.0,4.0,4.0,0.0,6.0,2008.0,148000.0,1.0,0.0,1.0,1.0,0.0,0.0,0.0,0.0,0.07808219178082192,0.8678082191780822,0.8205479452054795,0.00684931506849315,0.14931506849315068,0.0684931506849315,0.863013698630137,0.9897260273972602,0.7205479452054795,0.7815068493150685,0.9821917808219178,0.3527397260273973,0.3452054794520548,0.44315068493150683,0.9780821917808219,0.914324880054832,0.013778100072516316
474,110.0,14977.0,1.0,0.0,0.0,0.0,8.0,5.0,2006.0,2007.0,304.0,1.0,2.0,0.0,2.0,0.0,0.0,1350.0,5.0,0.0,626.0,1976.0,0.0,1976.0,0.0,0.0,1976.0,2.0,1.0,1.0,7.0,0.0,1.0,0.0,3.0,2006.0,1.0,3.0,908.0,2.0,2.0,0.0,250.0,63.0,0.0,0.0,0.0,0.0,4.0,4.0,0.0,7.0,2007.0,440000.0,1.0,0.0,1.0,1.0,0.0,0.0,0.0,0.0,0.8356164383561644,0.08356164383561644,0.08561643835616438,0.36712328767123287,0.7883561643835616,0.05273972602739726,0.863013698630137,0.9897260273972602,0.7205479452054795,0.7815068493150685,0.9821917808219178,0.3527397260273973,0.3452054794520548,0.44315068493150683,0.9780821917808219,0.914324880054832,0.630891950688905
475,41.0,5330.0,0.0,0.0,0.0,0.0,8.0,5.0,2000.0,2000.0,0.0,1.0,2.0,1.0,2.0,1.0,0.0,1196.0,5.0,0.0,298.0,1494.0,0.0,1652.0,0.0,0.0,1652.0,2.0,1.0,0.0,6.0,0.0,0.0,5.0,3.0,2000.0,1.0,2.0,499.0,2.0,2.0,0.0,96.0,48.0,0.0,0.0,0.0,0.0,4.0,4.0,0.0,8.0,2007.0,251000.0,1.0,0.0,1.0,0.0,0.0,0.0,0.0,0.0,0.07808219178082192,0.8678082191780822,0.8205479452054795,0.05958904109589041,0.7883561643835616,0.017123287671232876,0.863013698630137,0.9897260273972602,0.7205479452054795,0.7815068493150685,0.9821917808219178,0.04178082191780822,0.0410958904109589,0.44315068493150683,0.9780821917808219,0.914324880054832,0.630891950688905
476,80.0,8480.0,0.0,0.0,0.0,0.0,5.0,6.0,1963.0,1963.0,0.0,2.0,2.0,2.0,2.0,3.0,0.0,630.0,5.0,0.0,340.0,970.0,2.0,970.0,0.0,0.0,970.0,2.0,1.0,2.0,5.0,0.0,0.0,5.0,2.0,1996.0,2.0,2.0,624.0,2.0,2.0,0.0,0.0,24.0,0.0,0.0,192.0,0.0,4.0,4.0,0.0,7.0,2007.0,132500.0,1.0,0.0,1.0,0.0,0.0,0.0,0.0,0.0,0.8356164383561644,0.8678082191780822,0.8205479452054795,0.36712328767123287,0.7883561643835616,0.050684931506849315,0.863013698630137,0.9897260273972602,0.18013698630136987,0.1958904109589041,0.9821917808219178,0.15205479452054796,0.14178082191780822,0.43424657534246575,0.9780821917808219,0.914324880054832,0.28063814358230604
477,75.0,13125.0,0.0,0.0,1.0,0.0,6.0,5.0,1997.0,1998.0,215.0,2.0,2.0,1.0,2.0,0.0,0.0,994.0,5.0,0.0,484.0,1478.0,0.0,1493.0,0.0,0.0,1493.0,3.0,1.0,1.0,7.0,0.0,1.0,2.0,3.0,1997.0,0.0,2.0,508.0,2.0,2.0,0.0,140.0,39.0,0.0,0.0,0.0,0.0,4.0,4.0,0.0,4.0,2008.0,208900.0,1.0,0.0,1.0,1.0,0.0,0.0,0.0,0.0,0.8356164383561644,0.8678082191780822,0.8205479452054795,0.36712328767123287,0.7883561643835616,0.10273972602739725,0.863013698630137,0.9897260273972602,0.7205479452054795,0.7815068493150685,0.9821917808219178,0.3527397260273973,0.3452054794520548,0.44315068493150683,0.9780821917808219,0.914324880054832,0.630891950688905
478,105.0,13693.0,0.0,0.0,0.0,3.0,9.0,5.0,2006.0,2006.0,772.0,0.0,2.0,1.0,2.0,1.0,5.0,0.0,5.0,0.0,2153.0,2153.0,0.0,2069.0,574.0,0.0,2643.0,3.0,1.0,0.0,9.0,0.0,1.0,1.0,2.5,2006.0,0.0,3.0,694.0,2.0,2.0,0.0,414.0,84.0,0.0,0.0,0.0,0.0,4.0,4.0,0.0,3.0,2007.0,380000.0,1.0,0.0,1.0,1.0,0.0,0.0,0.0,0.0,0.8356164383561644,0.8678082191780822,0.8205479452054795,0.2047945205479452,0.7883561643835616,0.05273972602739726,0.863013698630137,0.9897260273972602,0.7205479452054795,0.1958904109589041,0.9821917808219178,0.3527397260273973,0.3452054794520548,0.44315068493150683,0.9780821917808219,0.914324880054832,0.06381435823060189
479,79.0,10637.0,0.0,0.0,0.0,0.0,8.0,5.0,2007.0,2008.0,336.0,1.0,2.0,0.0,2.0,0.0,0.0,1288.0,5.0,0.0,417.0,1705.0,0.0,1718.0,0.0,0.0,1718.0,3.0,1.0,1.0,7.0,0.0,1.0,1.0,3.0,2007.0,1.0,3.0,826.0,2.0,2.0,0.0,208.0,44.0,0.0,0.0,0.0,0.0,4.0,4.0,0.0,9.0,2009.0,297000.0,1.0,0.0,1.0,0.0,1.0,0.0,0.0,0.0,0.8356164383561644,0.8678082191780822,0.8205479452054795,0.36712328767123287,0.7883561643835616,0.10273972602739725,0.863013698630137,0.9897260273972602,0.7205479452054795,0.1958904109589041,0.9821917808219178,0.3527397260273973,0.3452054794520548,0.44315068493150683,0.9780821917808219,0.914324880054832,0.630891950688905
480,50.0,5925.0,0.0,1.0,0.0,0.0,4.0,7.0,1937.0,2000.0,435.0,2.0,2.0,3.0,2.0,3.0,3.0,168.0,5.0,0.0,739.0,907.0,2.0,1131.0,0.0,0.0,1131.0,2.0,1.0,2.0,7.0,0.0,0.0,5.0,1.0,1995.0,2.0,2.0,672.0,2.0,2.0,0.0,0.0,72.0,0.0,0.0,0.0,0.0,4.0,1.0,0.0,3.0,2007.0,89471.0,1.0,0.0,1.0,0.0,0.0,0.0,0.0,0.0,0.8356164383561644,0.8678082191780822,0.00821917808219178,0.04726027397260274,0.14931506849315068,0.0773972602739726,0.863013698630137,0.9897260273972602,0.7205479452054795,0.1958904109589041,0.9821917808219178,0.017123287671232876,0.01780821917808219,0.1,0.9780821917808219,0.914324880054832,0.28063814358230604
481,98.0,16033.0,1.0,0.0,0.0,0.0,9.0,5.0,2004.0,2005.0,378.0,1.0,2.0,0.0,2.0,0.0,0.0,1261.0,5.0,0.0,572.0,1833.0,0.0,1850.0,0.0,0.0,1850.0,3.0,1.0,1.0,8.0,0.0,1.0,1.0,3.0,2004.0,0.0,3.0,772.0,2.0,2.0,0.0,519.0,112.0,0.0,0.0,0.0,0.0,4.0,4.0,0.0,3.0,2006.0,326000.0,1.0,0.0,1.0,1.0,0.0,0.0,0.0,0.0,0.8356164383561644,0.8678082191780822,0.8205479452054795,0.36712328767123287,0.7883561643835616,0.05273972602739726,0.863013698630137,0.9897260273972602,0.03219178082191781,0.1958904109589041,0.9821917808219178,0.3527397260273973,0.3452054794520548,0.44315068493150683,0.9780821917808219,0.914324880054832,0.630891950688905
482,72.0,11846.0,1.0,2.0,0.0,0.0,9.0,5.0,2003.0,2004.0,562.0,1.0,2.0,0.0,2.0,0.0,0.0,1567.0,5.0,0.0,225.0,1792.0,0.0,1792.0,0.0,0.0,1792.0,2.0,1.0,0.0,6.0,0.0,1.0,1.0,3.0,2003.0,0.0,3.0,874.0,2.0,2.0,0.0,206.0,49.0,0.0,0.0,0.0,0.0,4.0,4.0,0.0,8.0,2006.0,374000.0,1.0,0.0,1.0,1.0,0.0,0.0,0.0,0.0,0.8356164383561644,0.8678082191780822,0.8205479452054795,0.36712328767123287,0.7883561643835616,0.05273972602739726,0.863013698630137,0.9897260273972602,0.7205479452054795,0.1958904109589041,0.9821917808219178,0.3527397260273973,0.3452054794520548,0.44315068493150683,0.9780821917808219,0.914324880054832,0.630891950688905
483,50.0,2500.0,0.0,0.0,0.0,3.0,7.0,8.0,1915.0,2005.0,0.0,1.0,2.0,2.0,2.0,3.0,1.0,299.0,5.0,0.0,611.0,910.0,0.0,916.0,910.0,0.0,1826.0,4.0,1.0,0.0,7.0,2.0,1.0,1.0,2.5,1915.0,2.0,1.0,164.0,3.0,3.0,0.0,0.0,0.0,0.0,0.0,0.0,0.0,4.0,4.0,0.0,6.0,2009.0,155000.0,1.0,1.0,1.0,0.0,0.0,0.0,0.0,0.0,0.8356164383561644,0.8678082191780822,0.8205479452054795,0.0410958904109589,0.14931506849315068,0.0773972602739726,0.863013698630137,0.9897260273972602,0.18013698630136987,0.7815068493150685,0.9821917808219178,0.017123287671232876,0.01780821917808219,0.44315068493150683,0.9780821917808219,0.914324880054832,0.630891950688905
484,32.0,4500.0,0.0,0.0,0.0,0.0,6.0,5.0,1998.0,1998.0,116.0,2.0,2.0,0.0,2.0,3.0,0.0,897.0,5.0,0.0,319.0,1216.0,0.0,1216.0,0.0,0.0,1216.0,2.0,1.0,2.0,5.0,0.0,0.0,5.0,3.0,1998.0,2.0,2.0,402.0,2.0,2.0,0.0,0.0,125.0,0.0,0.0,0.0,0.0,4.0,4.0,0.0,5.0,2006.0,164000.0,1.0,0.0,1.0,1.0,0.0,0.0,0.0,0.0,0.02945205479452055,0.8678082191780822,0.8205479452054795,0.05958904109589041,0.14931506849315068,0.03356164383561644,0.863013698630137,0.9897260273972602,0.03219178082191781,0.1958904109589041,0.9821917808219178,0.3527397260273973,0.3452054794520548,0.44315068493150683,0.9780821917808219,0.914324880054832,0.630891950688905
485,69.6,7758.0,1.0,0.0,0.0,0.0,5.0,7.0,1962.0,2001.0,0.0,2.0,1.0,2.0,2.0,3.0,1.0,588.0,5.0,0.0,411.0,999.0,1.0,999.0,0.0,0.0,999.0,3.0,1.0,1.0,6.0,0.0,0.0,5.0,2.0,1963.0,2.0,1.0,264.0,2.0,2.0,0.0,0.0,132.0,0.0,0.0,0.0,0.0,4.0,4.0,0.0,3.0,2007.0,132500.0,1.0,0.0,1.0,0.0,0.0,0.0,0.0,0.0,0.8356164383561644,0.8678082191780822,0.8205479452054795,0.36712328767123287,0.7883561643835616,0.050684931506849315,0.863013698630137,0.9897260273972602,0.18013698630136987,0.7815068493150685,0.9821917808219178,0.15205479452054796,0.09726027397260274,0.43424657534246575,0.9780821917808219,0.914324880054832,0.28063814358230604
486,80.0,9600.0,0.0,0.0,0.0,0.0,5.0,7.0,1950.0,2007.0,0.0,1.0,2.0,2.0,2.0,3.0,1.0,607.0,5.0,0.0,506.0,1113.0,1.0,1113.0,0.0,0.0,1113.0,3.0,1.0,1.0,5.0,0.0,1.0,1.0,1.0,1950.0,2.0,1.0,264.0,2.0,2.0,0.0,0.0,80.0,120.0,0.0,0.0,0.0,4.0,4.0,0.0,7.0,2009.0,147000.0,1.0,0.0,1.0,0.0,0.0,0.0,0.0,0.0,0.8356164383561644,0.8678082191780822,0.8205479452054795,0.36712328767123287,0.7883561643835616,0.1541095890410959,0.863013698630137,0.9897260273972602,0.7205479452054795,0.7815068493150685,0.9821917808219178,0.1506849315068493,0.14657534246575343,0.43424657534246575,0.9780821917808219,0.914324880054832,0.630891950688905
487,79.0,10289.0,0.0,0.0,0.0,0.0,5.0,7.0,1965.0,1965.0,168.0,2.0,2.0,2.0,2.0,3.0,1.0,836.0,5.0,0.0,237.0,1073.0,2.0,1073.0,0.0,0.0,1073.0,3.0,1.0,2.0,6.0,0.0,0.0,5.0,2.5,1965.0,1.0,2.0,515.0,2.0,2.0,0.0,0.0,0.0,0.0,0.0,0.0,0.0,4.0,4.0,0.0,6.0,2007.0,156000.0,1.0,0.0,1.0,1.0,0.0,0.0,0.0,0.0,0.8356164383561644,0.8678082191780822,0.8205479452054795,0.36712328767123287,0.7883561643835616,0.1541095890410959,0.863013698630137,0.9897260273972602,0.7205479452054795,0.1958904109589041,0.9821917808219178,0.1506849315068493,0.14657534246575343,0.43424657534246575,0.9780821917808219,0.914324880054832,0.630891950688905
488,70.0,12243.0,1.0,0.0,0.0,0.0,5.0,6.0,1971.0,1971.0,0.0,2.0,2.0,1.0,2.0,1.0,1.0,998.0,5.0,0.0,486.0,1484.0,1.0,1484.0,0.0,0.0,1484.0,3.0,1.0,2.0,7.0,0.0,1.0,2.0,2.0,1971.0,2.0,2.0,487.0,2.0,2.0,0.0,224.0,0.0,0.0,0.0,180.0,0.0,4.0,4.0,0.0,2.0,2007.0,175000.0,1.0,0.0,1.0,0.0,0.0,0.0,0.0,0.0,0.8356164383561644,0.8678082191780822,0.8205479452054795,0.36712328767123287,0.7883561643835616,0.05,0.863013698630137,0.9897260273972602,0.7205479452054795,0.7815068493150685,0.9821917808219178,0.07397260273972603,0.09726027397260274,0.43424657534246575,0.9780821917808219,0.914324880054832,0.630891950688905
489,60.0,10800.0,0.0,0.0,0.0,1.0,5.0,4.0,1900.0,1970.0,0.0,2.0,3.0,2.0,3.0,3.0,2.0,664.0,5.0,0.0,290.0,954.0,2.0,1766.0,648.0,0.0,2414.0,3.0,2.0,2.0,10.0,3.0,1.0,1.0,2.0,1970.0,2.0,2.0,520.0,2.0,3.0,2.0,142.0,0.0,0.0,0.0,0.0,0.0,4.0,4.0,0.0,5.0,2006.0,160000.0,1.0,0.0,0.0,0.0,0.0,0.0,0.0,0.0,0.021232876712328767,0.0061643835616438354,0.8205479452054795,0.02054794520547945,0.7883561643835616,0.0773972602739726,0.863013698630137,0.9897260273972602,0.18013698630136987,0.7815068493150685,0.9821917808219178,0.1410958904109589,0.13493150684931507,0.43424657534246575,0.9780821917808219,0.06442769019876628,0.630891950688905
490,21.0,1526.0,0.0,0.0,0.0,6.0,4.0,8.0,1970.0,2002.0,0.0,2.0,1.0,1.0,2.0,1.0,0.0,515.0,5.0,0.0,115.0,630.0,2.0,630.0,0.0,0.0,630.0,1.0,1.0,1.0,3.0,0.0,0.0,5.0,2.0,1970.0,2.0,1.0,286.0,2.0,2.0,0.0,0.0,0.0,0.0,0.0,0.0,0.0,4.0,4.0,0.0,5.0,2009.0,86000.0,1.0,0.0,1.0,0.0,0.0,0.0,0.0,0.0,0.02945205479452055,0.8678082191780822,0.8205479452054795,0.00684931506849315,0.14931506849315068,0.011643835616438357,0.863013698630137,0.9897260273972602,0.7205479452054795,0.7815068493150685,0.9821917808219178,0.04178082191780822,0.0410958904109589,0.43424657534246575,0.9780821917808219,0.914324880054832,0.630891950688905
491,35.0,2665.0,0.0,0.0,0.0,3.0,5.0,6.0,1976.0,1976.0,0.0,2.0,2.0,1.0,2.0,2.0,5.0,0.0,5.0,0.0,264.0,264.0,2.0,616.0,688.0,0.0,1304.0,3.0,1.0,2.0,4.0,0.0,1.0,1.0,1.5,1976.0,0.0,1.0,336.0,2.0,2.0,0.0,141.0,24.0,0.0,0.0,0.0,0.0,4.0,4.0,0.0,6.0,2008.0,115000.0,1.0,0.0,1.0,0.0,0.0,0.0,0.0,0.0,0.07808219178082192,0.8678082191780822,0.8205479452054795,0.04315068493150685,0.14931506849315068,0.011643835616438357,0.863013698630137,0.9897260273972602,0.7205479452054795,0.7815068493150685,0.9821917808219178,0.04178082191780822,0.0410958904109589,0.44315068493150683,0.9780821917808219,0.914324880054832,0.06381435823060189
492,79.0,9490.0,0.0,0.0,0.0,1.0,6.0,7.0,1941.0,1950.0,0.0,2.0,2.0,2.0,2.0,3.0,2.0,403.0,3.0,165.0,238.0,806.0,2.0,958.0,620.0,0.0,1578.0,3.0,1.0,3.0,5.0,0.0,2.0,2.0,2.0,1941.0,2.0,1.0,240.0,2.0,2.0,0.0,0.0,0.0,32.0,0.0,0.0,0.0,4.0,1.0,0.0,8.0,2006.0,133000.0,1.0,0.0,1.0,0.0,0.0,0.0,0.0,0.0,0.8356164383561644,0.8678082191780822,0.8205479452054795,0.09863013698630137,0.7883561643835616,0.1541095890410959,0.03287671232876712,0.9897260273972602,0.7205479452054795,0.7815068493150685,0.9821917808219178,0.1410958904109589,0.13493150684931507,0.43424657534246575,0.9780821917808219,0.06442769019876628,0.630891950688905
493,105.0,15578.0,1.0,0.0,0.0,3.0,6.0,5.0,2006.0,2006.0,0.0,1.0,2.0,1.0,2.0,3.0,5.0,0.0,5.0,0.0,728.0,728.0,1.0,728.0,728.0,0.0,1456.0,3.0,1.0,2.0,8.0,0.0,0.0,5.0,2.5,2006.0,1.0,2.0,429.0,2.0,2.0,0.0,0.0,0.0,0.0,0.0,0.0,0.0,4.0,4.0,0.0,5.0,2006.0,172785.0,1.0,0.0,1.0,0.0,0.0,0.0,0.0,0.0,0.8356164383561644,0.08356164383561644,0.08561643835616438,0.2047945205479452,0.7883561643835616,0.05410958904109589,0.863013698630137,0.9897260273972602,0.18013698630136987,0.7815068493150685,0.9821917808219178,0.3527397260273973,0.3452054794520548,0.44315068493150683,0.9780821917808219,0.914324880054832,0.630891950688905
494,70.0,7931.0,0.0,0.0,0.0,0.0,5.0,6.0,1960.0,1960.0,0.0,2.0,2.0,2.0,2.0,3.0,2.0,374.0,4.0,532.0,363.0,1269.0,2.0,1269.0,0.0,0.0,1269.0,3.0,1.0,2.0,6.0,0.0,1.0,3.0,1.5,1964.0,2.0,1.0,308.0,2.0,2.0,0.0,0.0,0.0,0.0,0.0,0.0,0.0,4.0,4.0,0.0,6.0,2008.0,155000.0,1.0,0.0,1.0,0.0,0.0,0.0,0.0,0.0,0.8356164383561644,0.8678082191780822,0.8205479452054795,0.36712328767123287,0.7883561643835616,0.1541095890410959,0.863013698630137,0.9897260273972602,0.7205479452054795,0.7815068493150685,0.9821917808219178,0.03424657534246575,0.13493150684931507,0.43424657534246575,0.9780821917808219,0.06442769019876628,0.28063814358230604
495,50.0,5784.0,0.0,0.0,0.0,0.0,5.0,8.0,1938.0,1996.0,0.0,2.0,2.0,3.0,2.0,3.0,5.0,0.0,5.0,0.0,190.0,190.0,1.0,886.0,0.0,0.0,886.0,2.0,1.0,2.0,4.0,0.0,0.0,5.0,1.0,1938.0,2.0,1.0,273.0,2.0,2.0,0.0,144.0,20.0,80.0,0.0,0.0,0.0,4.0,4.0,0.0,12.0,2009.0,91300.0,1.0,0.0,1.0,0.0,0.0,0.0,0.0,0.0,0.8356164383561644,0.8678082191780822,0.8205479452054795,0.04726027397260274,0.14931506849315068,0.0773972602739726,0.03287671232876712,0.9897260273972602,0.7205479452054795,0.7815068493150685,0.9821917808219178,0.1506849315068493,0.14657534246575343,0.1,0.9780821917808219,0.06442769019876628,0.630891950688905
496,60.0,7879.0,0.0,0.0,0.0,0.0,4.0,5.0,1920.0,1950.0,0.0,2.0,2.0,2.0,2.0,3.0,3.0,495.0,5.0,0.0,225.0,720.0,2.0,720.0,0.0,0.0,720.0,2.0,1.0,2.0,4.0,0.0,0.0,5.0,1.0,1939.6,3.0,0.0,0.0,5.0,5.0,2.0,0.0,523.0,115.0,0.0,0.0,0.0,4.0,2.0,0.0,11.0,2009.0,34900.0,1.0,0.0,0.0,0.0,0.0,0.0,0.0,0.0,0.8356164383561644,0.8678082191780822,0.06917808219178082,0.04726027397260274,0.00684931506849315,0.025342465753424658,0.863013698630137,0.9897260273972602,0.7205479452054795,0.7815068493150685,0.9821917808219178,0.1410958904109589,0.13493150684931507,0.43424657534246575,0.9780821917808219,0.06442769019876628,0.2272661348803481
497,81.0,12692.0,1.0,0.0,0.0,0.0,8.0,5.0,1992.0,1993.0,0.0,1.0,2.0,1.0,2.0,3.0,0.0,1231.0,5.0,0.0,1969.0,3200.0,0.0,3228.0,0.0,0.0,3228.0,4.0,1.0,1.0,10.0,0.0,1.0,1.0,4.0,1992.0,1.0,2.0,546.0,2.0,2.0,0.0,264.0,75.0,291.0,0.0,0.0,0.0,4.0,4.0,0.0,5.0,2007.0,430000.0,1.0,0.0,1.0,0.0,0.0,0.0,0.0,0.0,0.8356164383561644,0.8678082191780822,0.8205479452054795,0.36712328767123287,0.7883561643835616,0.028082191780821917,0.863013698630137,0.9897260273972602,0.7205479452054795,0.1958904109589041,0.9821917808219178,0.03424657534246575,0.017123287671232876,0.44315068493150683,0.9780821917808219,0.914324880054832,0.630891950688905
498,60.0,9120.0,0.0,0.0,0.0,1.0,7.0,6.0,1925.0,1950.0,0.0,2.0,1.0,2.0,2.0,3.0,3.0,329.0,5.0,0.0,697.0,1026.0,0.0,1133.0,687.0,0.0,1820.0,4.0,1.0,2.0,8.0,0.0,0.0,5.0,3.0,1925.0,2.0,1.0,240.0,2.0,2.0,2.0,0.0,100.0,0.0,0.0,0.0,0.0,4.0,0.0,0.0,6.0,2008.0,184000.0,1.0,1.0,1.0,0.0,0.0,0.0,0.0,0.0,0.8356164383561644,0.8678082191780822,0.8205479452054795,0.09863013698630137,0.7883561643835616,0.03972602739726028,0.863013698630137,0.9897260273972602,0.7205479452054795,0.7815068493150685,0.9821917808219178,0.1410958904109589,0.13493150684931507,0.44315068493150683,0.9780821917808219,0.914324880054832,0.28063814358230604
499,65.0,7800.0,0.0,0.0,0.0,0.0,5.0,7.0,1967.0,2004.0,89.0,2.0,2.0,2.0,2.0,3.0,1.0,450.0,5.0,0.0,414.0,864.0,0.0,899.0,0.0,0.0,899.0,3.0,1.0,1.0,5.0,0.0,0.0,5.0,1.0,1967.0,0.0,1.0,288.0,2.0,2.0,0.0,64.0,0.0,0.0,0.0,0.0,0.0,4.0,1.0,0.0,6.0,2009.0,130000.0,1.0,0.0,1.0,1.0,0.0,0.0,0.0,0.0,0.8356164383561644,0.8678082191780822,0.8205479452054795,0.36712328767123287,0.7883561643835616,0.050684931506849315,0.863013698630137,0.9897260273972602,0.7205479452054795,0.1958904109589041,0.9821917808219178,0.15205479452054796,0.14178082191780822,0.44315068493150683,0.9780821917808219,0.914324880054832,0.630891950688905
500,70.0,7535.0,1.0,0.0,0.0,0.0,5.0,7.0,1958.0,1985.0,0.0,2.0,2.0,2.0,2.0,3.0,2.0,111.0,4.0,279.0,522.0,912.0,3.0,912.0,0.0,0.0,912.0,2.0,1.0,2.0,5.0,0.0,0.0,5.0,1.5,1958.0,0.0,1.0,297.0,2.0,2.0,0.0,12.0,285.0,0.0,0.0,0.0,0.0,4.0,3.0,480.0,6.0,2007.0,120000.0,1.0,0.0,1.0,0.0,0.0,0.0,1.0,0.0,0.8356164383561644,0.8678082191780822,0.8205479452054795,0.36712328767123287,0.7883561643835616,0.1541095890410959,0.863013698630137,0.9897260273972602,0.7205479452054795,0.7815068493150685,0.9821917808219178,0.1506849315068493,0.14657534246575343,0.43424657534246575,0.9780821917808219,0.914324880054832,0.630891950688905
501,21.0,1890.0,0.0,0.0,0.0,3.0,6.0,5.0,1973.0,1973.0,285.0,2.0,2.0,2.0,2.0,3.0,2.0,356.0,5.0,0.0,316.0,672.0,2.0,672.0,546.0,0.0,1218.0,3.0,1.0,2.0,7.0,0.0,0.0,5.0,1.5,1973.0,2.0,1.0,264.0,2.0,2.0,0.0,144.0,28.0,0.0,0.0,0.0,0.0,4.0,4.0,0.0,5.0,2007.0,113000.0,1.0,0.0,1.0,1.0,0.0,0.0,0.0,0.0,0.02945205479452055,0.8678082191780822,0.8205479452054795,0.04315068493150685,0.14931506849315068,0.010958904109589041,0.863013698630137,0.9897260273972602,0.7205479452054795,0.7815068493150685,0.9821917808219178,0.15205479452054796,0.14178082191780822,0.43424657534246575,0.9780821917808219,0.914324880054832,0.28063814358230604
502,75.0,9803.0,0.0,0.0,0.0,3.0,7.0,5.0,2005.0,2005.0,0.0,1.0,2.0,1.0,2.0,3.0,0.0,400.0,5.0,0.0,466.0,866.0,1.0,866.0,902.0,0.0,1768.0,3.0,1.0,1.0,7.0,0.0,0.0,5.0,2.5,2005.0,1.0,2.0,603.0,2.0,2.0,0.0,0.0,108.0,0.0,0.0,0.0,0.0,4.0,4.0,0.0,2.0,2008.0,226700.0,1.0,0.0,1.0,0.0,0.0,0.0,0.0,0.0,0.8356164383561644,0.8678082191780822,0.8205479452054795,0.2047945205479452,0.04452054794520548,0.0589041095890411,0.863013698630137,0.9897260273972602,0.7205479452054795,0.7815068493150685,0.9821917808219178,0.3527397260273973,0.3452054794520548,0.44315068493150683,0.9780821917808219,0.914324880054832,0.630891950688905
503,70.0,9170.0,0.0,0.0,0.0,0.0,5.0,7.0,1965.0,1965.0,0.0,2.0,2.0,2.0,2.0,3.0,1.0,698.0,0.0,96.0,420.0,1214.0,0.0,1214.0,0.0,0.0,1214.0,2.0,1.0,2.0,6.0,0.0,0.0,5.0,2.0,1965.0,2.0,2.0,461.0,3.0,3.0,0.0,0.0,0.0,184.0,0.0,0.0,0.0,4.0,0.0,400.0,4.0,2007.0,140000.0,1.0,0.0,1.0,0.0,0.0,0.0,1.0,0.0,0.8356164383561644,0.8678082191780822,0.8205479452054795,0.36712328767123287,0.7883561643835616,0.0684931506849315,0.05547945205479452,0.9897260273972602,0.18013698630136987,0.1958904109589041,0.9821917808219178,0.1506849315068493,0.14657534246575343,0.43424657534246575,0.9780821917808219,0.914324880054832,0.28063814358230604
504,100.0,15602.0,1.0,0.0,0.0,0.0,7.0,8.0,1959.0,1997.0,0.0,2.0,2.0,2.0,2.0,3.0,1.0,1247.0,5.0,0.0,254.0,1501.0,2.0,1801.0,0.0,0.0,1801.0,1.0,1.0,2.0,6.0,0.0,2.0,2.0,3.0,1959.0,0.0,2.0,484.0,2.0,2.0,0.0,0.0,54.0,0.0,0.0,161.0,0.0,4.0,2.0,0.0,3.0,2010.0,289000.0,1.0,0.0,1.0,0.0,0.0,0.0,0.0,0.0,0.8356164383561644,0.8678082191780822,0.8205479452054795,0.36712328767123287,0.7883561643835616,0.03493150684931507,0.863013698630137,0.9897260273972602,0.7205479452054795,0.7815068493150685,0.9821917808219178,0.03424657534246575,0.13493150684931507,0.43424657534246575,0.9780821917808219,0.914324880054832,0.630891950688905
505,24.0,2308.0,0.0,0.0,0.0,3.0,6.0,5.0,1974.0,1974.0,0.0,2.0,2.0,2.0,2.0,3.0,1.0,257.0,3.0,495.0,103.0,855.0,2.0,855.0,467.0,0.0,1322.0,3.0,1.0,2.0,6.0,0.0,1.0,3.0,3.0,1974.0,2.0,2.0,440.0,2.0,2.0,0.0,260.0,0.0,0.0,0.0,0.0,0.0,4.0,4.0,0.0,6.0,2009.0,147000.0,1.0,0.0,1.0,0.0,0.0,0.0,0.0,0.0,0.07808219178082192,0.8678082191780822,0.8205479452054795,0.04315068493150685,0.7883561643835616,0.0061643835616438354,0.863013698630137,0.9897260273972602,0.7205479452054795,0.7815068493150685,0.9821917808219178,0.07397260273972603,0.004794520547945206,0.43424657534246575,0.9780821917808219,0.914324880054832,0.630891950688905
506,60.0,7596.0,0.0,0.0,0.0,3.0,5.0,5.0,1952.0,1952.0,360.0,2.0,2.0,2.0,2.0,3.0,5.0,0.0,5.0,0.0,960.0,960.0,1.0,960.0,1000.0,0.0,1960.0,4.0,2.0,2.0,10.0,0.0,0.0,5.0,2.0,1952.0,2.0,2.0,400.0,2.0,2.0,2.0,0.0,0.0,0.0,0.0,0.0,0.0,4.0,4.0,0.0,7.0,2009.0,124500.0,1.0,0.0,1.0,1.0,0.0,0.0,0.0,0.0,0.03561643835616438,0.02945205479452055,0.8205479452054795,0.03561643835616438,0.14931506849315068,0.0773972602739726,0.03287671232876712,0.9897260273972602,0.7205479452054795,0.1958904109589041,0.9821917808219178,0.1410958904109589,0.13493150684931507,0.43424657534246575,0.9780821917808219,0.914324880054832,0.28063814358230604
507,80.0,9554.0,1.0,0.0,0.0,3.0,8.0,5.0,1993.0,1994.0,125.0,1.0,2.0,1.0,2.0,3.0,0.0,380.0,5.0,0.0,397.0,777.0,0.0,1065.0,846.0,0.0,1911.0,3.0,1.0,1.0,8.0,0.0,1.0,2.0,2.5,1993.0,1.0,2.0,471.0,2.0,2.0,0.0,182.0,81.0,0.0,0.0,0.0,0.0,4.0,4.0,0.0,9.0,2006.0,215000.0,1.0,0.0,1.0,1.0,0.0,0.0,0.0,0.0,0.8356164383561644,0.8678082191780822,0.8205479452054795,0.2047945205479452,0.7883561643835616,0.04041095890410959,0.863013698630137,0.9897260273972602,0.7205479452054795,0.7815068493150685,0.9821917808219178,0.3527397260273973,0.3452054794520548,0.44315068493150683,0.9780821917808219,0.914324880054832,0.630891950688905
508,75.0,7862.0,1.0,0.0,0.0,0.0,6.0,5.0,2009.0,2009.0,0.0,1.0,2.0,1.0,2.0,3.0,0.0,27.0,5.0,0.0,1191.0,1218.0,0.0,1218.0,0.0,0.0,1218.0,2.0,1.0,1.0,4.0,0.0,0.0,5.0,2.0,2009.0,0.0,2.0,676.0,2.0,2.0,0.0,0.0,102.0,0.0,0.0,0.0,0.0,4.0,4.0,0.0,9.0,2009.0,208300.0,1.0,0.0,1.0,0.0,0.0,0.0,0.0,0.0,0.8356164383561644,0.08356164383561644,0.08561643835616438,0.36712328767123287,0.04452054794520548,0.0589041095890411,0.863013698630137,0.9897260273972602,0.7205479452054795,0.7815068493150685,0.9821917808219178,0.3527397260273973,0.3452054794520548,0.44315068493150683,0.9780821917808219,0.914324880054832,0.630891950688905
509,60.0,9600.0,0.0,0.0,0.0,3.0,7.0,9.0,1928.0,2005.0,0.0,2.0,0.0,2.0,2.0,3.0,3.0,141.0,5.0,0.0,548.0,689.0,0.0,689.0,689.0,0.0,1378.0,3.0,1.0,1.0,7.0,0.0,1.0,1.0,2.0,1928.0,2.0,2.0,360.0,2.0,2.0,2.0,0.0,0.0,116.0,0.0,0.0,0.0,4.0,4.0,0.0,10.0,2008.0,161000.0,1.0,0.0,1.0,0.0,0.0,0.0,0.0,0.0,0.8356164383561644,0.8678082191780822,0.8205479452054795,0.0410958904109589,0.14931506849315068,0.0773972602739726,0.863013698630137,0.9897260273972602,0.7205479452054795,0.007534246575342466,0.9821917808219178,0.1506849315068493,0.14657534246575343,0.1,0.9780821917808219,0.914324880054832,0.28063814358230604
510,80.0,9600.0,0.0,0.0,0.0,0.0,5.0,6.0,1959.0,1959.0,132.0,2.0,2.0,2.0,2.0,3.0,1.0,991.0,5.0,0.0,50.0,1041.0,0.0,1041.0,0.0,0.0,1041.0,3.0,1.0,2.0,6.0,0.0,0.0,5.0,2.0,1959.0,1.0,1.0,270.0,2.0,2.0,0.0,224.0,88.0,0.0,0.0,0.0,0.0,4.0,1.0,0.0,7.0,2009.0,124500.0,1.0,0.0,1.0,1.0,0.0,0.0,0.0,0.0,0.8356164383561644,0.8678082191780822,0.8205479452054795,0.36712328767123287,0.7883561643835616,0.1541095890410959,0.863013698630137,0.9897260273972602,0.18013698630136987,0.7815068493150685,0.9821917808219178,0.1506849315068493,0.14657534246575343,0.43424657534246575,0.9780821917808219,0.914324880054832,0.630891950688905
511,75.0,14559.0,0.0,0.0,0.0,0.0,5.0,7.0,1951.0,2000.0,70.0,1.0,2.0,2.0,2.0,3.0,2.0,650.0,3.0,180.0,178.0,1008.0,0.0,1363.0,0.0,0.0,1363.0,2.0,1.0,2.0,6.0,1.0,2.0,2.0,2.0,1951.0,2.0,1.0,288.0,2.0,2.0,0.0,324.0,42.0,0.0,0.0,168.0,0.0,4.0,4.0,2000.0,6.0,2009.0,164900.0,1.0,0.0,1.0,0.0,0.0,0.0,1.0,0.0,0.8356164383561644,0.8678082191780822,0.8205479452054795,0.36712328767123287,0.7883561643835616,0.1541095890410959,0.863013698630137,0.9897260273972602,0.7205479452054795,0.1958904109589041,0.9821917808219178,0.1410958904109589,0.13493150684931507,0.43424657534246575,0.9780821917808219,0.914324880054832,0.006526468455402465
512,40.0,6792.0,1.0,0.0,0.0,0.0,7.0,5.0,2005.0,2006.0,94.0,1.0,2.0,1.0,2.0,3.0,5.0,0.0,5.0,0.0,1368.0,1368.0,0.0,1368.0,0.0,0.0,1368.0,2.0,1.0,1.0,6.0,0.0,1.0,1.0,2.0,2005.0,1.0,2.0,474.0,2.0,2.0,0.0,132.0,35.0,0.0,0.0,0.0,0.0,4.0,4.0,0.0,3.0,2006.0,202665.0,1.0,0.0,1.0,0.0,1.0,0.0,0.0,0.0,0.07808219178082192,0.08356164383561644,0.08561643835616438,0.05958904109589041,0.7883561643835616,0.05273972602739726,0.863013698630137,0.9897260273972602,0.7205479452054795,0.7815068493150685,0.9821917808219178,0.3527397260273973,0.3452054794520548,0.44315068493150683,0.9780821917808219,0.914324880054832,0.630891950688905
513,70.0,9100.0,0.0,0.0,0.0,0.0,5.0,5.0,1958.0,1958.0,0.0,2.0,2.0,2.0,2.0,3.0,2.0,521.0,4.0,174.0,169.0,864.0,2.0,864.0,0.0,0.0,864.0,3.0,1.0,2.0,5.0,0.0,0.0,5.0,2.0,1964.0,2.0,2.0,624.0,2.0,2.0,0.0,0.0,0.0,0.0,0.0,0.0,0.0,4.0,4.0,0.0,7.0,2006.0,129900.0,1.0,0.0,1.0,0.0,0.0,0.0,0.0,0.0,0.8356164383561644,0.8678082191780822,0.8205479452054795,0.36712328767123287,0.7883561643835616,0.1541095890410959,0.05547945205479452,0.9897260273972602,0.18013698630136987,0.7815068493150685,0.9821917808219178,0.3527397260273973,0.3452054794520548,0.43424657534246575,0.9780821917808219,0.914324880054832,0.28063814358230604
514,71.0,9187.0,0.0,1.0,0.0,0.0,6.0,5.0,1983.0,1983.0,0.0,2.0,1.0,2.0,2.0,3.0,1.0,336.0,5.0,0.0,748.0,1084.0,2.0,1080.0,0.0,0.0,1080.0,3.0,1.0,2.0,5.0,0.0,0.0,5.0,1.5,1983.0,2.0,2.0,484.0,2.0,2.0,0.0,120.0,0.0,158.0,0.0,0.0,0.0,4.0,4.0,0.0,6.0,2007.0,134000.0,1.0,0.0,1.0,0.0,0.0,0.0,0.0,0.0,0.8356164383561644,0.8678082191780822,0.8205479452054795,0.36712328767123287,0.7883561643835616,0.03356164383561644,0.863013698630137,0.9897260273972602,0.18013698630136987,0.7815068493150685,0.9821917808219178,0.3527397260273973,0.3452054794520548,0.44315068493150683,0.9780821917808219,0.914324880054832,0.630891950688905
515,55.0,10594.0,0.0,0.0,0.0,2.0,5.0,5.0,1926.0,1950.0,0.0,2.0,2.0,2.0,2.0,3.0,5.0,0.0,5.0,0.0,768.0,768.0,3.0,789.0,0.0,0.0,789.0,2.0,1.0,2.0,5.0,0.0,0.0,5.0,1.0,1926.0,2.0,1.0,200.0,4.0,4.0,0.0,0.0,0.0,112.0,0.0,0.0,0.0,4.0,1.0,0.0,6.0,2007.0,96500.0,1.0,0.0,0.0,0.0,0.0,0.0,0.0,0.0,0.8356164383561644,0.8678082191780822,0.8205479452054795,0.00821917808219178,0.7883561643835616,0.03493150684931507,0.863013698630137,0.9897260273972602,0.7205479452054795,0.7815068493150685,0.9821917808219178,0.1410958904109589,0.13493150684931507,0.1,0.004794520547945206,0.914324880054832,0.28063814358230604
516,94.0,12220.0,0.0,0.0,0.0,0.0,10.0,5.0,2009.0,2009.0,305.0,0.0,2.0,0.0,2.0,3.0,0.0,1436.0,5.0,0.0,570.0,2006.0,0.0,2020.0,0.0,0.0,2020.0,3.0,1.0,0.0,9.0,0.0,1.0,1.0,3.5,2009.0,0.0,3.0,900.0,2.0,2.0,0.0,156.0,54.0,0.0,0.0,0.0,0.0,4.0,4.0,0.0,9.0,2009.0,402861.0,1.0,0.0,1.0,1.0,0.0,0.0,0.0,0.0,0.8356164383561644,0.08356164383561644,0.08561643835616438,0.36712328767123287,0.7883561643835616,0.05273972602739726,0.863013698630137,0.9897260273972602,0.7205479452054795,0.1958904109589041,0.9821917808219178,0.04178082191780822,0.0410958904109589,0.43424657534246575,0.9780821917808219,0.914324880054832,0.630891950688905
517,70.4,10448.0,1.0,0.0,0.0,7.0,6.0,6.0,1972.0,1972.0,333.0,2.0,2.0,2.0,2.0,3.0,5.0,0.0,5.0,0.0,689.0,689.0,2.0,1378.0,741.0,0.0,2119.0,3.0,1.0,2.0,7.0,0.0,1.0,2.0,2.5,1972.0,1.0,2.0,583.0,2.0,2.0,0.0,0.0,104.0,0.0,0.0,0.0,0.0,4.0,0.0,0.0,8.0,2009.0,158000.0,1.0,0.0,1.0,1.0,0.0,0.0,0.0,0.0,0.8356164383561644,0.02945205479452055,0.06917808219178082,0.03972602739726028,0.7883561643835616,0.05,0.863013698630137,0.9897260273972602,0.18013698630136987,0.7815068493150685,0.9821917808219178,0.15205479452054796,0.14178082191780822,0.43424657534246575,0.9780821917808219,0.914324880054832,0.630891950688905
518,79.0,10208.0,1.0,0.0,0.0,3.0,7.0,5.0,1996.0,1997.0,921.0,1.0,2.0,1.0,2.0,3.0,5.0,0.0,5.0,0.0,1264.0,1264.0,0.0,1277.0,1067.0,0.0,2344.0,3.0,1.0,1.0,7.0,0.0,1.0,2.0,2.5,1996.0,1.0,3.0,889.0,2.0,2.0,0.0,220.0,0.0,0.0,0.0,0.0,0.0,4.0,4.0,0.0,7.0,2009.0,265000.0,1.0,0.0,1.0,1.0,0.0,0.0,0.0,0.0,0.8356164383561644,0.8678082191780822,0.8205479452054795,0.2047945205479452,0.7883561643835616,0.028082191780821917,0.863013698630137,0.9897260273972602,0.7205479452054795,0.7815068493150685,0.9821917808219178,0.3527397260273973,0.3452054794520548,0.44315068493150683,0.9780821917808219,0.914324880054832,0.630891950688905
519,71.0,9531.0,1.0,0.0,0.0,3.0,6.0,5.0,1998.0,1998.0,0.0,2.0,2.0,1.0,2.0,2.0,0.0,706.0,5.0,0.0,88.0,794.0,0.0,882.0,914.0,0.0,1796.0,3.0,1.0,2.0,7.0,0.0,0.0,5.0,3.5,1998.0,1.0,2.0,546.0,2.0,2.0,0.0,0.0,36.0,0.0,0.0,0.0,0.0,4.0,1.0,0.0,5.0,2007.0,211000.0,1.0,0.0,1.0,0.0,0.0,0.0,0.0,0.0,0.8356164383561644,0.8678082191780822,0.8205479452054795,0.2047945205479452,0.7883561643835616,0.10273972602739725,0.863013698630137,0.9897260273972602,0.06438356164383562,0.7815068493150685,0.9821917808219178,0.3527397260273973,0.3452054794520548,0.44315068493150683,0.9780821917808219,0.914324880054832,0.630891950688905
520,53.0,10918.0,0.0,0.0,0.0,3.0,7.0,9.0,1926.0,2004.0,0.0,1.0,2.0,1.0,2.0,3.0,5.0,0.0,5.0,0.0,1276.0,1276.0,0.0,1276.0,804.0,0.0,2080.0,3.0,1.0,1.0,9.0,0.0,2.0,1.0,1.5,1926.0,2.0,1.0,282.0,2.0,2.0,0.0,0.0,0.0,0.0,0.0,145.0,0.0,4.0,1.0,0.0,6.0,2009.0,234000.0,1.0,0.0,1.0,0.0,0.0,0.0,0.0,0.0,0.8356164383561644,0.8678082191780822,0.8205479452054795,0.0410958904109589,0.7883561643835616,0.03493150684931507,0.863013698630137,0.9897260273972602,0.7205479452054795,0.007534246575342466,0.9821917808219178,0.1506849315068493,0.14657534246575343,0.1,0.9780821917808219,0.914324880054832,0.28063814358230604
521,60.0,10800.0,0.0,0.0,0.0,3.0,4.0,7.0,1900.0,2000.0,0.0,2.0,2.0,5.0,5.0,4.0,6.0,0.0,6.0,0.0,0.0,0.0,2.0,694.0,600.0,0.0,1294.0,3.0,2.0,2.0,7.0,0.0,0.0,5.0,2.0,1967.6,3.0,0.0,0.0,5.0,5.0,2.0,220.0,114.0,210.0,0.0,0.0,0.0,4.0,4.0,0.0,8.0,2008.0,106250.0,1.0,0.0,0.0,0.0,0.0,0.0,0.0,0.0,0.021232876712328767,0.8678082191780822,0.8205479452054795,0.02054794520547945,0.7883561643835616,0.0773972602739726,0.863013698630137,0.9897260273972602,0.7205479452054795,0.7815068493150685,0.9821917808219178,0.1506849315068493,0.14657534246575343,0.1,0.9780821917808219,0.06442769019876628,0.3659173313995649
522,90.0,11988.0,1.0,0.0,0.0,0.0,6.0,6.0,1957.0,1957.0,0.0,2.0,2.0,2.0,2.0,3.0,3.0,777.0,5.0,0.0,467.0,1244.0,0.0,1244.0,0.0,0.0,1244.0,3.0,1.0,2.0,6.0,0.0,2.0,1.0,1.5,1957.0,2.0,1.0,336.0,2.0,2.0,0.0,0.0,40.0,0.0,0.0,0.0,0.0,4.0,4.0,0.0,5.0,2007.0,150000.0,1.0,0.0,1.0,0.0,0.0,0.0,0.0,0.0,0.8356164383561644,0.8678082191780822,0.8205479452054795,0.36712328767123287,0.7883561643835616,0.1541095890410959,0.05547945205479452,0.9897260273972602,0.18013698630136987,0.7815068493150685,0.9821917808219178,0.3527397260273973,0.3452054794520548,0.43424657534246575,0.9780821917808219,0.06442769019876628,0.630891950688905
523,50.0,5000.0,0.0,0.0,0.0,1.0,6.0,7.0,1947.0,1950.0,0.0,2.0,1.0,2.0,2.0,3.0,1.0,399.0,5.0,0.0,605.0,1004.0,0.0,1004.0,660.0,0.0,1664.0,3.0,1.0,2.0,7.0,0.0,2.0,1.0,2.0,1950.0,2.0,2.0,420.0,2.0,2.0,0.0,0.0,24.0,36.0,0.0,0.0,0.0,4.0,4.0,0.0,10.0,2006.0,159000.0,1.0,0.0,1.0,0.0,0.0,0.0,0.0,0.0,0.8356164383561644,0.8678082191780822,0.8205479452054795,0.09863013698630137,0.14931506849315068,0.03972602739726028,0.05547945205479452,0.9897260273972602,0.18013698630136987,0.7815068493150685,0.9821917808219178,0.04178082191780822,0.0410958904109589,0.43424657534246575,0.9780821917808219,0.914324880054832,0.28063814358230604
524,130.0,40094.0,1.0,1.0,0.0,3.0,10.0,5.0,2007.0,2008.0,762.0,0.0,2.0,0.0,2.0,0.0,0.0,2260.0,5.0,0.0,878.0,3138.0,0.0,3138.0,1538.0,0.0,4676.0,3.0,1.0,0.0,11.0,0.0,1.0,1.0,4.5,2007.0,0.0,3.0,884.0,2.0,2.0,0.0,208.0,406.0,0.0,0.0,0.0,0.0,4.0,4.0,0.0,10.0,2007.0,184750.0,1.0,0.0,1.0,0.0,1.0,0.0,0.0,0.0,0.8356164383561644,0.08356164383561644,0.08561643835616438,0.2047945205479452,0.7883561643835616,0.0684931506849315,0.013013698630136987,0.0013698630136986301,0.7205479452054795,0.1958904109589041,0.9821917808219178,0.04178082191780822,0.0410958904109589,0.44315068493150683,0.9780821917808219,0.914324880054832,0.06381435823060189
525,95.0,11787.0,1.0,0.0,0.0,3.0,7.0,5.0,1996.0,1997.0,594.0,1.0,2.0,1.0,2.0,3.0,0.0,719.0,5.0,0.0,660.0,1379.0,0.0,1383.0,1015.0,0.0,2398.0,3.0,1.0,1.0,8.0,0.0,1.0,2.0,3.5,1996.0,0.0,3.0,834.0,2.0,2.0,0.0,239.0,60.0,0.0,0.0,0.0,0.0,4.0,4.0,0.0,8.0,2007.0,315750.0,1.0,0.0,1.0,1.0,0.0,0.0,0.0,0.0,0.8356164383561644,0.8678082191780822,0.8205479452054795,0.2047945205479452,0.7883561643835616,0.028082191780821917,0.863013698630137,0.9897260273972602,0.7205479452054795,0.7815068493150685,0.9821917808219178,0.3527397260273973,0.3452054794520548,0.44315068493150683,0.9780821917808219,0.914324880054832,0.630891950688905
526,62.0,7500.0,0.0,0.0,0.0,0.0,7.0,5.0,2005.0,2005.0,0.0,1.0,2.0,1.0,2.0,3.0,5.0,0.0,5.0,0.0,1257.0,1257.0,0.0,1266.0,0.0,0.0,1266.0,3.0,1.0,1.0,6.0,0.0,1.0,2.0,2.0,2005.0,2.0,2.0,453.0,2.0,2.0,0.0,38.0,144.0,0.0,0.0,0.0,0.0,4.0,4.0,0.0,4.0,2006.0,176000.0,1.0,1.0,1.0,0.0,0.0,0.0,0.0,0.0,0.8356164383561644,0.8678082191780822,0.8205479452054795,0.36712328767123287,0.04452054794520548,0.0589041095890411,0.863013698630137,0.9897260273972602,0.7205479452054795,0.7815068493150685,0.9821917808219178,0.3527397260273973,0.3452054794520548,0.44315068493150683,0.9780821917808219,0.914324880054832,0.630891950688905
527,70.0,13300.0,0.0,0.0,0.0,0.0,5.0,7.0,1956.0,2000.0,0.0,2.0,2.0,1.0,2.0,3.0,3.0,377.0,5.0,0.0,551.0,928.0,2.0,928.0,0.0,0.0,928.0,2.0,1.0,2.0,4.0,0.0,0.0,5.0,1.0,1956.0,2.0,1.0,252.0,2.0,2.0,0.0,261.0,0.0,156.0,0.0,0.0,0.0,4.0,4.0,0.0,6.0,2007.0,132000.0,1.0,0.0,1.0,0.0,0.0,0.0,0.0,0.0,0.8356164383561644,0.8678082191780822,0.8205479452054795,0.36712328767123287,0.7883561643835616,0.1541095890410959,0.863013698630137,0.9897260273972602,0.7205479452054795,0.1958904109589041,0.9821917808219178,0.1410958904109589,0.13493150684931507,0.43424657534246575,0.9780821917808219,0.914324880054832,0.630891950688905
528,67.0,14948.0,1.0,0.0,0.0,3.0,9.0,5.0,2008.0,2008.0,268.0,0.0,2.0,0.0,2.0,1.0,0.0,1330.0,5.0,0.0,122.0,1452.0,0.0,1476.0,1237.0,0.0,2713.0,3.0,1.0,0.0,11.0,0.0,1.0,1.0,3.5,2008.0,0.0,3.0,858.0,2.0,2.0,0.0,126.0,66.0,0.0,0.0,0.0,0.0,4.0,4.0,0.0,11.0,2008.0,446261.0,1.0,0.0,1.0,0.0,1.0,0.0,0.0,0.0,0.8356164383561644,0.08356164383561644,0.08561643835616438,0.2047945205479452,0.7883561643835616,0.05273972602739726,0.863013698630137,0.9897260273972602,0.7205479452054795,0.1958904109589041,0.9821917808219178,0.3527397260273973,0.3452054794520548,0.44315068493150683,0.9780821917808219,0.914324880054832,0.630891950688905
529,58.0,9098.0,1.0,0.0,0.0,0.0,4.0,7.0,1920.0,2002.0,0.0,2.0,2.0,2.0,2.0,2.0,1.0,348.0,5.0,0.0,180.0,528.0,0.0,605.0,0.0,0.0,605.0,2.0,1.0,2.0,5.0,0.0,0.0,5.0,2.0,1945.6,3.0,0.0,0.0,5.0,5.0,2.0,0.0,0.0,144.0,0.0,0.0,0.0,4.0,4.0,0.0,7.0,2007.0,86000.0,1.0,0.0,1.0,0.0,0.0,0.0,0.0,0.0,0.8356164383561644,0.8678082191780822,0.8205479452054795,0.04726027397260274,0.7883561643835616,0.0684931506849315,0.863013698630137,0.9897260273972602,0.7205479452054795,0.7815068493150685,0.9821917808219178,0.1410958904109589,0.13493150684931507,0.1,0.9780821917808219,0.914324880054832,0.22538071065989848
530,98.2,32668.0,1.0,0.0,0.0,0.0,6.0,3.0,1957.0,1975.0,191.8,1.0,2.0,2.0,2.0,3.0,3.0,1219.0,5.0,0.0,816.0,2035.0,2.0,2515.0,0.0,0.0,2515.0,4.0,2.0,2.0,9.0,4.0,2.0,2.0,4.0,1975.0,1.0,2.0,484.0,2.0,2.0,0.0,0.0,0.0,200.0,0.0,0.0,0.0,4.0,4.0,0.0,3.0,2007.0,200624.0,1.0,0.0,1.0,0.0,0.0,0.0,0.0,0.0,0.8356164383561644,0.8678082191780822,0.00821917808219178,0.36712328767123287,0.7883561643835616,0.03493150684931507,0.863013698630137,0.9897260273972602,0.06438356164383562,0.1958904109589041,0.9821917808219178,0.1410958904109589,0.003424657534246575,0.44315068493150683,0.9780821917808219,0.914324880054832,0.630891950688905
531,85.0,10200.0,0.0,0.0,0.0,7.0,6.0,5.0,1988.0,1989.0,219.0,1.0,2.0,1.0,2.0,1.0,0.0,783.0,5.0,0.0,678.0,1461.0,0.0,1509.0,0.0,0.0,1509.0,3.0,1.0,1.0,5.0,0.0,1.0,3.0,3.0,1988.0,1.0,2.0,600.0,2.0,2.0,0.0,224.0,0.0,0.0,0.0,0.0,0.0,4.0,4.0,0.0,8.0,2008.0,175000.0,1.0,0.0,1.0,1.0,0.0,0.0,0.0,0.0,0.8356164383561644,0.8678082191780822,0.06917808219178082,0.03972602739726028,0.7883561643835616,0.026027397260273973,0.863013698630137,0.9897260273972602,0.7205479452054795,0.7815068493150685,0.9821917808219178,0.15205479452054796,0.14178082191780822,0.43424657534246575,0.9780821917808219,0.914324880054832,0.630891950688905
532,60.0,6155.0,1.0,0.0,0.0,3.0,6.0,8.0,1920.0,1999.0,0.0,2.0,2.0,3.0,3.0,2.0,5.0,0.0,5.0,0.0,611.0,611.0,0.0,751.0,611.0,0.0,1362.0,3.0,1.0,2.0,6.0,0.0,0.0,5.0,2.0,1920.0,0.0,2.0,502.0,2.0,3.0,0.0,0.0,0.0,84.0,0.0,0.0,0.0,4.0,4.0,0.0,6.0,2008.0,128000.0,1.0,0.0,1.0,0.0,0.0,0.0,0.0,0.0,0.8356164383561644,0.8678082191780822,0.8205479452054795,0.0410958904109589,0.14931506849315068,0.03972602739726028,0.003424657534246575,0.00410958904109589,0.0027397260273972603,0.7815068493150685,0.9821917808219178,0.1410958904109589,0.13493150684931507,0.1,0.9780821917808219,0.914324880054832,0.28063814358230604
533,60.0,7200.0,0.0,0.0,0.0,0.0,5.0,7.0,1955.0,2007.0,0.0,2.0,2.0,5.0,5.0,4.0,6.0,0.0,6.0,0.0,0.0,0.0,0.0,827.0,0.0,0.0,827.0,2.0,1.0,2.0,5.0,3.0,1.0,4.0,1.0,1967.0,2.0,1.0,392.0,2.0,2.0,0.0,0.0,0.0,0.0,0.0,0.0,0.0,4.0,4.0,0.0,4.0,2010.0,107500.0,1.0,0.0,1.0,0.0,0.0,0.0,0.0,0.0,0.8356164383561644,0.8678082191780822,0.8205479452054795,0.36712328767123287,0.7883561643835616,0.1541095890410959,0.863013698630137,0.9897260273972602,0.7205479452054795,0.7815068493150685,0.9821917808219178,0.3527397260273973,0.3452054794520548,0.01643835616438356,0.9780821917808219,0.914324880054832,0.28063814358230604
534,50.0,5000.0,0.0,3.0,1.0,0.0,1.0,3.0,1946.0,1950.0,0.0,3.0,3.0,5.0,5.0,4.0,6.0,0.0,6.0,0.0,0.0,0.0,3.0,334.0,0.0,0.0,334.0,1.0,1.0,3.0,2.0,0.0,0.0,5.0,1.0,1939.6,3.0,0.0,0.0,5.0,5.0,2.0,0.0,0.0,0.0,0.0,0.0,0.0,4.0,4.0,0.0,1.0,2007.0,39300.0,1.0,0.0,0.0,0.0,0.0,0.0,0.0,0.0,0.8356164383561644,0.8678082191780822,0.8205479452054795,0.36712328767123287,0.7883561643835616,0.03972602739726028,0.863013698630137,0.9897260273972602,0.7205479452054795,0.7815068493150685,0.9821917808219178,0.3527397260273973,0.3452054794520548,0.01643835616438356,0.9780821917808219,0.018505825908156272,0.2272661348803481
535,74.0,9056.0,1.0,0.0,0.0,3.0,8.0,5.0,2004.0,2004.0,0.0,1.0,2.0,0.0,1.0,1.0,5.0,0.0,5.0,0.0,707.0,707.0,0.0,707.0,707.0,0.0,1414.0,3.0,1.0,1.0,6.0,0.0,1.0,1.0,2.5,2004.0,0.0,2.0,403.0,2.0,2.0,0.0,100.0,35.0,0.0,0.0,0.0,0.0,4.0,4.0,0.0,10.0,2006.0,178000.0,1.0,0.0,1.0,0.0,0.0,0.0,0.0,0.0,0.8356164383561644,0.8678082191780822,0.8205479452054795,0.2047945205479452,0.7883561643835616,0.05410958904109589,0.863013698630137,0.9897260273972602,0.7205479452054795,0.7815068493150685,0.9821917808219178,0.3527397260273973,0.3452054794520548,0.44315068493150683,0.9780821917808219,0.914324880054832,0.630891950688905
536,70.0,7000.0,0.0,0.0,0.0,3.0,5.0,7.0,1910.0,1991.0,0.0,2.0,2.0,1.0,2.0,0.0,0.0,969.0,5.0,0.0,148.0,1117.0,2.0,820.0,527.0,0.0,1347.0,3.0,1.0,2.0,5.0,0.0,0.0,5.0,2.0,1953.0,3.0,0.0,0.0,5.0,5.0,2.0,85.0,0.0,148.0,0.0,0.0,0.0,4.0,4.0,0.0,1.0,2008.0,107500.0,1.0,0.0,1.0,0.0,0.0,0.0,0.0,0.0,0.021232876712328767,0.8678082191780822,0.8205479452054795,0.02054794520547945,0.7883561643835616,0.0684931506849315,0.863013698630137,0.9897260273972602,0.7205479452054795,0.7815068493150685,0.9821917808219178,0.1506849315068493,0.14657534246575343,0.43424657534246575,0.9780821917808219,0.914324880054832,0.28063814358230604
537,57.0,8924.0,1.0,0.0,0.0,3.0,7.0,5.0,1998.0,1999.0,0.0,2.0,2.0,1.0,2.0,1.0,5.0,0.0,5.0,0.0,880.0,880.0,0.0,880.0,844.0,0.0,1724.0,3.0,1.0,1.0,8.0,0.0,0.0,5.0,2.5,1998.0,0.0,2.0,527.0,2.0,2.0,0.0,120.0,155.0,0.0,0.0,0.0,0.0,4.0,4.0,0.0,7.0,2008.0,188000.0,1.0,0.0,1.0,0.0,0.0,0.0,0.0,0.0,0.8356164383561644,0.8678082191780822,0.8205479452054795,0.2047945205479452,0.7883561643835616,0.10273972602739725,0.863013698630137,0.9897260273972602,0.06438356164383562,0.7815068493150685,0.9821917808219178,0.3527397260273973,0.3452054794520548,0.44315068493150683,0.9780821917808219,0.914324880054832,0.630891950688905
538,78.4,12735.0,1.0,0.0,0.0,0.0,4.0,5.0,1972.0,1972.0,0.0,2.0,2.0,2.0,2.0,3.0,2.0,600.0,5.0,0.0,264.0,864.0,2.0,864.0,0.0,0.0,864.0,3.0,1.0,2.0,5.0,0.0,0.0,5.0,1.0,1980.0,2.0,2.0,576.0,2.0,2.0,0.0,216.0,0.0,0.0,0.0,0.0,0.0,4.0,3.0,0.0,4.0,2008.0,111250.0,1.0,0.0,1.0,0.0,0.0,0.0,0.0,0.0,0.8356164383561644,0.02945205479452055,0.8205479452054795,0.36712328767123287,0.7883561643835616,0.1541095890410959,0.863013698630137,0.9897260273972602,0.03219178082191781,0.1958904109589041,0.9821917808219178,0.1506849315068493,0.14657534246575343,0.43424657534246575,0.9780821917808219,0.914324880054832,0.28063814358230604
539,72.0,11553.0,1.0,0.0,0.0,0.0,5.0,5.0,1968.0,1968.0,188.0,2.0,2.0,2.0,2.0,3.0,2.0,673.0,5.0,0.0,378.0,1051.0,2.0,1159.0,0.0,0.0,1159.0,3.0,1.0,2.0,7.0,0.0,1.0,3.0,1.5,1968.0,2.0,1.0,336.0,2.0,2.0,0.0,466.0,0.0,0.0,0.0,0.0,0.0,4.0,4.0,0.0,7.0,2006.0,158000.0,1.0,0.0,1.0,1.0,0.0,0.0,0.0,0.0,0.8356164383561644,0.8678082191780822,0.8205479452054795,0.36712328767123287,0.7883561643835616,0.050684931506849315,0.863013698630137,0.9897260273972602,0.7205479452054795,0.1958904109589041,0.9821917808219178,0.07397260273972603,0.09726027397260274,0.43424657534246575,0.9780821917808219,0.914324880054832,0.630891950688905
540,68.0,11423.0,0.0,0.0,0.0,0.0,8.0,5.0,2001.0,2002.0,479.0,1.0,2.0,1.0,2.0,1.0,0.0,1358.0,5.0,0.0,223.0,1581.0,0.0,1601.0,0.0,0.0,1601.0,3.0,1.0,1.0,6.0,0.0,1.0,2.0,3.0,2001.0,1.0,2.0,670.0,2.0,2.0,0.0,180.0,0.0,0.0,0.0,0.0,0.0,4.0,1.0,2000.0,5.0,2010.0,272000.0,1.0,0.0,1.0,1.0,0.0,0.0,1.0,0.0,0.8356164383561644,0.8678082191780822,0.8205479452054795,0.36712328767123287,0.7883561643835616,0.10273972602739725,0.863013698630137,0.9897260273972602,0.7205479452054795,0.7815068493150685,0.9821917808219178,0.3527397260273973,0.3452054794520548,0.44315068493150683,0.9780821917808219,0.914324880054832,0.630891950688905
541,85.0,14601.0,0.0,0.0,0.0,0.0,9.0,5.0,2006.0,2006.0,584.0,0.0,2.0,0.0,2.0,1.0,0.0,1260.0,5.0,0.0,578.0,1838.0,0.0,1838.0,0.0,0.0,1838.0,2.0,1.0,0.0,8.0,0.0,1.0,1.0,3.0,2006.0,0.0,3.0,765.0,2.0,2.0,0.0,270.0,68.0,0.0,0.0,0.0,0.0,4.0,4.0,0.0,3.0,2009.0,315000.0,1.0,0.0,1.0,1.0,0.0,0.0,0.0,0.0,0.8356164383561644,0.8678082191780822,0.8205479452054795,0.36712328767123287,0.7883561643835616,0.026027397260273973,0.863013698630137,0.9897260273972602,0.7205479452054795,0.1958904109589041,0.9821917808219178,0.3527397260273973,0.3452054794520548,0.44315068493150683,0.9780821917808219,0.914324880054832,0.630891950688905
542,81.0,11000.0,0.0,0.0,0.0,3.0,8.0,5.0,2000.0,2000.0,72.0,1.0,2.0,1.0,2.0,3.0,5.0,0.0,5.0,0.0,969.0,969.0,0.0,997.0,1288.0,0.0,2285.0,4.0,1.0,1.0,8.0,0.0,1.0,2.0,2.5,2000.0,0.0,3.0,648.0,2.0,2.0,0.0,0.0,56.0,0.0,0.0,0.0,0.0,4.0,4.0,0.0,6.0,2007.0,248000.0,1.0,0.0,1.0,1.0,0.0,0.0,0.0,0.0,0.8356164383561644,0.8678082191780822,0.8205479452054795,0.2047945205479452,0.7883561643835616,0.028082191780821917,0.863013698630137,0.9897260273972602,0.03219178082191781,0.7815068493150685,0.9821917808219178,0.3527397260273973,0.3452054794520548,0.44315068493150683,0.9780821917808219,0.914324880054832,0.06381435823060189
543,78.0,10140.0,0.0,0.0,0.0,0.0,7.0,5.0,1998.0,1999.0,0.0,1.0,2.0,0.0,2.0,3.0,4.0,144.0,0.0,1127.0,379.0,1650.0,0.0,1680.0,0.0,0.0,1680.0,3.0,1.0,1.0,7.0,4.0,1.0,2.0,3.0,1998.0,0.0,2.0,583.0,2.0,2.0,0.0,78.0,73.0,0.0,0.0,0.0,0.0,4.0,4.0,0.0,6.0,2009.0,213250.0,1.0,0.0,1.0,0.0,0.0,0.0,0.0,0.0,0.8356164383561644,0.8678082191780822,0.8205479452054795,0.36712328767123287,0.7883561643835616,0.05,0.01780821917808219,0.9897260273972602,0.7205479452054795,0.1958904109589041,0.9821917808219178,0.3527397260273973,0.3452054794520548,0.44315068493150683,0.9780821917808219,0.914324880054832,0.630891950688905
544,34.0,4058.0,0.0,0.0,0.0,6.0,7.0,5.0,1998.0,1998.0,182.0,2.0,2.0,1.0,2.0,1.0,0.0,584.0,4.0,139.0,0.0,723.0,0.0,767.0,0.0,0.0,767.0,1.0,1.0,2.0,4.0,0.0,0.0,5.0,2.0,1998.0,0.0,1.0,367.0,2.0,2.0,0.0,120.0,40.0,0.0,0.0,0.0,0.0,4.0,4.0,0.0,6.0,2007.0,133000.0,1.0,0.0,1.0,1.0,0.0,0.0,0.0,0.0,0.07808219178082192,0.8678082191780822,0.8205479452054795,0.05958904109589041,0.010958904109589041,0.1541095890410959,0.863013698630137,0.9897260273972602,0.7205479452054795,0.7815068493150685,0.9821917808219178,0.1506849315068493,0.14657534246575343,0.44315068493150683,0.9780821917808219,0.914324880054832,0.630891950688905
545,58.0,17104.0,1.0,0.0,0.0,3.0,7.0,5.0,2006.0,2006.0,0.0,1.0,2.0,1.0,1.0,1.0,0.0,554.0,5.0,0.0,100.0,654.0,0.0,664.0,832.0,0.0,1496.0,3.0,1.0,1.0,7.0,0.0,1.0,1.0,3.5,2006.0,1.0,2.0,426.0,2.0,2.0,0.0,100.0,24.0,0.0,0.0,0.0,0.0,4.0,4.0,0.0,9.0,2006.0,179665.0,1.0,0.0,1.0,0.0,0.0,0.0,0.0,0.0,0.8356164383561644,0.08356164383561644,0.08561643835616438,0.2047945205479452,0.7883561643835616,0.05410958904109589,0.863013698630137,0.9897260273972602,0.7205479452054795,0.7815068493150685,0.9821917808219178,0.3527397260273973,0.3452054794520548,0.44315068493150683,0.9780821917808219,0.914324880054832,0.630891950688905
546,80.2,13837.0,1.0,0.0,0.0,1.0,7.0,5.0,1988.0,1988.0,178.0,1.0,1.0,1.0,1.0,3.0,0.0,1002.0,4.0,202.0,0.0,1204.0,1.0,1377.0,806.0,0.0,2183.0,4.0,1.0,1.0,9.0,0.0,0.0,5.0,2.5,1988.0,2.0,3.0,786.0,2.0,2.0,0.0,0.0,0.0,0.0,0.0,0.0,0.0,4.0,4.0,0.0,2.0,2006.0,229000.0,1.0,0.0,1.0,1.0,0.0,0.0,0.0,0.0,0.8356164383561644,0.8678082191780822,0.8205479452054795,0.09863013698630137,0.7883561643835616,0.05,0.863013698630137,0.9897260273972602,0.18013698630136987,0.7815068493150685,0.9821917808219178,0.15205479452054796,0.14178082191780822,0.44315068493150683,0.9780821917808219,0.914324880054832,0.630891950688905
547,70.0,8737.0,1.0,1.0,0.0,1.0,6.0,7.0,1923.0,1950.0,0.0,2.0,2.0,1.0,2.0,3.0,3.0,300.0,5.0,0.0,765.0,1065.0,0.0,915.0,720.0,0.0,1635.0,3.0,1.0,2.0,6.0,0.0,1.0,1.0,1.5,1950.0,2.0,2.0,440.0,2.0,2.0,0.0,0.0,38.0,0.0,144.0,0.0,0.0,4.0,4.0,0.0,5.0,2007.0,210000.0,1.0,0.0,1.0,0.0,0.0,0.0,0.0,0.0,0.8356164383561644,0.8678082191780822,0.8205479452054795,0.09863013698630137,0.7883561643835616,0.03972602739726028,0.863013698630137,0.9897260273972602,0.7205479452054795,0.7815068493150685,0.9821917808219178,0.03424657534246575,0.13493150684931507,0.1,0.9780821917808219,0.06442769019876628,0.28063814358230604
548,54.0,7244.0,0.0,0.0,0.0,6.0,5.0,7.0,1970.0,1970.0,0.0,2.0,1.0,1.0,2.0,1.0,1.0,619.0,5.0,0.0,149.0,768.0,0.0,768.0,0.0,0.0,768.0,2.0,1.0,2.0,5.0,0.0,0.0,5.0,2.0,1987.0,2.0,2.0,624.0,2.0,2.0,0.0,104.0,0.0,0.0,0.0,0.0,0.0,4.0,4.0,0.0,4.0,2007.0,129500.0,1.0,0.0,1.0,0.0,0.0,0.0,0.0,0.0,0.8356164383561644,0.8678082191780822,0.8205479452054795,0.0136986301369863,0.7883561643835616,0.03356164383561644,0.863013698630137,0.9897260273972602,0.7205479452054795,0.7815068493150685,0.9821917808219178,0.3527397260273973,0.3452054794520548,0.43424657534246575,0.9780821917808219,0.914324880054832,0.28063814358230604
549,49.0,8235.0,1.0,2.0,0.0,0.0,5.0,7.0,1955.0,1995.0,0.0,2.0,1.0,2.0,2.0,3.0,4.0,180.0,3.0,645.0,0.0,825.0,2.0,825.0,0.0,0.0,825.0,2.0,1.0,2.0,4.0,0.0,0.0,5.0,2.0,1963.0,1.0,2.0,720.0,2.0,2.0,0.0,140.0,50.0,0.0,0.0,0.0,0.0,4.0,1.0,0.0,6.0,2008.0,125000.0,1.0,0.0,1.0,0.0,0.0,0.0,0.0,0.0,0.8356164383561644,0.8678082191780822,0.8205479452054795,0.36712328767123287,0.14931506849315068,0.0773972602739726,0.05547945205479452,0.0013698630136986301,0.7205479452054795,0.7815068493150685,0.9821917808219178,0.1506849315068493,0.14657534246575343,0.43424657534246575,0.9780821917808219,0.914324880054832,0.28063814358230604
550,75.0,9375.0,0.0,0.0,0.0,3.0,7.0,5.0,2003.0,2004.0,0.0,1.0,2.0,1.0,2.0,3.0,5.0,0.0,5.0,0.0,912.0,912.0,0.0,912.0,1182.0,0.0,2094.0,4.0,1.0,1.0,8.0,0.0,1.0,1.0,2.5,2003.0,0.0,2.0,615.0,2.0,2.0,0.0,182.0,182.0,0.0,0.0,0.0,0.0,4.0,4.0,0.0,11.0,2009.0,263000.0,1.0,0.0,1.0,0.0,0.0,0.0,0.0,0.0,0.8356164383561644,0.8678082191780822,0.8205479452054795,0.2047945205479452,0.04452054794520548,0.0589041095890411,0.863013698630137,0.9897260273972602,0.7205479452054795,0.7815068493150685,0.9821917808219178,0.3527397260273973,0.3452054794520548,0.44315068493150683,0.9780821917808219,0.914324880054832,0.06381435823060189
551,53.0,4043.0,0.0,0.0,0.0,0.0,6.0,6.0,1977.0,1977.0,0.0,2.0,2.0,1.0,2.0,3.0,1.0,559.0,5.0,0.0,510.0,1069.0,2.0,1069.0,0.0,0.0,1069.0,2.0,1.0,2.0,4.0,0.0,0.0,5.0,2.0,1977.0,1.0,2.0,440.0,2.0,2.0,0.0,0.0,55.0,0.0,0.0,200.0,0.0,4.0,4.0,0.0,10.0,2008.0,140000.0,1.0,0.0,1.0,0.0,0.0,0.0,0.0,0.0,0.07808219178082192,0.02945205479452055,0.06917808219178082,0.05958904109589041,0.7883561643835616,0.0061643835616438354,0.863013698630137,0.9897260273972602,0.7205479452054795,0.7815068493150685,0.9821917808219178,0.07397260273972603,0.09726027397260274,0.43424657534246575,0.9780821917808219,0.914324880054832,0.630891950688905
552,50.0,6000.0,0.0,0.0,0.0,0.0,5.0,6.0,1957.0,1957.0,0.0,2.0,2.0,2.0,2.0,3.0,3.0,308.0,5.0,0.0,620.0,928.0,1.0,928.0,0.0,0.0,928.0,3.0,1.0,2.0,5.0,0.0,0.0,5.0,1.0,1957.0,0.0,1.0,288.0,2.0,2.0,0.0,0.0,0.0,0.0,0.0,0.0,0.0,4.0,4.0,0.0,6.0,2008.0,112500.0,1.0,0.0,1.0,0.0,0.0,0.0,0.0,0.0,0.8356164383561644,0.8678082191780822,0.8205479452054795,0.36712328767123287,0.14931506849315068,0.0773972602739726,0.863013698630137,0.9897260273972602,0.7205479452054795,0.1958904109589041,0.9821917808219178,0.03424657534246575,0.017123287671232876,0.43424657534246575,0.9780821917808219,0.06442769019876628,0.630891950688905
553,87.0,11146.0,1.0,0.0,0.0,0.0,8.0,5.0,2006.0,2006.0,250.0,1.0,2.0,0.0,2.0,1.0,5.0,0.0,5.0,0.0,1709.0,1709.0,0.0,1717.0,0.0,0.0,1717.0,3.0,1.0,1.0,7.0,0.0,1.0,1.0,2.0,2006.0,1.0,3.0,908.0,2.0,2.0,0.0,169.0,39.0,0.0,0.0,0.0,0.0,4.0,4.0,0.0,7.0,2009.0,255500.0,1.0,0.0,1.0,0.0,1.0,0.0,0.0,0.0,0.8356164383561644,0.8678082191780822,0.8205479452054795,0.36712328767123287,0.7883561643835616,0.05273972602739726,0.863013698630137,0.9897260273972602,0.7205479452054795,0.7815068493150685,0.9821917808219178,0.3527397260273973,0.3452054794520548,0.44315068493150683,0.9780821917808219,0.914324880054832,0.630891950688905
554,67.0,8777.0,0.0,0.0,0.0,0.0,4.0,5.0,1949.0,2003.0,0.0,2.0,2.0,5.0,5.0,4.0,6.0,0.0,6.0,0.0,0.0,0.0,0.0,1126.0,0.0,0.0,1126.0,2.0,1.0,1.0,5.0,0.0,0.0,5.0,2.0,2002.0,0.0,2.0,520.0,2.0,2.0,2.0,0.0,96.0,0.0,0.0,0.0,0.0,4.0,1.0,0.0,5.0,2009.0,108000.0,1.0,0.0,1.0,0.0,0.0,0.0,0.0,0.0,0.8356164383561644,0.8678082191780822,0.8205479452054795,0.36712328767123287,0.7883561643835616,0.0684931506849315,0.05547945205479452,0.9897260273972602,0.7205479452054795,0.7815068493150685,0.9821917808219178,0.3527397260273973,0.3452054794520548,0.43424657534246575,0.9780821917808219,0.914324880054832,0.28063814358230604
555,85.0,10625.0,0.0,0.0,0.0,3.0,7.0,5.0,2003.0,2004.0,292.0,1.0,2.0,1.0,2.0,3.0,0.0,866.0,5.0,0.0,132.0,998.0,0.0,1006.0,1040.0,0.0,2046.0,3.0,1.0,1.0,8.0,0.0,1.0,1.0,3.5,2003.0,1.0,3.0,871.0,2.0,2.0,0.0,320.0,62.0,0.0,0.0,0.0,0.0,4.0,4.0,0.0,8.0,2008.0,284000.0,1.0,0.0,1.0,1.0,0.0,0.0,0.0,0.0,0.8356164383561644,0.8678082191780822,0.8205479452054795,0.2047945205479452,0.7883561643835616,0.05273972602739726,0.863013698630137,0.9897260273972602,0.7205479452054795,0.7815068493150685,0.9821917808219178,0.3527397260273973,0.3452054794520548,0.44315068493150683,0.9780821917808219,0.914324880054832,0.06381435823060189
556,58.0,6380.0,0.0,0.0,0.0,2.0,5.0,6.0,1922.0,1950.0,0.0,2.0,2.0,2.0,3.0,3.0,5.0,0.0,5.0,0.0,993.0,993.0,2.0,1048.0,0.0,0.0,1048.0,2.0,1.0,2.0,5.0,0.0,1.0,1.0,1.0,1922.0,2.0,1.0,280.0,2.0,2.0,0.0,0.0,0.0,116.0,0.0,0.0,0.0,4.0,4.0,0.0,8.0,2006.0,113000.0,1.0,0.0,1.0,0.0,0.0,0.0,0.0,0.0,0.8356164383561644,0.8678082191780822,0.8205479452054795,0.00821917808219178,0.14931506849315068,0.03972602739726028,0.863013698630137,0.9897260273972602,0.7205479452054795,0.7815068493150685,0.9821917808219178,0.1506849315068493,0.14657534246575343,0.1,0.9780821917808219,0.06442769019876628,0.28063814358230604
557,69.0,14850.0,1.0,0.0,0.0,0.0,5.0,5.0,1957.0,1957.0,0.0,2.0,2.0,2.0,2.0,3.0,3.0,895.0,5.0,0.0,197.0,1092.0,2.0,1092.0,0.0,0.0,1092.0,2.0,1.0,2.0,6.0,0.0,1.0,2.0,2.0,1957.0,0.0,1.0,299.0,2.0,2.0,0.0,268.0,0.0,0.0,0.0,122.0,0.0,4.0,3.0,0.0,5.0,2006.0,141000.0,1.0,0.0,1.0,0.0,0.0,0.0,0.0,0.0,0.8356164383561644,0.8678082191780822,0.8205479452054795,0.36712328767123287,0.7883561643835616,0.1541095890410959,0.863013698630137,0.9897260273972602,0.7205479452054795,0.7815068493150685,0.9821917808219178,0.1410958904109589,0.13493150684931507,0.43424657534246575,0.9780821917808219,0.06442769019876628,0.630891950688905
558,60.0,11040.0,0.0,3.0,1.0,1.0,4.0,6.0,1920.0,1950.0,0.0,2.0,2.0,2.0,2.0,3.0,3.0,637.0,5.0,0.0,0.0,637.0,1.0,897.0,439.0,0.0,1336.0,3.0,1.0,2.0,7.0,0.0,0.0,5.0,1.5,1994.0,2.0,1.0,570.0,2.0,2.0,0.0,0.0,47.0,120.0,0.0,0.0,0.0,4.0,4.0,0.0,9.0,2006.0,108000.0,1.0,0.0,1.0,0.0,0.0,0.0,0.0,0.0,0.8356164383561644,0.02945205479452055,0.8205479452054795,0.09863013698630137,0.00684931506849315,0.025342465753424658,0.863013698630137,0.9897260273972602,0.7205479452054795,0.7815068493150685,0.9821917808219178,0.1506849315068493,0.14657534246575343,0.43424657534246575,0.9780821917808219,0.914324880054832,0.006526468455402465
559,57.0,21872.0,2.0,2.0,0.0,3.0,7.0,5.0,1996.0,1997.0,0.0,2.0,2.0,1.0,2.0,0.0,0.0,604.0,5.0,0.0,125.0,729.0,0.0,729.0,717.0,0.0,1446.0,3.0,1.0,2.0,6.0,0.0,1.0,2.0,3.0,1996.0,2.0,2.0,406.0,2.0,2.0,0.0,264.0,22.0,0.0,0.0,0.0,0.0,4.0,4.0,0.0,8.0,2008.0,175000.0,1.0,0.0,1.0,0.0,0.0,0.0,0.0,0.0,0.8356164383561644,0.8678082191780822,0.8205479452054795,0.2047945205479452,0.7883561643835616,0.05410958904109589,0.863013698630137,0.9897260273972602,0.03219178082191781,0.7815068493150685,0.9821917808219178,0.15205479452054796,0.14178082191780822,0.44315068493150683,0.9780821917808219,0.914324880054832,0.630891950688905
560,46.8,3196.0,0.0,0.0,0.0,0.0,7.0,5.0,2003.0,2004.0,18.0,1.0,2.0,1.0,2.0,0.0,5.0,0.0,5.0,0.0,1374.0,1374.0,0.0,1557.0,0.0,0.0,1557.0,2.0,1.0,1.0,7.0,0.0,1.0,2.0,2.0,2003.0,0.0,2.0,420.0,2.0,2.0,0.0,143.0,20.0,0.0,0.0,0.0,0.0,4.0,4.0,0.0,10.0,2006.0,234000.0,1.0,0.0,1.0,1.0,0.0,0.0,0.0,0.0,0.07808219178082192,0.8678082191780822,0.8205479452054795,0.05958904109589041,0.7883561643835616,0.011643835616438357,0.863013698630137,0.9897260273972602,0.7205479452054795,0.7815068493150685,0.9821917808219178,0.3527397260273973,0.3452054794520548,0.44315068493150683,0.9780821917808219,0.914324880054832,0.630891950688905
561,75.8,11341.0,1.0,0.0,0.0,0.0,5.0,6.0,1957.0,1996.0,180.0,2.0,2.0,1.0,2.0,3.0,1.0,1302.0,5.0,0.0,90.0,1392.0,2.0,1392.0,0.0,0.0,1392.0,3.0,1.0,2.0,5.0,3.0,1.0,1.0,2.5,1957.0,2.0,2.0,528.0,2.0,2.0,0.0,0.0,0.0,0.0,0.0,95.0,0.0,4.0,4.0,0.0,5.0,2010.0,121500.0,1.0,0.0,1.0,1.0,0.0,0.0,0.0,0.0,0.8356164383561644,0.8678082191780822,0.8205479452054795,0.36712328767123287,0.7883561643835616,0.050684931506849315,0.863013698630137,0.9897260273972602,0.7205479452054795,0.1958904109589041,0.9821917808219178,0.1410958904109589,0.13493150684931507,0.43424657534246575,0.9780821917808219,0.914324880054832,0.28063814358230604
562,77.0,10010.0,0.0,0.0,1.0,0.0,5.0,5.0,1974.0,1975.0,0.0,2.0,2.0,1.0,2.0,1.0,1.0,1071.0,4.0,123.0,195.0,1389.0,1.0,1389.0,0.0,0.0,1389.0,2.0,1.0,2.0,6.0,0.0,1.0,2.0,2.0,1975.0,1.0,2.0,418.0,2.0,2.0,0.0,240.0,38.0,0.0,0.0,0.0,0.0,4.0,4.0,0.0,4.0,2006.0,170000.0,1.0,0.0,1.0,0.0,0.0,0.0,0.0,0.0,0.8356164383561644,0.8678082191780822,0.8205479452054795,0.36712328767123287,0.7883561643835616,0.03356164383561644,0.863013698630137,0.9897260273972602,0.7205479452054795,0.7815068493150685,0.9821917808219178,0.15205479452054796,0.14178082191780822,0.43424657534246575,0.9780821917808219,0.914324880054832,0.630891950688905
563,63.0,13907.0,0.0,0.0,0.0,0.0,5.0,6.0,1940.0,1969.0,0.0,2.0,2.0,2.0,2.0,3.0,2.0,290.0,5.0,0.0,706.0,996.0,0.0,996.0,0.0,0.0,996.0,3.0,1.0,2.0,6.0,0.0,1.0,1.0,2.0,1983.2,3.0,0.0,0.0,5.0,5.0,0.0,144.0,0.0,0.0,0.0,0.0,0.0,4.0,4.0,0.0,7.0,2008.0,108000.0,1.0,0.0,1.0,0.0,0.0,0.0,0.0,0.0,0.8356164383561644,0.8678082191780822,0.8205479452054795,0.04726027397260274,0.7883561643835616,0.0684931506849315,0.863013698630137,0.9897260273972602,0.7205479452054795,0.7815068493150685,0.9821917808219178,0.01780821917808219,0.026027397260273973,0.43424657534246575,0.9780821917808219,0.914324880054832,0.2410442349528644
564,66.0,21780.0,0.0,0.0,0.0,1.0,6.0,7.0,1918.0,1950.0,0.0,2.0,2.0,1.0,2.0,2.0,5.0,0.0,5.0,0.0,1163.0,1163.0,0.0,1163.0,511.0,0.0,1674.0,4.0,1.0,2.0,8.0,0.0,1.0,1.0,2.0,1955.0,0.0,2.0,396.0,2.0,2.0,2.0,72.0,36.0,0.0,0.0,144.0,0.0,4.0,4.0,0.0,7.0,2008.0,185000.0,1.0,0.0,1.0,0.0,0.0,0.0,0.0,0.0,0.8356164383561644,0.8678082191780822,0.8205479452054795,0.09863013698630137,0.7883561643835616,0.0684931506849315,0.863013698630137,0.9897260273972602,0.7205479452054795,0.7815068493150685,0.9821917808219178,0.1410958904109589,0.13493150684931507,0.1,0.9780821917808219,0.914324880054832,0.28063814358230604
565,80.6,13346.0,1.0,0.0,0.0,3.0,7.0,5.0,1992.0,2000.0,0.0,1.0,2.0,1.0,2.0,3.0,0.0,728.0,5.0,0.0,367.0,1095.0,0.0,1166.0,1129.0,0.0,2295.0,4.0,1.0,1.0,9.0,0.0,1.0,2.0,3.5,1992.0,1.0,2.0,590.0,2.0,2.0,0.0,0.0,40.0,0.0,0.0,0.0,0.0,4.0,4.0,0.0,7.0,2006.0,268000.0,1.0,0.0,1.0,0.0,0.0,0.0,0.0,0.0,0.8356164383561644,0.8678082191780822,0.8205479452054795,0.2047945205479452,0.7883561643835616,0.028082191780821917,0.863013698630137,0.9897260273972602,0.06438356164383562,0.7815068493150685,0.9821917808219178,0.15205479452054796,0.14178082191780822,0.44315068493150683,0.9780821917808219,0.914324880054832,0.630891950688905
566,66.0,6858.0,0.0,1.0,0.0,3.0,6.0,4.0,1915.0,1950.0,0.0,2.0,2.0,1.0,2.0,3.0,5.0,0.0,5.0,0.0,806.0,806.0,2.0,841.0,806.0,0.0,1647.0,4.0,1.0,3.0,6.0,0.0,0.0,5.0,2.5,1920.0,2.0,1.0,216.0,2.0,2.0,0.0,0.0,66.0,136.0,0.0,0.0,0.0,4.0,4.0,0.0,5.0,2010.0,128000.0,1.0,0.0,0.0,0.0,0.0,0.0,0.0,0.0,0.8356164383561644,0.8678082191780822,0.8205479452054795,0.0410958904109589,0.7883561643835616,0.017123287671232876,0.863013698630137,0.9897260273972602,0.18013698630136987,0.7815068493150685,0.9821917808219178,0.1410958904109589,0.13493150684931507,0.44315068493150683,0.9780821917808219,0.018505825908156272,0.28063814358230604
567,77.0,11198.0,1.0,0.0,0.0,3.0,9.0,5.0,2005.0,2007.0,245.0,1.0,2.0,1.0,1.0,3.0,5.0,0.0,5.0,0.0,1122.0,1122.0,0.0,1134.0,1370.0,0.0,2504.0,4.0,1.0,0.0,11.0,0.0,1.0,1.0,2.5,2005.0,0.0,3.0,656.0,2.0,2.0,0.0,144.0,39.0,0.0,0.0,0.0,0.0,4.0,4.0,0.0,6.0,2008.0,325000.0,1.0,0.0,1.0,1.0,0.0,0.0,0.0,0.0,0.8356164383561644,0.8678082191780822,0.8205479452054795,0.2047945205479452,0.7883561643835616,0.017123287671232876,0.863013698630137,0.9897260273972602,0.7205479452054795,0.1958904109589041,0.9821917808219178,0.3527397260273973,0.3452054794520548,0.44315068493150683,0.9780821917808219,0.914324880054832,0.06381435823060189
568,70.0,10171.0,1.0,0.0,0.0,0.0,7.0,5.0,2004.0,2004.0,168.0,1.0,2.0,1.0,2.0,3.0,0.0,2.0,5.0,0.0,1515.0,1517.0,0.0,1535.0,0.0,0.0,1535.0,3.0,1.0,1.0,7.0,0.0,0.0,5.0,2.0,2004.0,1.0,2.0,532.0,2.0,2.0,0.0,0.0,0.0,0.0,0.0,0.0,0.0,4.0,4.0,0.0,3.0,2010.0,214000.0,1.0,0.0,1.0,1.0,0.0,0.0,0.0,0.0,0.8356164383561644,0.8678082191780822,0.8205479452054795,0.36712328767123287,0.7883561643835616,0.05273972602739726,0.863013698630137,0.9897260273972602,0.7205479452054795,0.7815068493150685,0.9821917808219178,0.3527397260273973,0.3452054794520548,0.44315068493150683,0.9780821917808219,0.914324880054832,0.630891950688905
569,79.0,12327.0,1.0,3.0,1.0,1.0,8.0,8.0,1983.0,2009.0,0.0,1.0,2.0,1.0,2.0,0.0,0.0,1441.0,5.0,0.0,55.0,1496.0,0.0,1496.0,636.0,0.0,2132.0,1.0,1.0,1.0,5.0,2.0,1.0,1.0,2.5,1983.0,0.0,2.0,612.0,1.0,2.0,0.0,349.0,40.0,0.0,0.0,0.0,0.0,4.0,4.0,0.0,9.0,2009.0,316600.0,1.0,0.0,1.0,0.0,0.0,0.0,0.0,0.0,0.8356164383561644,0.8678082191780822,0.8205479452054795,0.09863013698630137,0.7883561643835616,0.04041095890410959,0.863013698630137,0.9897260273972602,0.7205479452054795,0.7815068493150685,0.9821917808219178,0.1410958904109589,0.13493150684931507,0.43424657534246575,0.9780821917808219,0.914324880054832,0.06381435823060189
570,66.2,7032.0,1.0,0.0,0.0,6.0,5.0,5.0,1979.0,1979.0,0.0,2.0,2.0,1.0,2.0,0.0,0.0,943.0,5.0,0.0,0.0,943.0,2.0,943.0,0.0,0.0,943.0,2.0,1.0,2.0,4.0,0.0,2.0,2.0,2.0,1979.0,2.0,2.0,600.0,2.0,2.0,0.0,42.0,0.0,0.0,0.0,0.0,0.0,4.0,4.0,0.0,12.0,2006.0,135960.0,1.0,0.0,1.0,0.0,0.0,0.0,0.0,0.0,0.03561643835616438,0.8678082191780822,0.8205479452054795,0.03561643835616438,0.7883561643835616,0.1541095890410959,0.863013698630137,0.9897260273972602,0.18013698630136987,0.7815068493150685,0.9821917808219178,0.1506849315068493,0.14657534246575343,0.43424657534246575,0.9780821917808219,0.914324880054832,0.28063814358230604
571,74.0,13101.0,1.0,0.0,0.0,0.0,5.0,5.0,1965.0,1965.0,108.0,2.0,2.0,2.0,2.0,3.0,4.0,231.0,5.0,0.0,1497.0,1728.0,2.0,1728.0,0.0,0.0,1728.0,6.0,2.0,2.0,10.0,0.0,0.0,5.0,2.0,1987.0,2.0,2.0,576.0,2.0,2.0,0.0,0.0,0.0,0.0,0.0,0.0,0.0,4.0,4.0,0.0,11.0,2008.0,142600.0,1.0,0.0,1.0,1.0,0.0,0.0,0.0,0.0,0.03561643835616438,0.8678082191780822,0.8205479452054795,0.03561643835616438,0.7883561643835616,0.1541095890410959,0.863013698630137,0.9897260273972602,0.7205479452054795,0.7815068493150685,0.9821917808219178,0.15205479452054796,0.14178082191780822,0.43424657534246575,0.9780821917808219,0.914324880054832,0.28063814358230604
572,60.0,7332.0,0.0,0.0,0.0,0.0,6.0,6.0,1959.0,1959.0,207.0,2.0,2.0,2.0,2.0,3.0,2.0,414.0,5.0,0.0,450.0,864.0,0.0,864.0,0.0,0.0,864.0,2.0,1.0,1.0,4.0,0.0,0.0,5.0,2.0,1959.0,2.0,1.0,288.0,2.0,2.0,0.0,168.0,0.0,0.0,0.0,0.0,0.0,4.0,4.0,0.0,10.0,2006.0,120000.0,1.0,0.0,1.0,1.0,0.0,0.0,0.0,0.0,0.8356164383561644,0.8678082191780822,0.06917808219178082,0.36712328767123287,0.7883561643835616,0.1541095890410959,0.863013698630137,0.9897260273972602,0.7205479452054795,0.7815068493150685,0.9821917808219178,0.01780821917808219,0.026027397260273973,0.43424657534246575,0.9780821917808219,0.914324880054832,0.630891950688905
573,83.0,13159.0,1.0,2.0,0.0,3.0,7.0,5.0,2009.0,2009.0,0.0,2.0,2.0,0.0,2.0,1.0,5.0,0.0,5.0,0.0,846.0,846.0,1.0,846.0,846.0,0.0,1692.0,3.0,1.0,1.0,6.0,0.0,0.0,5.0,2.5,2009.0,1.0,2.0,650.0,2.0,2.0,0.0,208.0,114.0,0.0,0.0,0.0,0.0,4.0,4.0,0.0,7.0,2009.0,224500.0,1.0,0.0,1.0,0.0,0.0,0.0,0.0,0.0,0.8356164383561644,0.08356164383561644,0.08561643835616438,0.2047945205479452,0.7883561643835616,0.026027397260273973,0.863013698630137,0.9897260273972602,0.18013698630136987,0.7815068493150685,0.9821917808219178,0.3527397260273973,0.3452054794520548,0.44315068493150683,0.9780821917808219,0.914324880054832,0.630891950688905
574,76.0,9967.0,1.0,0.0,0.0,7.0,7.0,5.0,2000.0,2000.0,0.0,2.0,2.0,1.0,2.0,3.0,5.0,0.0,5.0,0.0,384.0,384.0,0.0,774.0,656.0,0.0,1430.0,3.0,1.0,2.0,8.0,0.0,1.0,2.0,2.5,2000.0,1.0,2.0,400.0,2.0,2.0,0.0,100.0,0.0,0.0,0.0,0.0,0.0,4.0,4.0,0.0,12.0,2007.0,170000.0,1.0,0.0,1.0,0.0,0.0,0.0,0.0,0.0,0.8356164383561644,0.8678082191780822,0.8205479452054795,0.03972602739726028,0.7883561643835616,0.05410958904109589,0.863013698630137,0.9897260273972602,0.7205479452054795,0.7815068493150685,0.9821917808219178,0.3527397260273973,0.3452054794520548,0.44315068493150683,0.9780821917808219,0.914324880054832,0.06381435823060189
575,70.0,10500.0,0.0,0.0,0.0,7.0,5.0,7.0,1971.0,2005.0,82.0,2.0,2.0,2.0,2.0,1.0,1.0,349.0,5.0,0.0,23.0,372.0,2.0,576.0,533.0,0.0,1109.0,3.0,1.0,2.0,5.0,0.0,0.0,5.0,1.5,1971.0,2.0,1.0,288.0,2.0,2.0,0.0,35.0,0.0,0.0,0.0,0.0,0.0,4.0,2.0,0.0,12.0,2007.0,139000.0,1.0,0.0,1.0,1.0,0.0,0.0,0.0,0.0,0.8356164383561644,0.8678082191780822,0.8205479452054795,0.03972602739726028,0.7883561643835616,0.1541095890410959,0.863013698630137,0.9897260273972602,0.03219178082191781,0.007534246575342466,0.9821917808219178,0.1506849315068493,0.002054794520547945,0.43424657534246575,0.9780821917808219,0.914324880054832,0.06381435823060189
576,80.0,8480.0,0.0,0.0,0.0,1.0,5.0,5.0,1947.0,1950.0,0.0,2.0,2.0,2.0,2.0,3.0,3.0,442.0,5.0,0.0,390.0,832.0,2.0,832.0,384.0,0.0,1216.0,2.0,1.0,2.0,6.0,0.0,0.0,5.0,1.0,1947.0,2.0,1.0,336.0,2.0,2.0,0.0,158.0,0.0,102.0,0.0,0.0,0.0,4.0,4.0,0.0,10.0,2008.0,118500.0,1.0,0.0,1.0,0.0,0.0,0.0,0.0,0.0,0.8356164383561644,0.02945205479452055,0.06917808219178082,0.09863013698630137,0.7883561643835616,0.1541095890410959,0.863013698630137,0.9897260273972602,0.7205479452054795,0.7815068493150685,0.9821917808219178,0.1506849315068493,0.14657534246575343,0.43424657534246575,0.9780821917808219,0.914324880054832,0.28063814358230604
577,52.0,6292.0,0.0,0.0,0.0,1.0,7.0,7.0,1928.0,1950.0,0.0,2.0,2.0,2.0,2.0,3.0,5.0,0.0,5.0,0.0,861.0,861.0,1.0,877.0,600.0,0.0,1477.0,3.0,1.0,2.0,6.0,0.0,1.0,1.0,2.5,1928.0,2.0,1.0,216.0,2.0,2.0,0.0,0.0,50.0,0.0,0.0,0.0,0.0,4.0,4.0,0.0,8.0,2009.0,145000.0,1.0,0.0,1.0,0.0,0.0,0.0,0.0,0.0,0.8356164383561644,0.8678082191780822,0.8205479452054795,0.09863013698630137,0.7883561643835616,0.017123287671232876,0.863013698630137,0.9897260273972602,0.7205479452054795,0.7815068493150685,0.9821917808219178,0.1410958904109589,0.13493150684931507,0.1,0.9780821917808219,0.914324880054832,0.28063814358230604
578,96.0,11777.0,1.0,0.0,0.0,7.0,5.0,6.0,1966.0,1966.0,97.0,2.0,2.0,2.0,2.0,1.0,4.0,328.0,1.0,551.0,285.0,1164.0,0.0,1320.0,0.0,0.0,1320.0,3.0,1.0,2.0,6.0,0.0,2.0,3.0,2.0,1966.0,1.0,2.0,564.0,2.0,2.0,0.0,160.0,68.0,240.0,0.0,0.0,0.0,4.0,4.0,0.0,5.0,2006.0,164500.0,1.0,0.0,1.0,1.0,0.0,0.0,0.0,0.0,0.8356164383561644,0.8678082191780822,0.06917808219178082,0.03972602739726028,0.7883561643835616,0.050684931506849315,0.863013698630137,0.9897260273972602,0.7205479452054795,0.7815068493150685,0.9821917808219178,0.3527397260273973,0.3452054794520548,0.43424657534246575,0.9780821917808219,0.914324880054832,0.630891950688905
579,34.0,3604.0,0.0,0.0,0.0,3.0,7.0,5.0,2007.0,2007.0,0.0,1.0,2.0,1.0,2.0,3.0,5.0,0.0,5.0,0.0,689.0,689.0,0.0,703.0,689.0,0.0,1392.0,2.0,1.0,1.0,5.0,0.0,0.0,5.0,2.0,2007.0,2.0,2.0,540.0,2.0,2.0,0.0,0.0,102.0,0.0,0.0,0.0,0.0,4.0,4.0,0.0,2.0,2008.0,146000.0,1.0,1.0,1.0,0.0,0.0,0.0,0.0,0.0,0.07808219178082192,0.8678082191780822,0.06917808219178082,0.04315068493150685,0.04452054794520548,0.0589041095890411,0.863013698630137,0.9897260273972602,0.18013698630136987,0.7815068493150685,0.9821917808219178,0.3527397260273973,0.3452054794520548,0.44315068493150683,0.9780821917808219,0.914324880054832,0.28063814358230604
580,81.0,12150.0,0.0,0.0,0.0,1.0,5.0,5.0,1954.0,1954.0,335.0,2.0,2.0,2.0,2.0,3.0,5.0,0.0,5.0,0.0,1050.0,1050.0,0.0,1050.0,745.0,0.0,1795.0,4.0,1.0,2.0,7.0,0.0,0.0,5.0,2.0,1954.0,2.0,1.0,352.0,3.0,2.0,0.0,0.0,0.0,0.0,0.0,0.0,0.0,4.0,4.0,0.0,11.0,2008.0,131500.0,1.0,0.0,0.0,1.0,0.0,0.0,0.0,0.0,0.8356164383561644,0.8678082191780822,0.8205479452054795,0.09863013698630137,0.14931506849315068,0.0773972602739726,0.863013698630137,0.9897260273972602,0.7205479452054795,0.7815068493150685,0.9821917808219178,0.1506849315068493,0.14657534246575343,0.1,0.9780821917808219,0.018505825908156272,0.630891950688905
581,62.0,14585.0,1.0,0.0,0.0,0.0,6.0,6.0,1960.0,1987.0,85.0,2.0,2.0,2.0,2.0,3.0,2.0,594.0,3.0,219.0,331.0,1144.0,0.0,1429.0,0.0,0.0,1429.0,3.0,1.0,1.0,7.0,0.0,2.0,1.0,1.5,1960.0,2.0,2.0,572.0,2.0,2.0,0.0,216.0,110.0,0.0,0.0,0.0,0.0,4.0,4.0,0.0,6.0,2007.0,181900.0,1.0,0.0,1.0,1.0,0.0,0.0,0.0,0.0,0.8356164383561644,0.8678082191780822,0.8205479452054795,0.36712328767123287,0.7883561643835616,0.1541095890410959,0.863013698630137,0.9897260273972602,0.06438356164383562,0.7815068493150685,0.9821917808219178,0.1410958904109589,0.13493150684931507,0.43424657534246575,0.9780821917808219,0.914324880054832,0.630891950688905
582,98.0,12704.0,0.0,0.0,0.0,0.0,8.0,5.0,2008.0,2009.0,306.0,0.0,2.0,0.0,2.0,3.0,5.0,0.0,5.0,0.0,2042.0,2042.0,0.0,2042.0,0.0,0.0,2042.0,3.0,1.0,0.0,8.0,0.0,1.0,1.0,2.5,2009.0,1.0,3.0,1390.0,2.0,2.0,0.0,0.0,90.0,0.0,0.0,0.0,0.0,4.0,4.0,0.0,8.0,2009.0,253293.0,1.0,0.0,1.0,1.0,0.0,0.0,0.0,0.0,0.8356164383561644,0.08356164383561644,0.08561643835616438,0.36712328767123287,0.7883561643835616,0.05273972602739726,0.863013698630137,0.9897260273972602,0.7205479452054795,0.1958904109589041,0.9821917808219178,0.3527397260273973,0.3452054794520548,0.44315068493150683,0.9780821917808219,0.914324880054832,0.630891950688905
583,81.0,11841.0,0.0,0.0,0.0,6.0,6.0,5.0,1990.0,1990.0,104.0,2.0,1.0,1.0,2.0,1.0,0.0,816.0,5.0,0.0,0.0,816.0,2.0,816.0,0.0,0.0,816.0,3.0,1.0,2.0,5.0,0.0,0.0,5.0,2.0,1971.2,3.0,0.0,0.0,5.0,5.0,0.0,0.0,32.0,0.0,0.0,0.0,0.0,4.0,4.0,0.0,5.0,2007.0,118500.0,0.0,0.0,1.0,1.0,0.0,0.0,0.0,0.0,0.03561643835616438,0.8678082191780822,0.8205479452054795,0.03561643835616438,0.7883561643835616,0.0684931506849315,0.863013698630137,0.9897260273972602,0.7205479452054795,0.7815068493150685,0.9821917808219178,0.15205479452054796,0.14178082191780822,0.43424657534246575,0.9780821917808219,0.914324880054832,0.3506889050036258
584,75.0,13500.0,0.0,0.0,0.0,5.0,10.0,9.0,1893.0,2000.0,0.0,0.0,0.0,2.0,2.0,3.0,5.0,0.0,5.0,0.0,1237.0,1237.0,1.0,1521.0,1254.0,0.0,2775.0,3.0,1.0,1.0,9.0,0.0,1.0,1.0,3.5,1988.0,2.0,2.0,880.0,1.0,2.0,0.0,105.0,502.0,0.0,0.0,0.0,0.0,4.0,4.0,0.0,7.0,2008.0,325000.0,1.0,0.0,1.0,0.0,0.0,0.0,0.0,0.0,0.8356164383561644,0.8678082191780822,0.8205479452054795,0.010958904109589041,0.14931506849315068,0.0773972602739726,0.03287671232876712,0.0006849315068493151,0.7205479452054795,0.7815068493150685,0.9821917808219178,0.1410958904109589,0.13493150684931507,0.1,0.9780821917808219,0.914324880054832,0.28063814358230604
585,51.0,6120.0,0.0,0.0,0.0,1.0,4.0,7.0,1935.0,1995.0,0.0,2.0,2.0,2.0,2.0,3.0,5.0,0.0,5.0,0.0,884.0,884.0,0.0,989.0,584.0,0.0,1573.0,3.0,1.0,1.0,6.0,0.0,0.0,5.0,1.0,1935.0,2.0,1.0,240.0,2.0,2.0,0.0,0.0,0.0,54.0,0.0,120.0,0.0,4.0,4.0,0.0,7.0,2009.0,133000.0,1.0,0.0,1.0,0.0,0.0,0.0,0.0,0.0,0.8356164383561644,0.8678082191780822,0.8205479452054795,0.09863013698630137,0.14931506849315068,0.03972602739726028,0.863013698630137,0.9897260273972602,0.7205479452054795,0.7815068493150685,0.9821917808219178,0.0136986301369863,0.0136986301369863,0.1,0.9780821917808219,0.914324880054832,0.28063814358230604
586,88.0,11443.0,0.0,0.0,0.0,0.0,8.0,5.0,2005.0,2006.0,208.0,1.0,2.0,0.0,2.0,0.0,0.0,1460.0,5.0,0.0,408.0,1868.0,0.0,2028.0,0.0,0.0,2028.0,2.0,1.0,1.0,7.0,0.0,2.0,1.0,3.0,2005.0,1.0,3.0,880.0,2.0,2.0,0.0,326.0,66.0,0.0,0.0,0.0,0.0,4.0,4.0,0.0,3.0,2006.0,369900.0,1.0,0.0,1.0,1.0,0.0,0.0,0.0,0.0,0.8356164383561644,0.08356164383561644,0.08561643835616438,0.36712328767123287,0.7883561643835616,0.026027397260273973,0.863013698630137,0.9897260273972602,0.7205479452054795,0.1958904109589041,0.9821917808219178,0.3527397260273973,0.3452054794520548,0.44315068493150683,0.9780821917808219,0.914324880054832,0.630891950688905
587,55.0,10267.0,0.0,0.0,0.0,0.0,6.0,7.0,1918.0,2000.0,0.0,2.0,1.0,2.0,1.0,2.0,3.0,210.0,1.0,606.0,0.0,816.0,0.0,838.0,0.0,0.0,838.0,2.0,1.0,3.0,5.0,0.0,0.0,5.0,2.0,1961.0,0.0,1.0,275.0,2.0,2.0,2.0,0.0,0.0,112.0,0.0,0.0,0.0,4.0,3.0,0.0,5.0,2008.0,130000.0,1.0,0.0,1.0,0.0,0.0,0.0,0.0,0.0,0.8356164383561644,0.8678082191780822,0.8205479452054795,0.04726027397260274,0.7883561643835616,0.03972602739726028,0.01780821917808219,0.9897260273972602,0.7205479452054795,0.7815068493150685,0.9821917808219178,0.017123287671232876,0.026027397260273973,0.1,0.9780821917808219,0.914324880054832,0.28063814358230604
588,74.0,8740.0,1.0,0.0,0.0,6.0,5.0,6.0,1982.0,1982.0,0.0,2.0,2.0,2.0,2.0,1.0,1.0,672.0,5.0,0.0,168.0,840.0,2.0,860.0,0.0,0.0,860.0,2.0,1.0,2.0,4.0,0.0,0.0,5.0,2.0,1996.0,2.0,2.0,528.0,2.0,2.0,0.0,0.0,0.0,0.0,0.0,0.0,0.0,4.0,4.0,0.0,7.0,2009.0,137000.0,1.0,0.0,1.0,0.0,0.0,0.0,0.0,0.0,0.8356164383561644,0.8678082191780822,0.8205479452054795,0.0136986301369863,0.7883561643835616,0.050684931506849315,0.863013698630137,0.9897260273972602,0.7205479452054795,0.1958904109589041,0.9821917808219178,0.15205479452054796,0.14178082191780822,0.43424657534246575,0.9780821917808219,0.914324880054832,0.28063814358230604
589,65.0,25095.0,1.0,3.0,2.0,0.0,5.0,8.0,1968.0,2003.0,0.0,2.0,2.0,2.0,2.0,0.0,0.0,1324.0,5.0,0.0,113.0,1437.0,0.0,1473.0,0.0,0.0,1473.0,1.0,1.0,0.0,5.0,0.0,2.0,1.0,3.0,1968.0,2.0,1.0,452.0,2.0,2.0,0.0,0.0,48.0,0.0,0.0,60.0,0.0,4.0,4.0,0.0,6.0,2009.0,143000.0,1.0,0.0,1.0,0.0,0.0,0.0,0.0,0.0,0.8356164383561644,0.8678082191780822,0.08561643835616438,0.36712328767123287,0.7883561643835616,0.019178082191780823,0.863013698630137,0.9897260273972602,0.7205479452054795,0.008904109589041096,0.007534246575342466,0.1410958904109589,0.13493150684931507,0.43424657534246575,0.9780821917808219,0.914324880054832,0.630891950688905
590,50.0,9100.0,0.0,0.0,0.0,0.0,5.0,6.0,1930.0,1960.0,0.0,2.0,2.0,2.0,2.0,3.0,5.0,0.0,5.0,0.0,742.0,742.0,2.0,779.0,0.0,156.0,935.0,2.0,1.0,2.0,4.0,0.0,0.0,5.0,1.0,1988.0,2.0,1.0,308.0,2.0,2.0,1.0,0.0,0.0,0.0,0.0,0.0,0.0,4.0,4.0,600.0,8.0,2008.0,79500.0,1.0,0.0,1.0,0.0,0.0,0.0,1.0,0.0,0.8356164383561644,0.8678082191780822,0.8205479452054795,0.0027397260273972603,0.14931506849315068,0.03972602739726028,0.01780821917808219,0.00410958904109589,0.7205479452054795,0.7815068493150685,0.9821917808219178,0.3527397260273973,0.3452054794520548,0.1,0.9780821917808219,0.06442769019876628,0.28063814358230604
591,64.0,8320.0,0.0,0.0,0.0,3.0,7.0,5.0,2004.0,2004.0,0.0,1.0,2.0,1.0,2.0,3.0,0.0,490.0,5.0,0.0,280.0,770.0,0.0,770.0,812.0,0.0,1582.0,3.0,1.0,1.0,6.0,0.0,0.0,5.0,2.5,2004.0,1.0,2.0,520.0,2.0,2.0,0.0,0.0,45.0,0.0,0.0,0.0,0.0,4.0,4.0,0.0,9.0,2008.0,185900.0,1.0,0.0,1.0,0.0,0.0,0.0,0.0,0.0,0.8356164383561644,0.8678082191780822,0.8205479452054795,0.2047945205479452,0.7883561643835616,0.10273972602739725,0.863013698630137,0.9897260273972602,0.7205479452054795,0.7815068493150685,0.9821917808219178,0.3527397260273973,0.3452054794520548,0.44315068493150683,0.9780821917808219,0.914324880054832,0.630891950688905
592,97.0,13478.0,1.0,0.0,0.0,3.0,10.0,5.0,2008.0,2008.0,420.0,0.0,2.0,0.0,2.0,0.0,0.0,1338.0,5.0,0.0,384.0,1722.0,0.0,1728.0,568.0,0.0,2296.0,3.0,1.0,0.0,10.0,0.0,1.0,1.0,3.5,2008.0,1.0,3.0,842.0,2.0,2.0,0.0,382.0,274.0,0.0,0.0,0.0,0.0,4.0,4.0,0.0,6.0,2009.0,451950.0,1.0,0.0,1.0,0.0,1.0,0.0,0.0,0.0,0.8356164383561644,0.003424657534246575,0.8205479452054795,0.2047945205479452,0.7883561643835616,0.05273972602739726,0.863013698630137,0.9897260273972602,0.18013698630136987,0.7815068493150685,0.9821917808219178,0.04178082191780822,0.0410958904109589,0.44315068493150683,0.9780821917808219,0.914324880054832,0.06381435823060189
593,60.0,6600.0,0.0,0.0,0.0,0.0,5.0,8.0,1982.0,2003.0,0.0,2.0,1.0,2.0,1.0,3.0,0.0,816.0,5.0,0.0,0.0,816.0,0.0,816.0,0.0,0.0,816.0,2.0,1.0,2.0,4.0,0.0,0.0,5.0,2.0,1985.0,0.0,2.0,816.0,2.0,2.0,0.0,0.0,0.0,0.0,0.0,0.0,0.0,4.0,4.0,0.0,6.0,2008.0,138000.0,1.0,0.0,1.0,0.0,0.0,0.0,0.0,0.0,0.8356164383561644,0.8678082191780822,0.8205479452054795,0.36712328767123287,0.7883561643835616,0.03356164383561644,0.863013698630137,0.9897260273972602,0.7205479452054795,0.7815068493150685,0.9821917808219178,0.15205479452054796,0.14178082191780822,0.44315068493150683,0.9780821917808219,0.914324880054832,0.28063814358230604
594,51.4,4435.0,0.0,0.0,0.0,0.0,6.0,5.0,2003.0,2003.0,170.0,1.0,2.0,1.0,2.0,1.0,0.0,685.0,5.0,0.0,163.0,848.0,0.0,848.0,0.0,0.0,848.0,1.0,1.0,1.0,4.0,0.0,0.0,5.0,2.0,2003.0,0.0,2.0,420.0,2.0,2.0,0.0,140.0,0.0,0.0,0.0,0.0,0.0,4.0,4.0,0.0,5.0,2009.0,140000.0,1.0,0.0,1.0,1.0,0.0,0.0,0.0,0.0,0.07808219178082192,0.8678082191780822,0.8205479452054795,0.05958904109589041,0.14931506849315068,0.10273972602739725,0.863013698630137,0.9897260273972602,0.7205479452054795,0.7815068493150685,0.9821917808219178,0.3527397260273973,0.3452054794520548,0.44315068493150683,0.9780821917808219,0.914324880054832,0.630891950688905
595,88.0,7990.0,1.0,0.0,0.0,0.0,5.0,6.0,1975.0,1975.0,0.0,2.0,2.0,1.0,2.0,3.0,5.0,0.0,5.0,0.0,924.0,924.0,2.0,924.0,0.0,0.0,924.0,3.0,1.0,2.0,5.0,0.0,0.0,5.0,1.0,1981.0,2.0,1.0,280.0,2.0,2.0,0.0,0.0,0.0,0.0,0.0,0.0,0.0,4.0,1.0,0.0,4.0,2008.0,110000.0,1.0,0.0,1.0,0.0,0.0,0.0,0.0,0.0,0.8356164383561644,0.8678082191780822,0.8205479452054795,0.36712328767123287,0.7883561643835616,0.10273972602739725,0.863013698630137,0.9897260273972602,0.7205479452054795,0.1958904109589041,0.9821917808219178,0.15205479452054796,0.14178082191780822,0.43424657534246575,0.9780821917808219,0.914324880054832,0.28063814358230604
596,69.0,11302.0,1.0,0.0,0.0,0.0,8.0,5.0,2005.0,2006.0,238.0,1.0,2.0,1.0,2.0,0.0,0.0,1422.0,5.0,0.0,392.0,1814.0,0.0,1826.0,0.0,0.0,1826.0,3.0,1.0,1.0,7.0,0.0,1.0,2.0,3.0,2005.0,0.0,3.0,758.0,2.0,2.0,0.0,180.0,75.0,0.0,0.0,120.0,0.0,4.0,4.0,0.0,8.0,2006.0,319000.0,1.0,0.0,1.0,1.0,0.0,0.0,0.0,0.0,0.8356164383561644,0.08356164383561644,0.08561643835616438,0.36712328767123287,0.7883561643835616,0.017123287671232876,0.863013698630137,0.9897260273972602,0.7205479452054795,0.7815068493150685,0.9821917808219178,0.3527397260273973,0.0006849315068493151,0.44315068493150683,0.9780821917808219,0.914324880054832,0.630891950688905
597,60.0,3600.0,0.0,0.0,0.0,3.0,6.0,7.0,1910.0,1993.0,0.0,2.0,2.0,2.0,2.0,3.0,5.0,0.0,5.0,0.0,684.0,684.0,0.0,684.0,684.0,0.0,1368.0,3.0,1.0,2.0,7.0,0.0,0.0,5.0,1.0,1930.0,2.0,1.0,216.0,2.0,3.0,2.0,0.0,158.0,0.0,0.0,0.0,0.0,4.0,4.0,0.0,10.0,2006.0,114504.0,1.0,0.0,0.0,0.0,0.0,0.0,0.0,0.0,0.8356164383561644,0.8678082191780822,0.8205479452054795,0.0410958904109589,0.14931506849315068,0.0773972602739726,0.863013698630137,0.9897260273972602,0.7205479452054795,0.7815068493150685,0.9821917808219178,0.3527397260273973,0.3452054794520548,0.43424657534246575,0.9780821917808219,0.06442769019876628,0.28063814358230604
598,53.0,3922.0,0.0,0.0,0.0,0.0,7.0,5.0,2006.0,2007.0,72.0,1.0,2.0,0.0,2.0,1.0,5.0,0.0,5.0,0.0,1258.0,1258.0,0.0,1402.0,0.0,0.0,1402.0,2.0,1.0,1.0,7.0,0.0,1.0,1.0,2.0,2006.0,0.0,3.0,648.0,2.0,2.0,0.0,120.0,16.0,0.0,0.0,0.0,0.0,4.0,4.0,0.0,2.0,2007.0,194201.0,1.0,0.0,1.0,1.0,0.0,0.0,0.0,0.0,0.07808219178082192,0.08356164383561644,0.08561643835616438,0.05958904109589041,0.7883561643835616,0.011643835616438357,0.863013698630137,0.9897260273972602,0.7205479452054795,0.7815068493150685,0.9821917808219178,0.3527397260273973,0.3452054794520548,0.44315068493150683,0.9780821917808219,0.914324880054832,0.630891950688905
599,80.0,12984.0,0.0,1.0,0.0,0.0,5.0,6.0,1977.0,1977.0,459.0,2.0,2.0,1.0,2.0,2.0,1.0,1283.0,4.0,147.0,0.0,1430.0,0.0,1647.0,0.0,0.0,1647.0,3.0,1.0,1.0,7.0,0.0,1.0,2.0,3.0,1977.0,0.0,2.0,621.0,2.0,2.0,0.0,0.0,0.0,0.0,0.0,0.0,0.0,4.0,4.0,0.0,3.0,2006.0,217500.0,1.0,0.0,1.0,1.0,0.0,0.0,0.0,0.0,0.8356164383561644,0.8678082191780822,0.8205479452054795,0.36712328767123287,0.7883561643835616,0.03493150684931507,0.863013698630137,0.9897260273972602,0.7205479452054795,0.7815068493150685,0.9821917808219178,0.07397260273972603,0.09726027397260274,0.43424657534246575,0.9780821917808219,0.914324880054832,0.630891950688905
600,24.0,1950.0,0.0,0.0,0.0,3.0,6.0,6.0,1980.0,1980.0,0.0,2.0,1.0,1.0,2.0,3.0,4.0,81.0,0.0,612.0,23.0,716.0,2.0,716.0,840.0,0.0,1556.0,3.0,1.0,2.0,6.0,0.0,1.0,2.0,3.5,1980.0,0.0,2.0,452.0,2.0,2.0,0.0,161.0,0.0,0.0,0.0,0.0,0.0,4.0,0.0,0.0,7.0,2008.0,151000.0,1.0,0.0,1.0,0.0,0.0,0.0,0.0,0.0,0.02945205479452055,0.02945205479452055,0.8205479452054795,0.04315068493150685,0.14931506849315068,0.0013698630136986301,0.863013698630137,0.9897260273972602,0.7205479452054795,0.7815068493150685,0.9821917808219178,0.1506849315068493,0.14657534246575343,0.43424657534246575,0.9780821917808219,0.914324880054832,0.630891950688905
601,74.0,10927.0,0.0,0.0,0.0,3.0,8.0,5.0,2005.0,2005.0,280.0,1.0,2.0,1.0,2.0,1.0,0.0,546.0,5.0,0.0,512.0,1058.0,0.0,1058.0,846.0,0.0,1904.0,3.0,1.0,0.0,8.0,0.0,1.0,1.0,3.5,2003.0,0.0,2.0,736.0,2.0,2.0,0.0,179.0,60.0,0.0,0.0,0.0,0.0,4.0,4.0,0.0,6.0,2006.0,275000.0,1.0,0.0,1.0,1.0,0.0,0.0,0.0,0.0,0.8356164383561644,0.8678082191780822,0.8205479452054795,0.2047945205479452,0.7883561643835616,0.05273972602739726,0.863013698630137,0.9897260273972602,0.7205479452054795,0.7815068493150685,0.9821917808219178,0.3527397260273973,0.3452054794520548,0.44315068493150683,0.9780821917808219,0.914324880054832,0.06381435823060189
602,50.0,9000.0,0.0,1.0,0.0,1.0,6.0,6.0,1937.0,1950.0,0.0,2.0,1.0,2.0,2.0,3.0,5.0,0.0,5.0,0.0,780.0,780.0,2.0,780.0,595.0,0.0,1375.0,3.0,1.0,1.0,6.0,0.0,1.0,1.0,1.5,1979.0,2.0,1.0,544.0,2.0,2.0,1.0,0.0,162.0,0.0,0.0,126.0,0.0,4.0,4.0,0.0,12.0,2007.0,141000.0,1.0,0.0,1.0,0.0,0.0,0.0,0.0,0.0,0.8356164383561644,0.8678082191780822,0.8205479452054795,0.09863013698630137,0.14931506849315068,0.025342465753424658,0.863013698630137,0.9897260273972602,0.7205479452054795,0.7815068493150685,0.9821917808219178,0.1410958904109589,0.13493150684931507,0.44315068493150683,0.9780821917808219,0.914324880054832,0.28063814358230604
603,80.0,10041.0,1.0,0.0,0.0,3.0,8.0,5.0,1992.0,1992.0,0.0,1.0,2.0,1.0,2.0,2.0,0.0,789.0,5.0,0.0,119.0,908.0,0.0,927.0,988.0,0.0,1915.0,3.0,1.0,1.0,8.0,0.0,1.0,2.0,3.5,1992.0,0.0,2.0,506.0,2.0,2.0,0.0,120.0,150.0,0.0,0.0,0.0,0.0,4.0,4.0,0.0,2.0,2006.0,220000.0,1.0,0.0,1.0,0.0,0.0,0.0,0.0,0.0,0.8356164383561644,0.8678082191780822,0.06917808219178082,0.2047945205479452,0.7883561643835616,0.04041095890410959,0.863013698630137,0.9897260273972602,0.7205479452054795,0.7815068493150685,0.9821917808219178,0.15205479452054796,0.14178082191780822,0.44315068493150683,0.9780821917808219,0.914324880054832,0.630891950688905
604,30.0,3182.0,0.0,0.0,0.0,3.0,7.0,5.0,2004.0,2005.0,0.0,1.0,2.0,1.0,2.0,3.0,5.0,0.0,5.0,0.0,600.0,600.0,0.0,600.0,600.0,0.0,1200.0,2.0,1.0,1.0,4.0,0.0,0.0,5.0,2.5,2004.0,1.0,2.0,480.0,2.0,2.0,0.0,0.0,172.0,0.0,0.0,0.0,0.0,4.0,4.0,0.0,6.0,2010.0,151000.0,1.0,1.0,1.0,0.0,0.0,0.0,0.0,0.0,0.07808219178082192,0.8678082191780822,0.8205479452054795,0.04315068493150685,0.04452054794520548,0.0589041095890411,0.863013698630137,0.9897260273972602,0.7205479452054795,0.7815068493150685,0.9821917808219178,0.1506849315068493,0.14657534246575343,0.44315068493150683,0.9780821917808219,0.914324880054832,0.28063814358230604
605,88.0,12803.0,1.0,0.0,0.0,0.0,7.0,5.0,2002.0,2002.0,99.0,1.0,2.0,1.0,2.0,2.0,0.0,922.0,5.0,0.0,572.0,1494.0,0.0,1494.0,0.0,0.0,1494.0,3.0,1.0,1.0,6.0,0.0,1.0,2.0,3.0,2002.0,1.0,2.0,530.0,2.0,2.0,0.0,192.0,36.0,0.0,0.0,0.0,0.0,4.0,4.0,0.0,9.0,2008.0,221000.0,1.0,0.0,1.0,1.0,0.0,0.0,0.0,0.0,0.8356164383561644,0.8678082191780822,0.8205479452054795,0.36712328767123287,0.7883561643835616,0.10273972602739725,0.863013698630137,0.9897260273972602,0.7205479452054795,0.7815068493150685,0.9821917808219178,0.3527397260273973,0.3452054794520548,0.44315068493150683,0.9780821917808219,0.914324880054832,0.630891950688905
606,85.0,13600.0,0.0,0.0,0.0,3.0,7.0,6.0,1965.0,1990.0,176.0,2.0,2.0,2.0,2.0,3.0,2.0,454.0,5.0,0.0,314.0,768.0,2.0,1186.0,800.0,0.0,1986.0,3.0,1.0,2.0,7.0,0.0,3.0,3.0,2.5,1965.0,2.0,2.0,486.0,2.0,2.0,0.0,0.0,42.0,0.0,0.0,189.0,0.0,4.0,4.0,0.0,10.0,2009.0,205000.0,1.0,0.0,1.0,1.0,0.0,0.0,0.0,0.0,0.8356164383561644,0.8678082191780822,0.8205479452054795,0.2047945205479452,0.7883561643835616,0.1541095890410959,0.863013698630137,0.9897260273972602,0.7205479452054795,0.7815068493150685,0.9821917808219178,0.15205479452054796,0.14178082191780822,0.43424657534246575,0.9780821917808219,0.914324880054832,0.630891950688905
607,82.0,12464.0,2.0,3.0,1.0,0.0,5.0,5.0,1996.0,1996.0,0.0,2.0,1.0,1.0,2.0,3.0,0.0,732.0,5.0,0.0,308.0,1040.0,1.0,1040.0,0.0,0.0,1040.0,3.0,1.0,1.0,6.0,0.0,0.0,5.0,2.0,2000.0,2.0,2.0,576.0,2.0,2.0,0.0,168.0,0.0,0.0,0.0,0.0,0.0,4.0,0.0,0.0,11.0,2009.0,152000.0,1.0,0.0,1.0,0.0,0.0,0.0,0.0,0.0,0.8356164383561644,0.8678082191780822,0.8205479452054795,0.36712328767123287,0.7883561643835616,0.10273972602739725,0.863013698630137,0.9897260273972602,0.18013698630136987,0.7815068493150685,0.9821917808219178,0.3527397260273973,0.3452054794520548,0.44315068493150683,0.9780821917808219,0.914324880054832,0.28063814358230604
608,78.0,7800.0,0.0,1.0,1.0,3.0,5.0,8.0,1948.0,2002.0,0.0,2.0,1.0,2.0,1.0,3.0,0.0,603.0,5.0,0.0,293.0,896.0,0.0,1112.0,896.0,0.0,2008.0,3.0,1.0,0.0,8.0,0.0,0.0,5.0,4.0,1948.0,2.0,1.0,230.0,2.0,2.0,0.0,103.0,0.0,0.0,0.0,0.0,0.0,4.0,4.0,0.0,8.0,2006.0,225000.0,1.0,0.0,1.0,0.0,0.0,0.0,0.0,0.0,0.8356164383561644,0.8678082191780822,0.8205479452054795,0.36712328767123287,0.7883561643835616,0.0684931506849315,0.863013698630137,0.9897260273972602,0.7205479452054795,0.7815068493150685,0.9821917808219178,0.1506849315068493,0.14657534246575343,0.43424657534246575,0.9780821917808219,0.914324880054832,0.630891950688905
609,78.0,12168.0,0.0,2.0,1.0,3.0,8.0,6.0,1934.0,1998.0,0.0,2.0,2.0,1.0,2.0,2.0,2.0,428.0,5.0,0.0,537.0,965.0,2.0,1940.0,1254.0,0.0,3194.0,4.0,1.0,2.0,10.0,0.0,2.0,1.0,2.5,1934.0,2.0,2.0,380.0,2.0,2.0,0.0,0.0,0.0,0.0,0.0,0.0,0.0,4.0,4.0,0.0,9.0,2007.0,359100.0,1.0,0.0,1.0,0.0,0.0,0.0,0.0,0.0,0.8356164383561644,0.8678082191780822,0.00821917808219178,0.0410958904109589,0.7883561643835616,0.03493150684931507,0.863013698630137,0.9897260273972602,0.7205479452054795,0.7815068493150685,0.9821917808219178,0.03424657534246575,0.13493150684931507,0.44315068493150683,0.9780821917808219,0.914324880054832,0.013778100072516316
610,61.0,7943.0,0.0,0.0,0.0,0.0,4.0,5.0,1961.0,1961.0,192.0,2.0,3.0,2.0,2.0,2.0,3.0,903.0,5.0,0.0,126.0,1029.0,1.0,1029.0,0.0,0.0,1029.0,3.0,1.0,2.0,5.0,0.0,0.0,5.0,2.0,1961.0,2.0,1.0,261.0,2.0,2.0,0.0,64.0,0.0,39.0,0.0,0.0,0.0,4.0,4.0,0.0,4.0,2007.0,118500.0,1.0,0.0,1.0,0.0,0.0,0.0,0.0,0.0,0.8356164383561644,0.8678082191780822,0.8205479452054795,0.36712328767123287,0.7883561643835616,0.050684931506849315,0.05547945205479452,0.9897260273972602,0.7205479452054795,0.7815068493150685,0.9821917808219178,0.3527397260273973,0.3452054794520548,0.43424657534246575,0.9780821917808219,0.914324880054832,0.630891950688905
611,82.8,11050.0,0.0,0.0,0.0,3.0,9.0,5.0,2000.0,2000.0,204.0,1.0,2.0,0.0,2.0,2.0,0.0,904.0,5.0,0.0,536.0,1440.0,0.0,1476.0,677.0,0.0,2153.0,3.0,1.0,0.0,8.0,0.0,2.0,0.0,3.5,2000.0,0.0,3.0,736.0,2.0,2.0,0.0,253.0,142.0,0.0,0.0,0.0,0.0,4.0,4.0,0.0,5.0,2009.0,313000.0,1.0,0.0,1.0,1.0,0.0,0.0,0.0,0.0,0.8356164383561644,0.8678082191780822,0.8205479452054795,0.2047945205479452,0.7883561643835616,0.10273972602739725,0.013013698630136987,0.9897260273972602,0.7205479452054795,0.1958904109589041,0.9821917808219178,0.3527397260273973,0.3452054794520548,0.44315068493150683,0.9780821917808219,0.914324880054832,0.630891950688905
612,75.4,10395.0,1.0,0.0,0.0,7.0,6.0,6.0,1978.0,1978.0,233.0,2.0,2.0,1.0,2.0,1.0,1.0,605.0,5.0,0.0,427.0,1032.0,2.0,1032.0,0.0,0.0,1032.0,3.0,1.0,2.0,6.0,0.0,1.0,2.0,2.5,1978.0,2.0,2.0,564.0,2.0,2.0,0.0,0.0,0.0,0.0,0.0,0.0,0.0,4.0,1.0,500.0,7.0,2007.0,148000.0,1.0,0.0,1.0,1.0,0.0,0.0,1.0,0.0,0.8356164383561644,0.8678082191780822,0.8205479452054795,0.03972602739726028,0.7883561643835616,0.05,0.863013698630137,0.9897260273972602,0.03219178082191781,0.7815068493150685,0.9821917808219178,0.15205479452054796,0.14178082191780822,0.43424657534246575,0.9780821917808219,0.914324880054832,0.630891950688905
613,81.2,11885.0,0.0,0.0,0.0,3.0,8.0,5.0,2001.0,2001.0,108.0,1.0,2.0,1.0,2.0,1.0,0.0,990.0,5.0,0.0,309.0,1299.0,0.0,1299.0,573.0,0.0,1872.0,3.0,1.0,0.0,7.0,0.0,1.0,2.0,3.5,2001.0,1.0,2.0,531.0,2.0,2.0,0.0,160.0,122.0,0.0,0.0,0.0,0.0,4.0,4.0,0.0,11.0,2009.0,261500.0,1.0,0.0,1.0,1.0,0.0,0.0,0.0,0.0,0.8356164383561644,0.8678082191780822,0.8205479452054795,0.2047945205479452,0.7883561643835616,0.10273972602739725,0.863013698630137,0.9897260273972602,0.7205479452054795,0.7815068493150685,0.9821917808219178,0.3527397260273973,0.3452054794520548,0.44315068493150683,0.9780821917808219,0.914324880054832,0.06381435823060189
614,70.0,8402.0,0.0,0.0,0.0,0.0,5.0,5.0,2007.0,2007.0,0.0,2.0,2.0,1.0,2.0,3.0,1.0,206.0,5.0,0.0,914.0,1120.0,0.0,1120.0,0.0,0.0,1120.0,3.0,1.0,2.0,6.0,0.0,0.0,5.0,1.0,1978.2,3.0,0.0,0.0,5.0,5.0,0.0,0.0,30.0,0.0,0.0,0.0,0.0,4.0,4.0,0.0,12.0,2007.0,147000.0,1.0,0.0,1.0,0.0,0.0,0.0,0.0,0.0,0.8356164383561644,0.08356164383561644,0.08561643835616438,0.36712328767123287,0.7883561643835616,0.03356164383561644,0.05547945205479452,0.9897260273972602,0.7205479452054795,0.7815068493150685,0.9821917808219178,0.3527397260273973,0.3452054794520548,0.44315068493150683,0.9780821917808219,0.914324880054832,0.4907904278462654
615,21.0,1491.0,0.0,0.0,0.0,6.0,4.0,6.0,1972.0,1972.0,0.0,2.0,2.0,1.0,2.0,1.0,4.0,150.0,0.0,480.0,0.0,630.0,0.0,630.0,0.0,0.0,630.0,1.0,1.0,2.0,3.0,0.0,0.0,5.0,2.0,1958.0,3.0,0.0,0.0,5.0,5.0,0.0,96.0,24.0,0.0,0.0,0.0,0.0,4.0,4.0,0.0,5.0,2010.0,75500.0,1.0,0.0,1.0,0.0,0.0,0.0,0.0,0.0,0.07808219178082192,0.8678082191780822,0.8205479452054795,0.00684931506849315,0.14931506849315068,0.011643835616438357,0.863013698630137,0.9897260273972602,0.7205479452054795,0.7815068493150685,0.9821917808219178,0.04178082191780822,0.0410958904109589,0.43424657534246575,0.9780821917808219,0.914324880054832,0.5608411892675853
616,80.0,8800.0,0.0,0.0,0.0,6.0,6.0,7.0,1963.0,1963.0,156.0,2.0,1.0,2.0,2.0,0.0,0.0,763.0,5.0,0.0,173.0,936.0,0.0,1054.0,0.0,0.0,1054.0,3.0,1.0,1.0,6.0,0.0,0.0,5.0,2.0,1963.0,1.0,2.0,480.0,2.0,2.0,0.0,120.0,0.0,0.0,0.0,0.0,0.0,4.0,1.0,0.0,5.0,2010.0,137500.0,1.0,0.0,1.0,1.0,0.0,0.0,0.0,0.0,0.8356164383561644,0.8678082191780822,0.06917808219178082,0.0136986301369863,0.7883561643835616,0.1541095890410959,0.05547945205479452,0.9897260273972602,0.7205479452054795,0.7815068493150685,0.9821917808219178,0.1506849315068493,0.14657534246575343,0.44315068493150683,0.9780821917808219,0.914324880054832,0.630891950688905
617,63.8,7861.0,1.0,0.0,0.0,3.0,6.0,5.0,2002.0,2003.0,0.0,1.0,2.0,1.0,2.0,3.0,0.0,457.0,5.0,0.0,326.0,783.0,0.0,807.0,702.0,0.0,1509.0,3.0,1.0,1.0,7.0,0.0,1.0,1.0,3.5,2002.0,0.0,2.0,393.0,2.0,2.0,0.0,100.0,75.0,0.0,0.0,0.0,0.0,4.0,4.0,0.0,6.0,2006.0,183200.0,1.0,0.0,1.0,0.0,0.0,0.0,0.0,0.0,0.8356164383561644,0.8678082191780822,0.8205479452054795,0.2047945205479452,0.7883561643835616,0.05410958904109589,0.863013698630137,0.9897260273972602,0.7205479452054795,0.7815068493150685,0.9821917808219178,0.3527397260273973,0.3452054794520548,0.44315068493150683,0.9780821917808219,0.914324880054832,0.630891950688905
618,59.0,7227.0,0.0,2.0,1.0,2.0,6.0,6.0,1954.0,1954.0,0.0,2.0,2.0,2.0,2.0,3.0,5.0,0.0,5.0,0.0,832.0,832.0,1.0,832.0,0.0,0.0,832.0,2.0,1.0,1.0,4.0,0.0,0.0,5.0,1.0,1962.0,2.0,2.0,528.0,2.0,2.0,0.0,0.0,0.0,0.0,0.0,0.0,0.0,4.0,4.0,0.0,6.0,2008.0,105500.0,1.0,0.0,1.0,0.0,0.0,0.0,0.0,0.0,0.8356164383561644,0.8678082191780822,0.8205479452054795,0.00821917808219178,0.7883561643835616,0.1541095890410959,0.03287671232876712,0.9897260273972602,0.18013698630136987,0.7815068493150685,0.9821917808219178,0.1506849315068493,0.14657534246575343,0.43424657534246575,0.9780821917808219,0.914324880054832,0.28063814358230604
619,90.0,11694.0,0.0,0.0,0.0,0.0,9.0,5.0,2007.0,2007.0,452.0,0.0,2.0,0.0,2.0,1.0,0.0,48.0,5.0,0.0,1774.0,1822.0,0.0,1828.0,0.0,0.0,1828.0,3.0,1.0,1.0,9.0,0.0,1.0,1.0,2.0,2007.0,2.0,3.0,774.0,2.0,2.0,0.0,0.0,108.0,0.0,0.0,260.0,0.0,4.0,4.0,0.0,7.0,2007.0,314813.0,1.0,0.0,1.0,1.0,0.0,0.0,0.0,0.0,0.8356164383561644,0.08356164383561644,0.08561643835616438,0.36712328767123287,0.7883561643835616,0.05273972602739726,0.863013698630137,0.9897260273972602,0.7205479452054795,0.1958904109589041,0.9821917808219178,0.04178082191780822,0.0410958904109589,0.44315068493150683,0.9780821917808219,0.914324880054832,0.630891950688905
620,85.0,12244.0,0.0,0.0,0.0,3.0,8.0,5.0,2003.0,2003.0,226.0,1.0,2.0,1.0,2.0,0.0,0.0,871.0,5.0,0.0,611.0,1482.0,0.0,1482.0,780.0,0.0,2262.0,4.0,1.0,1.0,10.0,0.0,2.0,1.0,3.5,2003.0,0.0,3.0,749.0,2.0,2.0,0.0,168.0,0.0,0.0,0.0,0.0,0.0,4.0,4.0,0.0,8.0,2008.0,305000.0,1.0,0.0,1.0,0.0,1.0,0.0,0.0,0.0,0.8356164383561644,0.8678082191780822,0.8205479452054795,0.2047945205479452,0.7883561643835616,0.026027397260273973,0.863013698630137,0.9897260273972602,0.7205479452054795,0.1958904109589041,0.9821917808219178,0.3527397260273973,0.3452054794520548,0.44315068493150683,0.9780821917808219,0.914324880054832,0.630891950688905
621,45.0,8248.0,0.0,0.0,0.0,0.0,3.0,3.0,1914.0,1950.0,0.0,2.0,2.0,2.0,2.0,3.0,2.0,41.0,5.0,0.0,823.0,864.0,2.0,864.0,0.0,0.0,864.0,2.0,1.0,2.0,5.0,0.0,0.0,5.0,2.0,1937.8,3.0,0.0,0.0,5.0,5.0,2.0,0.0,0.0,100.0,0.0,0.0,0.0,4.0,4.0,0.0,9.0,2008.0,67000.0,1.0,0.0,0.0,0.0,0.0,0.0,0.0,0.0,0.8356164383561644,0.8678082191780822,0.8205479452054795,0.04726027397260274,0.7883561643835616,0.0684931506849315,0.863013698630137,0.9897260273972602,0.7205479452054795,0.7815068493150685,0.9821917808219178,0.017123287671232876,0.01780821917808219,0.1,0.9780821917808219,0.018505825908156272,0.28063814358230604
622,90.0,10800.0,0.0,0.0,0.0,3.0,6.0,7.0,1974.0,1997.0,0.0,2.0,2.0,2.0,2.0,3.0,1.0,956.0,3.0,182.0,384.0,1522.0,2.0,1548.0,1066.0,0.0,2614.0,4.0,1.0,2.0,9.0,0.0,1.0,2.0,2.5,1974.0,1.0,2.0,624.0,2.0,2.0,0.0,38.0,243.0,0.0,0.0,0.0,0.0,4.0,4.0,0.0,6.0,2008.0,240000.0,1.0,0.0,1.0,0.0,0.0,0.0,0.0,0.0,0.8356164383561644,0.8678082191780822,0.8205479452054795,0.2047945205479452,0.7883561643835616,0.05,0.863013698630137,0.9897260273972602,0.7205479452054795,0.7815068493150685,0.9821917808219178,0.15205479452054796,0.14178082191780822,0.43424657534246575,0.9780821917808219,0.914324880054832,0.630891950688905
623,71.0,7064.0,0.0,0.0,0.0,0.0,5.0,6.0,1977.0,1977.0,153.0,2.0,2.0,2.0,2.0,3.0,2.0,560.0,5.0,0.0,420.0,980.0,2.0,980.0,0.0,0.0,980.0,3.0,1.0,2.0,6.0,0.0,0.0,5.0,1.0,1986.0,2.0,2.0,484.0,2.0,2.0,0.0,192.0,0.0,0.0,0.0,0.0,0.0,4.0,4.0,0.0,7.0,2009.0,135000.0,1.0,0.0,1.0,1.0,0.0,0.0,0.0,0.0,0.8356164383561644,0.8678082191780822,0.8205479452054795,0.36712328767123287,0.7883561643835616,0.050684931506849315,0.863013698630137,0.9897260273972602,0.7205479452054795,0.7815068493150685,0.9821917808219178,0.07397260273972603,0.09726027397260274,0.43424657534246575,0.9780821917808219,0.914324880054832,0.28063814358230604
624,34.2,2117.0,0.0,0.0,0.0,3.0,6.0,5.0,2000.0,2000.0,513.0,1.0,2.0,1.0,2.0,3.0,0.0,420.0,5.0,0.0,336.0,756.0,0.0,756.0,756.0,0.0,1512.0,2.0,1.0,1.0,4.0,0.0,1.0,2.0,2.5,2000.0,2.0,2.0,440.0,2.0,2.0,0.0,0.0,32.0,0.0,0.0,0.0,0.0,4.0,4.0,0.0,6.0,2007.0,168500.0,1.0,0.0,1.0,1.0,0.0,0.0,0.0,0.0,0.07808219178082192,0.8678082191780822,0.8205479452054795,0.04315068493150685,0.04452054794520548,0.0589041095890411,0.863013698630137,0.9897260273972602,0.7205479452054795,0.7815068493150685,0.9821917808219178,0.1506849315068493,0.14657534246575343,0.44315068493150683,0.9780821917808219,0.914324880054832,0.28063814358230604
625,80.0,10400.0,0.0,0.0,0.0,3.0,6.0,5.0,1972.0,1972.0,288.0,2.0,2.0,2.0,2.0,3.0,3.0,247.0,5.0,0.0,485.0,732.0,1.0,1012.0,778.0,0.0,1790.0,4.0,1.0,2.0,8.0,2.0,1.0,2.0,3.0,1972.0,1.0,2.0,484.0,2.0,2.0,0.0,148.0,0.0,0.0,0.0,147.0,0.0,4.0,4.0,0.0,11.0,2006.0,165150.0,1.0,0.0,1.0,0.0,0.0,0.0,0.0,0.0,0.8356164383561644,0.8678082191780822,0.8205479452054795,0.2047945205479452,0.7883561643835616,0.05,0.863013698630137,0.9897260273972602,0.7205479452054795,0.7815068493150685,0.9821917808219178,0.3527397260273973,0.3452054794520548,0.43424657534246575,0.9780821917808219,0.914324880054832,0.630891950688905
626,87.0,10000.0,1.0,0.0,0.0,0.0,6.0,6.0,1962.0,1962.0,261.0,2.0,2.0,2.0,2.0,3.0,5.0,0.0,5.0,0.0,1116.0,1116.0,2.0,1116.0,0.0,0.0,1116.0,3.0,1.0,2.0,5.0,0.0,0.0,5.0,1.5,1962.0,2.0,2.0,440.0,2.0,2.0,0.0,0.0,0.0,0.0,0.0,385.0,0.0,4.0,4.0,0.0,2.0,2010.0,160000.0,1.0,0.0,1.0,1.0,0.0,0.0,0.0,0.0,0.8356164383561644,0.8678082191780822,0.8205479452054795,0.36712328767123287,0.7883561643835616,0.1541095890410959,0.863013698630137,0.9897260273972602,0.18013698630136987,0.1958904109589041,0.9821917808219178,0.1410958904109589,0.13493150684931507,0.43424657534246575,0.9780821917808219,0.914324880054832,0.630891950688905
627,78.2,12342.0,1.0,0.0,0.0,0.0,5.0,5.0,1960.0,1978.0,0.0,2.0,2.0,2.0,2.0,3.0,5.0,0.0,5.0,0.0,978.0,978.0,2.0,1422.0,0.0,0.0,1422.0,3.0,1.0,2.0,6.0,1.0,1.0,2.0,1.0,1960.0,1.0,1.0,286.0,2.0,2.0,0.0,0.0,0.0,36.0,0.0,0.0,0.0,4.0,2.0,600.0,8.0,2007.0,139900.0,1.0,0.0,1.0,0.0,0.0,0.0,1.0,0.0,0.8356164383561644,0.8678082191780822,0.8205479452054795,0.36712328767123287,0.7883561643835616,0.1541095890410959,0.863013698630137,0.9897260273972602,0.7205479452054795,0.1958904109589041,0.9821917808219178,0.1410958904109589,0.13493150684931507,0.43424657534246575,0.9780821917808219,0.914324880054832,0.630891950688905
628,80.0,9600.0,0.0,0.0,0.0,7.0,6.0,6.0,1955.0,1972.0,164.0,2.0,2.0,2.0,2.0,1.0,2.0,674.0,4.0,132.0,350.0,1156.0,0.0,1520.0,0.0,0.0,1520.0,3.0,1.0,2.0,7.0,0.0,2.0,1.0,2.0,1955.0,1.0,1.0,364.0,2.0,2.0,0.0,0.0,0.0,189.0,0.0,0.0,0.0,4.0,4.0,0.0,3.0,2010.0,153000.0,1.0,0.0,1.0,1.0,0.0,0.0,0.0,0.0,0.8356164383561644,0.8678082191780822,0.8205479452054795,0.03972602739726028,0.7883561643835616,0.1541095890410959,0.863013698630137,0.9897260273972602,0.7205479452054795,0.7815068493150685,0.9821917808219178,0.0136986301369863,0.0136986301369863,0.43424657534246575,0.9780821917808219,0.914324880054832,0.013778100072516316
629,70.0,11606.0,1.0,2.0,2.0,3.0,5.0,5.0,1969.0,1969.0,192.0,2.0,2.0,1.0,2.0,1.0,3.0,650.0,5.0,0.0,390.0,1040.0,2.0,1040.0,1040.0,0.0,2080.0,5.0,1.0,3.0,9.0,0.0,2.0,2.0,2.5,1969.0,2.0,2.0,504.0,2.0,2.0,0.0,335.0,0.0,0.0,0.0,0.0,0.0,4.0,4.0,0.0,9.0,2007.0,135000.0,1.0,0.0,1.0,1.0,0.0,0.0,0.0,0.0,0.8356164383561644,0.8678082191780822,0.0136986301369863,0.2047945205479452,0.7883561643835616,0.1541095890410959,0.863013698630137,0.9897260273972602,0.7205479452054795,0.7815068493150685,0.9821917808219178,0.07397260273972603,0.09726027397260274,0.44315068493150683,0.9780821917808219,0.914324880054832,0.630891950688905
630,82.0,9020.0,0.0,0.0,0.0,7.0,6.0,5.0,1964.0,1964.0,259.0,2.0,2.0,2.0,2.0,0.0,0.0,624.0,3.0,336.0,288.0,1248.0,2.0,1350.0,0.0,0.0,1350.0,3.0,1.0,2.0,6.0,0.0,0.0,5.0,2.5,1964.0,1.0,2.0,520.0,2.0,2.0,0.0,176.0,0.0,0.0,0.0,0.0,0.0,4.0,0.0,0.0,6.0,2008.0,168500.0,1.0,0.0,1.0,1.0,0.0,0.0,0.0,0.0,0.8356164383561644,0.8678082191780822,0.8205479452054795,0.03972602739726028,0.7883561643835616,0.1541095890410959,0.05547945205479452,0.9897260273972602,0.18013698630136987,0.7815068493150685,0.00410958904109589,0.07397260273972603,0.13493150684931507,0.43424657534246575,0.9780821917808219,0.914324880054832,0.630891950688905
631,50.0,9000.0,0.0,0.0,0.0,3.0,5.0,6.0,1880.0,1991.0,0.0,2.0,2.0,3.0,3.0,3.0,5.0,0.0,5.0,0.0,636.0,636.0,2.0,1089.0,661.0,0.0,1750.0,3.0,1.0,0.0,8.0,0.0,0.0,5.0,1.0,1937.0,2.0,1.0,240.0,3.0,4.0,2.0,0.0,0.0,293.0,0.0,0.0,0.0,4.0,1.0,0.0,6.0,2006.0,124000.0,1.0,0.0,1.0,0.0,0.0,0.0,0.0,0.0,0.8356164383561644,0.8678082191780822,0.06917808219178082,0.0410958904109589,0.14931506849315068,0.0773972602739726,0.03287671232876712,0.9897260273972602,0.18013698630136987,0.7815068493150685,0.9821917808219178,0.3527397260273973,0.3452054794520548,0.1,0.9780821917808219,0.06442769019876628,0.28063814358230604
632,34.0,4590.0,0.0,0.0,0.0,0.0,8.0,5.0,2006.0,2006.0,108.0,1.0,2.0,1.0,1.0,2.0,0.0,24.0,5.0,0.0,1530.0,1554.0,0.0,1554.0,0.0,0.0,1554.0,2.0,1.0,1.0,6.0,0.0,1.0,1.0,2.0,2006.0,1.0,2.0,627.0,2.0,2.0,0.0,156.0,73.0,0.0,0.0,0.0,0.0,4.0,4.0,0.0,8.0,2007.0,209500.0,1.0,0.0,1.0,0.0,1.0,0.0,0.0,0.0,0.02945205479452055,0.8678082191780822,0.8205479452054795,0.05958904109589041,0.7883561643835616,0.05273972602739726,0.863013698630137,0.9897260273972602,0.7205479452054795,0.7815068493150685,0.9821917808219178,0.3527397260273973,0.3452054794520548,0.44315068493150683,0.9780821917808219,0.914324880054832,0.630891950688905
633,85.0,11900.0,0.0,0.0,0.0,0.0,7.0,5.0,1977.0,1977.0,209.0,2.0,1.0,2.0,2.0,3.0,1.0,822.0,5.0,0.0,564.0,1386.0,2.0,1411.0,0.0,0.0,1411.0,3.0,1.0,2.0,6.0,0.0,1.0,2.0,2.0,1977.0,0.0,2.0,544.0,2.0,2.0,0.0,192.0,0.0,0.0,0.0,0.0,0.0,4.0,4.0,0.0,4.0,2009.0,82500.0,1.0,0.0,1.0,1.0,0.0,0.0,0.0,0.0,0.8356164383561644,0.8678082191780822,0.0136986301369863,0.36712328767123287,0.7883561643835616,0.05,0.863013698630137,0.9897260273972602,0.7205479452054795,0.1958904109589041,0.9821917808219178,0.07397260273972603,0.09726027397260274,0.43424657534246575,0.9780821917808219,0.914324880054832,0.630891950688905
634,80.0,9250.0,0.0,0.0,0.0,0.0,5.0,7.0,1954.0,2005.0,0.0,2.0,2.0,2.0,2.0,3.0,2.0,480.0,4.0,468.0,108.0,1056.0,2.0,1056.0,0.0,0.0,1056.0,3.0,1.0,2.0,6.0,0.0,0.0,5.0,1.5,1954.0,2.0,1.0,260.0,2.0,2.0,0.0,390.0,0.0,0.0,0.0,0.0,0.0,4.0,4.0,0.0,7.0,2007.0,139400.0,1.0,0.0,1.0,0.0,0.0,0.0,0.0,0.0,0.8356164383561644,0.8678082191780822,0.8205479452054795,0.36712328767123287,0.7883561643835616,0.1541095890410959,0.863013698630137,0.9897260273972602,0.18013698630136987,0.7815068493150685,0.9821917808219178,0.1410958904109589,0.13493150684931507,0.43424657534246575,0.9780821917808219,0.914324880054832,0.630891950688905
635,64.0,6979.0,0.0,0.0,0.0,6.0,6.0,5.0,1980.0,1980.0,0.0,2.0,2.0,2.0,2.0,3.0,0.0,1056.0,5.0,0.0,0.0,1056.0,1.0,1056.0,0.0,0.0,1056.0,0.0,2.0,2.0,4.0,0.0,0.0,5.0,2.0,1980.0,2.0,2.0,576.0,2.0,2.0,0.0,264.0,56.0,0.0,0.0,0.0,0.0,4.0,0.0,600.0,6.0,2010.0,144000.0,1.0,0.0,1.0,0.0,0.0,0.0,1.0,0.0,0.03561643835616438,0.8678082191780822,0.8205479452054795,0.03561643835616438,0.7883561643835616,0.0773972602739726,0.863013698630137,0.9897260273972602,0.7205479452054795,0.7815068493150685,0.9821917808219178,0.07397260273972603,0.09726027397260274,0.43424657534246575,0.9780821917808219,0.914324880054832,0.28063814358230604
636,60.0,10896.0,0.0,1.0,0.0,4.0,6.0,7.0,1914.0,1995.0,0.0,3.0,2.0,2.0,3.0,3.0,4.0,256.0,5.0,0.0,1184.0,1440.0,0.0,1440.0,1440.0,515.0,3395.0,8.0,2.0,3.0,14.0,0.0,0.0,5.0,2.0,1990.0,3.0,0.0,0.0,5.0,5.0,2.0,0.0,110.0,0.0,0.0,0.0,0.0,4.0,4.0,0.0,3.0,2007.0,200000.0,1.0,1.0,1.0,0.0,0.0,0.0,0.0,0.0,0.021232876712328767,0.8678082191780822,0.06917808219178082,0.02054794520547945,0.010958904109589041,0.017123287671232876,0.05547945205479452,0.9897260273972602,0.7205479452054795,0.1958904109589041,0.9821917808219178,0.3527397260273973,0.3452054794520548,0.43424657534246575,0.9780821917808219,0.06442769019876628,0.4907904278462654
637,51.0,6120.0,0.0,0.0,0.0,0.0,2.0,3.0,1936.0,1950.0,0.0,3.0,3.0,2.0,3.0,3.0,5.0,0.0,5.0,0.0,264.0,264.0,3.0,800.0,0.0,0.0,800.0,1.0,1.0,3.0,4.0,4.0,1.0,4.0,1.0,1948.6,3.0,0.0,0.0,5.0,5.0,2.0,0.0,0.0,0.0,0.0,0.0,0.0,4.0,4.0,0.0,1.0,2009.0,60000.0,1.0,0.0,0.0,0.0,0.0,0.0,0.0,0.0,0.8356164383561644,0.003424657534246575,0.8205479452054795,0.04726027397260274,0.14931506849315068,0.03972602739726028,0.863013698630137,0.9897260273972602,0.7205479452054795,0.7815068493150685,0.9821917808219178,0.0136986301369863,0.0136986301369863,0.1,0.004794520547945206,0.06442769019876628,0.2973168963016679
638,50.0,6000.0,0.0,0.0,0.0,1.0,5.0,4.0,1954.0,1954.0,0.0,2.0,2.0,2.0,2.0,3.0,5.0,0.0,5.0,0.0,811.0,811.0,2.0,811.0,576.0,0.0,1387.0,3.0,2.0,1.0,7.0,0.0,0.0,5.0,2.0,1954.0,2.0,1.0,256.0,2.0,2.0,0.0,0.0,0.0,0.0,0.0,0.0,0.0,4.0,4.0,0.0,11.0,2009.0,93000.0,1.0,0.0,1.0,0.0,0.0,0.0,0.0,0.0,0.021232876712328767,0.8678082191780822,0.8205479452054795,0.02054794520547945,0.14931506849315068,0.0773972602739726,0.863013698630137,0.9897260273972602,0.7205479452054795,0.7815068493150685,0.9821917808219178,0.1410958904109589,0.13493150684931507,0.43424657534246575,0.9780821917808219,0.06442769019876628,0.06381435823060189
639,67.0,8777.0,0.0,0.0,0.0,0.0,5.0,7.0,1910.0,1950.0,0.0,2.0,2.0,3.0,2.0,3.0,5.0,0.0,5.0,0.0,796.0,796.0,1.0,796.0,0.0,0.0,796.0,2.0,1.0,2.0,4.0,0.0,0.0,5.0,1.0,1945.6,3.0,0.0,0.0,5.0,5.0,1.0,328.0,0.0,164.0,0.0,0.0,0.0,4.0,1.0,0.0,5.0,2008.0,85000.0,1.0,0.0,1.0,0.0,0.0,0.0,0.0,0.0,0.8356164383561644,0.8678082191780822,0.8205479452054795,0.04726027397260274,0.7883561643835616,0.0684931506849315,0.05547945205479452,0.9897260273972602,0.7205479452054795,0.7815068493150685,0.9821917808219178,0.1506849315068493,0.13493150684931507,0.43424657534246575,0.9780821917808219,0.06442769019876628,0.22538071065989848
640,53.0,3982.0,0.0,0.0,0.0,0.0,8.0,5.0,2006.0,2006.0,0.0,1.0,2.0,1.0,1.0,1.0,0.0,1154.0,5.0,0.0,366.0,1520.0,0.0,1567.0,0.0,0.0,1567.0,1.0,1.0,0.0,7.0,0.0,1.0,1.0,3.0,2006.0,0.0,3.0,648.0,2.0,2.0,0.0,312.0,0.0,0.0,0.0,0.0,0.0,4.0,4.0,0.0,10.0,2006.0,264561.0,1.0,0.0,1.0,0.0,0.0,0.0,0.0,0.0,0.07808219178082192,0.08356164383561644,0.08561643835616438,0.05958904109589041,0.7883561643835616,0.011643835616438357,0.863013698630137,0.9897260273972602,0.7205479452054795,0.1958904109589041,0.9821917808219178,0.3527397260273973,0.3452054794520548,0.44315068493150683,0.9780821917808219,0.914324880054832,0.630891950688905
641,62.0,12677.0,1.0,0.0,0.0,0.0,8.0,5.0,2003.0,2004.0,472.0,0.0,2.0,0.0,2.0,0.0,0.0,1218.0,5.0,0.0,300.0,1518.0,0.0,1518.0,0.0,0.0,1518.0,1.0,1.0,0.0,6.0,0.0,1.0,1.0,1.5,2003.0,1.0,2.0,588.0,2.0,2.0,0.0,185.0,140.0,0.0,0.0,0.0,0.0,4.0,4.0,0.0,4.0,2008.0,274000.0,1.0,0.0,1.0,1.0,0.0,0.0,0.0,0.0,0.07808219178082192,0.8678082191780822,0.8205479452054795,0.05958904109589041,0.7883561643835616,0.05273972602739726,0.863013698630137,0.9897260273972602,0.7205479452054795,0.1958904109589041,0.9821917808219178,0.1506849315068493,0.14657534246575343,0.44315068493150683,0.9780821917808219,0.914324880054832,0.630891950688905
642,66.4,7050.0,0.0,0.0,0.0,3.0,7.0,5.0,2001.0,2001.0,0.0,1.0,2.0,1.0,2.0,3.0,0.0,738.0,5.0,0.0,319.0,1057.0,0.0,1057.0,872.0,0.0,1929.0,3.0,1.0,1.0,7.0,0.0,1.0,2.0,3.5,2001.0,0.0,2.0,650.0,2.0,2.0,0.0,0.0,235.0,0.0,0.0,0.0,0.0,4.0,4.0,0.0,5.0,2007.0,226000.0,1.0,0.0,1.0,0.0,0.0,0.0,0.0,0.0,0.8356164383561644,0.8678082191780822,0.8205479452054795,0.2047945205479452,0.04452054794520548,0.0589041095890411,0.863013698630137,0.9897260273972602,0.7205479452054795,0.7815068493150685,0.9821917808219178,0.3527397260273973,0.3452054794520548,0.44315068493150683,0.9780821917808219,0.914324880054832,0.630891950688905
643,75.0,13860.0,0.0,0.0,0.0,7.0,8.0,7.0,1972.0,1995.0,0.0,1.0,2.0,1.0,2.0,0.0,0.0,1410.0,5.0,0.0,542.0,1952.0,1.0,2000.0,704.0,0.0,2704.0,4.0,1.0,0.0,9.0,0.0,3.0,2.0,3.5,1972.0,0.0,2.0,538.0,2.0,2.0,0.0,269.0,111.0,0.0,0.0,0.0,0.0,4.0,1.0,0.0,7.0,2009.0,345000.0,1.0,0.0,1.0,0.0,0.0,0.0,0.0,0.0,0.8356164383561644,0.8678082191780822,0.8205479452054795,0.03972602739726028,0.7883561643835616,0.1541095890410959,0.863013698630137,0.9897260273972602,0.7205479452054795,0.7815068493150685,0.9821917808219178,0.07397260273972603,0.13493150684931507,0.43424657534246575,0.9780821917808219,0.914324880054832,0.630891950688905
644,80.0,10793.0,0.0,0.0,0.0,3.0,5.0,5.0,1969.0,1969.0,263.0,2.0,2.0,2.0,2.0,3.0,3.0,493.0,2.0,287.0,0.0,780.0,0.0,780.0,840.0,0.0,1620.0,4.0,1.0,2.0,7.0,1.0,0.0,5.0,2.5,1969.0,0.0,2.0,462.0,2.0,2.0,0.0,208.0,0.0,0.0,0.0,0.0,0.0,4.0,2.0,0.0,4.0,2007.0,152000.0,1.0,0.0,1.0,1.0,0.0,0.0,0.0,0.0,0.8356164383561644,0.8678082191780822,0.8205479452054795,0.2047945205479452,0.7883561643835616,0.05,0.01780821917808219,0.9897260273972602,0.7205479452054795,0.004794520547945206,0.9821917808219178,0.01780821917808219,0.14178082191780822,0.43424657534246575,0.9780821917808219,0.914324880054832,0.630891950688905
645,85.0,9187.0,0.0,0.0,0.0,0.0,9.0,5.0,2009.0,2009.0,162.0,0.0,2.0,0.0,2.0,2.0,0.0,1121.0,5.0,0.0,645.0,1766.0,0.0,1766.0,0.0,0.0,1766.0,2.0,1.0,0.0,7.0,0.0,1.0,1.0,3.5,2009.0,0.0,3.0,478.0,2.0,2.0,0.0,195.0,130.0,0.0,0.0,0.0,0.0,4.0,4.0,0.0,10.0,2009.0,370878.0,1.0,0.0,1.0,0.0,1.0,0.0,0.0,0.0,0.8356164383561644,0.08356164383561644,0.08561643835616438,0.36712328767123287,0.04452054794520548,0.0589041095890411,0.863013698630137,0.9897260273972602,0.7205479452054795,0.7815068493150685,0.9821917808219178,0.04178082191780822,0.0410958904109589,0.44315068493150683,0.9780821917808219,0.914324880054832,0.630891950688905
646,79.2,10530.0,1.0,0.0,0.0,0.0,6.0,5.0,1971.0,1971.0,0.0,2.0,2.0,2.0,2.0,3.0,1.0,282.0,4.0,35.0,664.0,981.0,2.0,981.0,0.0,0.0,981.0,3.0,1.0,2.0,5.0,0.0,0.0,5.0,2.5,1979.0,2.0,2.0,576.0,2.0,2.0,0.0,0.0,312.0,40.0,0.0,0.0,0.0,4.0,4.0,0.0,3.0,2007.0,143250.0,1.0,0.0,1.0,0.0,0.0,0.0,0.0,0.0,0.8356164383561644,0.8678082191780822,0.8205479452054795,0.36712328767123287,0.7883561643835616,0.1541095890410959,0.863013698630137,0.9897260273972602,0.18013698630136987,0.1958904109589041,0.9821917808219178,0.07397260273972603,0.09726027397260274,0.43424657534246575,0.9780821917808219,0.914324880054832,0.28063814358230604
647,60.0,7200.0,0.0,0.0,0.0,0.0,5.0,5.0,1950.0,1950.0,0.0,2.0,2.0,5.0,5.0,4.0,6.0,0.0,6.0,0.0,0.0,0.0,1.0,1048.0,0.0,0.0,1048.0,3.0,1.0,2.0,7.0,1.0,0.0,5.0,1.0,1950.0,2.0,2.0,420.0,2.0,2.0,0.0,0.0,27.0,0.0,0.0,0.0,0.0,4.0,4.0,0.0,7.0,2008.0,98300.0,1.0,0.0,1.0,0.0,0.0,0.0,0.0,0.0,0.8356164383561644,0.8678082191780822,0.8205479452054795,0.36712328767123287,0.7883561643835616,0.1541095890410959,0.863013698630137,0.9897260273972602,0.7205479452054795,0.1958904109589041,0.9821917808219178,0.1506849315068493,0.14657534246575343,0.43424657534246575,0.9780821917808219,0.914324880054832,0.28063814358230604
648,85.0,10452.0,1.0,0.0,0.0,0.0,6.0,5.0,1953.0,1953.0,216.0,2.0,2.0,2.0,2.0,2.0,3.0,500.0,5.0,0.0,594.0,1094.0,0.0,1094.0,0.0,0.0,1094.0,3.0,1.0,2.0,5.0,0.0,2.0,1.0,1.0,1953.0,1.0,2.0,495.0,2.0,2.0,0.0,0.0,0.0,0.0,0.0,287.0,0.0,4.0,4.0,0.0,6.0,2008.0,155000.0,1.0,0.0,1.0,0.0,1.0,0.0,0.0,0.0,0.8356164383561644,0.8678082191780822,0.8205479452054795,0.36712328767123287,0.7883561643835616,0.0684931506849315,0.863013698630137,0.9897260273972602,0.7205479452054795,0.1958904109589041,0.9821917808219178,0.1410958904109589,0.13493150684931507,0.43424657534246575,0.9780821917808219,0.914324880054832,0.630891950688905
649,70.0,7700.0,0.0,0.0,0.0,3.0,6.0,5.0,1966.0,1966.0,351.0,2.0,2.0,2.0,2.0,3.0,5.0,0.0,5.0,0.0,756.0,756.0,2.0,1051.0,788.0,0.0,1839.0,4.0,1.0,2.0,7.0,0.0,1.0,2.0,1.5,1966.0,2.0,2.0,442.0,2.0,2.0,0.0,0.0,124.0,216.0,0.0,0.0,0.0,4.0,4.0,0.0,6.0,2010.0,155000.0,1.0,0.0,1.0,1.0,0.0,0.0,0.0,0.0,0.8356164383561644,0.8678082191780822,0.8205479452054795,0.2047945205479452,0.7883561643835616,0.1541095890410959,0.013013698630136987,0.9897260273972602,0.7205479452054795,0.7815068493150685,0.9821917808219178,0.1506849315068493,0.14657534246575343,0.43424657534246575,0.9780821917808219,0.914324880054832,0.630891950688905
650,21.0,1936.0,0.0,0.0,0.0,6.0,4.0,6.0,1970.0,1970.0,0.0,2.0,2.0,1.0,2.0,1.0,2.0,131.0,0.0,499.0,0.0,630.0,1.0,630.0,0.0,0.0,630.0,1.0,1.0,2.0,3.0,0.0,0.0,5.0,2.0,1972.6,3.0,0.0,0.0,5.0,5.0,0.0,0.0,0.0,0.0,0.0,0.0,0.0,4.0,1.0,0.0,12.0,2007.0,84500.0,1.0,0.0,1.0,0.0,0.0,0.0,0.0,0.0,0.02945205479452055,0.8678082191780822,0.8205479452054795,0.00684931506849315,0.14931506849315068,0.011643835616438357,0.863013698630137,0.9897260273972602,0.7205479452054795,0.7815068493150685,0.9821917808219178,0.04178082191780822,0.0410958904109589,0.43424657534246575,0.9780821917808219,0.914324880054832,0.4907904278462655
651,65.0,8125.0,0.0,0.0,0.0,3.0,7.0,6.0,2007.0,2007.0,34.0,1.0,2.0,1.0,2.0,3.0,5.0,0.0,5.0,0.0,813.0,813.0,0.0,822.0,843.0,0.0,1665.0,3.0,1.0,1.0,7.0,0.0,0.0,5.0,2.5,2007.0,1.0,2.0,562.0,2.0,2.0,0.0,0.0,0.0,0.0,0.0,0.0,0.0,4.0,4.0,0.0,5.0,2008.0,205950.0,1.0,0.0,1.0,0.0,0.0,0.0,0.0,0.0,0.8356164383561644,0.8678082191780822,0.8205479452054795,0.2047945205479452,0.04452054794520548,0.0589041095890411,0.863013698630137,0.9897260273972602,0.7205479452054795,0.7815068493150685,0.9821917808219178,0.04178082191780822,0.0410958904109589,0.44315068493150683,0.9780821917808219,0.914324880054832,0.630891950688905
652,60.0,9084.0,0.0,0.0,0.0,3.0,4.0,5.0,1940.0,1950.0,0.0,2.0,2.0,2.0,2.0,2.0,5.0,0.0,5.0,0.0,755.0,755.0,2.0,755.0,755.0,0.0,1510.0,4.0,1.0,2.0,7.0,0.0,1.0,1.0,2.0,1940.0,2.0,1.0,296.0,3.0,4.0,1.0,120.0,0.0,0.0,0.0,0.0,0.0,4.0,1.0,0.0,10.0,2009.0,108000.0,1.0,0.0,1.0,0.0,0.0,0.0,0.0,0.0,0.8356164383561644,0.8678082191780822,0.8205479452054795,0.0410958904109589,0.7883561643835616,0.0684931506849315,0.03287671232876712,0.9897260273972602,0.7205479452054795,0.7815068493150685,0.9821917808219178,0.1506849315068493,0.14657534246575343,0.43424657534246575,0.9780821917808219,0.914324880054832,0.28063814358230604
653,70.0,8750.0,0.0,0.0,0.0,3.0,7.0,5.0,1996.0,1996.0,0.0,1.0,2.0,1.0,2.0,3.0,5.0,0.0,5.0,0.0,880.0,880.0,0.0,909.0,807.0,0.0,1716.0,2.0,1.0,1.0,7.0,0.0,1.0,2.0,2.5,1996.0,1.0,2.0,512.0,2.0,2.0,0.0,0.0,120.0,0.0,0.0,0.0,0.0,4.0,4.0,0.0,7.0,2009.0,191000.0,1.0,0.0,1.0,0.0,0.0,0.0,0.0,0.0,0.8356164383561644,0.8678082191780822,0.8205479452054795,0.2047945205479452,0.7883561643835616,0.10273972602739725,0.863013698630137,0.9897260273972602,0.7205479452054795,0.7815068493150685,0.9821917808219178,0.3527397260273973,0.3452054794520548,0.44315068493150683,0.9780821917808219,0.914324880054832,0.630891950688905
654,60.0,10320.0,0.0,0.0,0.0,1.0,6.0,7.0,1906.0,1995.0,0.0,2.0,2.0,2.0,2.0,3.0,5.0,0.0,5.0,0.0,756.0,756.0,0.0,756.0,713.0,0.0,1469.0,3.0,1.0,2.0,7.0,0.0,0.0,5.0,1.0,1906.0,2.0,1.0,216.0,2.0,2.0,0.0,57.0,0.0,239.0,0.0,0.0,0.0,4.0,1.0,0.0,6.0,2008.0,135000.0,1.0,0.0,1.0,0.0,0.0,0.0,0.0,0.0,0.8356164383561644,0.8678082191780822,0.8205479452054795,0.09863013698630137,0.14931506849315068,0.025342465753424658,0.863013698630137,0.9897260273972602,0.7205479452054795,0.7815068493150685,0.9821917808219178,0.1506849315068493,0.14657534246575343,0.43424657534246575,0.9780821917808219,0.914324880054832,0.28063814358230604
655,91.0,10437.0,1.0,0.0,0.0,0.0,8.0,6.0,1995.0,1995.0,660.0,1.0,1.0,1.0,2.0,0.0,0.0,1696.0,5.0,0.0,413.0,2109.0,0.0,2113.0,0.0,0.0,2113.0,2.0,1.0,1.0,7.0,0.0,1.0,2.0,3.5,1995.0,0.0,3.0,839.0,2.0,2.0,0.0,236.0,46.0,0.0,0.0,0.0,0.0,4.0,4.0,0.0,8.0,2008.0,350000.0,1.0,0.0,1.0,1.0,0.0,0.0,0.0,0.0,0.8356164383561644,0.8678082191780822,0.8205479452054795,0.36712328767123287,0.7883561643835616,0.028082191780821917,0.863013698630137,0.9897260273972602,0.7205479452054795,0.1958904109589041,0.9821917808219178,0.1506849315068493,0.14657534246575343,0.44315068493150683,0.9780821917808219,0.914324880054832,0.630891950688905
656,21.0,1680.0,0.0,0.0,0.0,3.0,6.0,5.0,1971.0,1971.0,381.0,2.0,2.0,2.0,2.0,3.0,5.0,0.0,5.0,0.0,525.0,525.0,2.0,525.0,567.0,0.0,1092.0,3.0,1.0,2.0,6.0,0.0,0.0,5.0,1.5,1971.0,2.0,1.0,264.0,2.0,2.0,0.0,0.0,0.0,0.0,0.0,0.0,0.0,4.0,4.0,0.0,3.0,2010.0,88000.0,1.0,0.0,1.0,1.0,0.0,0.0,0.0,0.0,0.02945205479452055,0.8678082191780822,0.0136986301369863,0.04315068493150685,0.14931506849315068,0.010958904109589041,0.863013698630137,0.9897260273972602,0.7205479452054795,0.7815068493150685,0.9821917808219178,0.15205479452054796,0.00684931506849315,0.43424657534246575,0.9780821917808219,0.914324880054832,0.28063814358230604
657,72.0,10007.0,1.0,0.0,0.0,0.0,5.0,7.0,1959.0,2006.0,54.0,1.0,2.0,2.0,2.0,3.0,1.0,806.0,5.0,0.0,247.0,1053.0,0.0,1053.0,0.0,0.0,1053.0,3.0,1.0,1.0,5.0,0.0,0.0,5.0,2.5,1959.0,1.0,1.0,312.0,2.0,2.0,0.0,0.0,0.0,0.0,0.0,0.0,0.0,4.0,1.0,0.0,8.0,2008.0,145500.0,1.0,0.0,1.0,1.0,0.0,0.0,0.0,0.0,0.8356164383561644,0.8678082191780822,0.8205479452054795,0.36712328767123287,0.7883561643835616,0.1541095890410959,0.863013698630137,0.9897260273972602,0.7205479452054795,0.7815068493150685,0.9821917808219178,0.15205479452054796,0.14178082191780822,0.43424657534246575,0.9780821917808219,0.914324880054832,0.630891950688905
658,60.0,7200.0,0.0,2.0,1.0,3.0,7.0,6.0,1931.0,2000.0,0.0,2.0,3.0,1.0,2.0,3.0,5.0,0.0,5.0,0.0,776.0,776.0,2.0,851.0,651.0,0.0,1502.0,3.0,1.0,2.0,6.0,0.0,1.0,1.0,1.5,1931.0,1.0,1.0,270.0,2.0,2.0,1.0,0.0,0.0,112.0,0.0,0.0,0.0,4.0,1.0,0.0,2.0,2008.0,149000.0,1.0,0.0,1.0,0.0,0.0,0.0,0.0,0.0,0.8356164383561644,0.8678082191780822,0.8205479452054795,0.0410958904109589,0.7883561643835616,0.03493150684931507,0.863013698630137,0.9897260273972602,0.7205479452054795,0.7815068493150685,0.9821917808219178,0.017123287671232876,0.026027397260273973,0.1,0.9780821917808219,0.914324880054832,0.630891950688905
659,78.0,17503.0,0.0,0.0,0.0,1.0,6.0,5.0,1948.0,1950.0,0.0,2.0,2.0,2.0,2.0,3.0,5.0,0.0,5.0,0.0,912.0,912.0,2.0,912.0,546.0,0.0,1458.0,3.0,1.0,2.0,6.0,0.0,1.0,1.0,1.5,1948.0,2.0,1.0,330.0,2.0,2.0,0.0,192.0,0.0,0.0,0.0,0.0,0.0,4.0,4.0,0.0,1.0,2010.0,97500.0,1.0,0.0,1.0,0.0,0.0,0.0,0.0,0.0,0.8356164383561644,0.8678082191780822,0.06917808219178082,0.09863013698630137,0.7883561643835616,0.1541095890410959,0.03287671232876712,0.9897260273972602,0.7205479452054795,0.7815068493150685,0.9821917808219178,0.3527397260273973,0.3452054794520548,0.43424657534246575,0.9780821917808219,0.914324880054832,0.630891950688905
660,75.0,9937.0,0.0,0.0,0.0,0.0,5.0,7.0,1964.0,1999.0,0.0,2.0,1.0,2.0,2.0,3.0,2.0,637.0,5.0,0.0,849.0,1486.0,0.0,1486.0,0.0,0.0,1486.0,3.0,1.0,2.0,7.0,0.0,0.0,5.0,2.0,1968.0,0.0,2.0,480.0,2.0,2.0,0.0,0.0,0.0,0.0,0.0,0.0,0.0,4.0,1.0,0.0,3.0,2009.0,167000.0,1.0,0.0,1.0,0.0,0.0,0.0,0.0,0.0,0.8356164383561644,0.8678082191780822,0.8205479452054795,0.36712328767123287,0.7883561643835616,0.0684931506849315,0.863013698630137,0.9897260273972602,0.18013698630136987,0.1958904109589041,0.9821917808219178,0.1506849315068493,0.14657534246575343,0.44315068493150683,0.9780821917808219,0.914324880054832,0.28063814358230604
661,81.6,12384.0,0.0,0.0,0.0,3.0,7.0,7.0,1976.0,1976.0,233.0,2.0,2.0,1.0,2.0,3.0,5.0,0.0,5.0,0.0,793.0,793.0,2.0,1142.0,793.0,0.0,1935.0,3.0,1.0,2.0,7.0,0.0,1.0,2.0,2.5,1976.0,1.0,2.0,550.0,2.0,2.0,0.0,0.0,113.0,252.0,0.0,0.0,0.0,4.0,4.0,0.0,11.0,2007.0,197900.0,1.0,0.0,1.0,1.0,0.0,0.0,0.0,0.0,0.8356164383561644,0.8678082191780822,0.8205479452054795,0.2047945205479452,0.7883561643835616,0.05,0.863013698630137,0.9897260273972602,0.06438356164383562,0.7815068493150685,0.9821917808219178,0.07397260273972603,0.09726027397260274,0.43424657534246575,0.9780821917808219,0.914324880054832,0.630891950688905
662,52.0,46589.0,2.0,0.0,0.0,3.0,8.0,7.0,1994.0,2005.0,528.0,1.0,2.0,1.0,1.0,3.0,0.0,1361.0,3.0,180.0,88.0,1629.0,0.0,1686.0,762.0,0.0,2448.0,4.0,1.0,1.0,8.0,0.0,1.0,2.0,3.5,1994.0,1.0,3.0,711.0,2.0,2.0,0.0,517.0,76.0,0.0,0.0,0.0,0.0,4.0,4.0,0.0,7.0,2009.0,402000.0,1.0,0.0,1.0,1.0,0.0,0.0,0.0,0.0,0.8356164383561644,0.8678082191780822,0.8205479452054795,0.2047945205479452,0.7883561643835616,0.028082191780821917,0.863013698630137,0.9897260273972602,0.06438356164383562,0.1958904109589041,0.9821917808219178,0.3527397260273973,0.3452054794520548,0.44315068493150683,0.9780821917808219,0.914324880054832,0.630891950688905
663,120.0,13560.0,0.0,0.0,0.0,0.0,6.0,3.0,1968.0,1968.0,216.0,2.0,2.0,3.0,3.0,3.0,5.0,0.0,5.0,0.0,1392.0,1392.0,1.0,1392.0,0.0,0.0,1392.0,2.0,1.0,2.0,5.0,5.0,2.0,2.0,2.0,1968.0,1.0,2.0,576.0,2.0,2.0,0.0,0.0,0.0,240.0,0.0,0.0,0.0,4.0,4.0,0.0,7.0,2009.0,110000.0,1.0,0.0,1.0,1.0,0.0,0.0,0.0,0.0,0.8356164383561644,0.8678082191780822,0.8205479452054795,0.36712328767123287,0.7883561643835616,0.1541095890410959,0.863013698630137,0.9897260273972602,0.18013698630136987,0.1958904109589041,0.9821917808219178,0.1410958904109589,0.13493150684931507,0.43424657534246575,0.9780821917808219,0.914324880054832,0.630891950688905
664,90.0,10012.0,0.0,0.0,0.0,6.0,4.0,5.0,1972.0,1972.0,0.0,2.0,2.0,1.0,2.0,1.0,2.0,920.0,3.0,180.0,38.0,1138.0,2.0,1181.0,0.0,0.0,1181.0,3.0,1.0,2.0,6.0,0.0,0.0,5.0,3.0,1974.0,1.0,2.0,588.0,2.0,2.0,0.0,0.0,0.0,180.0,0.0,0.0,0.0,4.0,1.0,0.0,4.0,2008.0,137500.0,1.0,0.0,1.0,0.0,0.0,0.0,0.0,0.0,0.8356164383561644,0.8678082191780822,0.8205479452054795,0.0136986301369863,0.7883561643835616,0.0684931506849315,0.863013698630137,0.9897260273972602,0.7205479452054795,0.7815068493150685,0.9821917808219178,0.07397260273972603,0.09726027397260274,0.43424657534246575,0.9780821917808219,0.914324880054832,0.28063814358230604
665,49.0,20896.0,2.0,0.0,0.0,0.0,8.0,5.0,2005.0,2006.0,0.0,1.0,2.0,0.0,2.0,2.0,0.0,1721.0,5.0,0.0,356.0,2077.0,0.0,2097.0,0.0,0.0,2097.0,1.0,1.0,0.0,8.0,0.0,1.0,0.0,2.5,2005.0,0.0,3.0,1134.0,2.0,2.0,0.0,192.0,267.0,0.0,0.0,0.0,0.0,4.0,4.0,0.0,1.0,2006.0,423000.0,1.0,0.0,1.0,0.0,0.0,0.0,0.0,0.0,0.8356164383561644,0.08356164383561644,0.08561643835616438,0.36712328767123287,0.7883561643835616,0.0589041095890411,0.01780821917808219,0.9897260273972602,0.06438356164383562,0.7815068493150685,0.9821917808219178,0.3527397260273973,0.3452054794520548,0.44315068493150683,0.9780821917808219,0.914324880054832,0.630891950688905
666,106.0,11194.0,1.0,0.0,0.0,3.0,8.0,5.0,2000.0,2000.0,40.0,1.0,2.0,1.0,2.0,3.0,5.0,0.0,5.0,0.0,1406.0,1406.0,0.0,1454.0,482.0,0.0,1936.0,3.0,1.0,1.0,7.0,0.0,1.0,2.0,2.5,2000.0,1.0,2.0,504.0,2.0,2.0,0.0,188.0,124.0,0.0,0.0,0.0,0.0,4.0,4.0,0.0,11.0,2006.0,230500.0,1.0,0.0,1.0,1.0,0.0,0.0,0.0,0.0,0.8356164383561644,0.8678082191780822,0.8205479452054795,0.2047945205479452,0.7883561643835616,0.05410958904109589,0.863013698630137,0.9897260273972602,0.18013698630136987,0.7815068493150685,0.9821917808219178,0.3527397260273973,0.3452054794520548,0.44315068493150683,0.9780821917808219,0.914324880054832,0.630891950688905
667,76.4,18450.0,1.0,0.0,0.0,3.0,6.0,5.0,1965.0,1979.0,113.0,2.0,1.0,1.0,2.0,3.0,4.0,187.0,3.0,723.0,111.0,1021.0,2.0,1465.0,915.0,0.0,2380.0,3.0,1.0,2.0,7.0,6.0,1.0,4.0,2.5,1965.0,2.0,2.0,596.0,2.0,2.0,0.0,0.0,265.0,0.0,0.0,0.0,0.0,4.0,4.0,0.0,8.0,2007.0,129000.0,1.0,0.0,1.0,0.0,0.0,0.0,0.0,0.0,0.8356164383561644,0.8678082191780822,0.06917808219178082,0.2047945205479452,0.7883561643835616,0.1541095890410959,0.863013698630137,0.9897260273972602,0.7205479452054795,0.008904109589041096,0.007534246575342466,0.07397260273972603,0.09726027397260274,0.43424657534246575,0.9780821917808219,0.914324880054832,0.006526468455402465
668,65.0,8125.0,0.0,0.0,0.0,0.0,6.0,5.0,1994.0,1998.0,258.0,2.0,2.0,1.0,2.0,3.0,0.0,1138.0,5.0,0.0,270.0,1408.0,0.0,1679.0,0.0,0.0,1679.0,3.0,1.0,1.0,7.0,0.0,1.0,3.0,3.0,1994.0,1.0,2.0,575.0,2.0,2.0,0.0,224.0,42.0,0.0,0.0,0.0,0.0,4.0,4.0,0.0,10.0,2008.0,193500.0,1.0,0.0,1.0,1.0,0.0,0.0,0.0,0.0,0.8356164383561644,0.8678082191780822,0.8205479452054795,0.36712328767123287,0.7883561643835616,0.04041095890410959,0.863013698630137,0.9897260273972602,0.7205479452054795,0.7815068493150685,0.9821917808219178,0.15205479452054796,0.14178082191780822,0.44315068493150683,0.9780821917808219,0.914324880054832,0.630891950688905
669,83.0,14175.0,0.0,1.0,1.0,0.0,5.0,6.0,1956.0,1987.0,0.0,2.0,2.0,2.0,2.0,3.0,3.0,988.0,5.0,0.0,200.0,1188.0,1.0,1437.0,0.0,0.0,1437.0,3.0,1.0,2.0,6.0,2.0,1.0,2.0,2.5,1999.0,2.0,2.0,576.0,2.0,2.0,0.0,304.0,0.0,0.0,0.0,0.0,0.0,4.0,4.0,0.0,11.0,2006.0,168000.0,1.0,0.0,1.0,0.0,0.0,0.0,0.0,0.0,0.8356164383561644,0.8678082191780822,0.8205479452054795,0.36712328767123287,0.7883561643835616,0.050684931506849315,0.863013698630137,0.9897260273972602,0.18013698630136987,0.7815068493150685,0.9821917808219178,0.04178082191780822,0.13493150684931507,0.43424657534246575,0.9780821917808219,0.914324880054832,0.28063814358230604
670,80.0,11600.0,0.0,0.0,0.0,0.0,4.0,5.0,1922.0,1950.0,0.0,2.0,2.0,3.0,2.0,3.0,5.0,0.0,5.0,0.0,700.0,700.0,0.0,1180.0,0.0,0.0,1180.0,2.0,1.0,3.0,5.0,0.0,1.0,1.0,1.0,1922.0,2.0,1.0,252.0,2.0,3.0,0.0,0.0,0.0,67.0,0.0,0.0,0.0,4.0,4.0,0.0,7.0,2006.0,137500.0,1.0,0.0,1.0,0.0,0.0,0.0,0.0,0.0,0.8356164383561644,0.8678082191780822,0.8205479452054795,0.04726027397260274,0.7883561643835616,0.03493150684931507,0.863013698630137,0.9897260273972602,0.7205479452054795,0.7815068493150685,0.9821917808219178,0.1506849315068493,0.14657534246575343,0.1,0.9780821917808219,0.914324880054832,0.28063814358230604
671,64.0,8633.0,0.0,0.0,0.0,3.0,6.0,5.0,2005.0,2005.0,0.0,1.0,2.0,1.0,2.0,3.0,0.0,193.0,5.0,0.0,545.0,738.0,0.0,738.0,738.0,0.0,1476.0,3.0,1.0,1.0,7.0,0.0,0.0,5.0,3.5,2005.0,0.0,2.0,540.0,2.0,2.0,0.0,100.0,35.0,0.0,0.0,0.0,0.0,4.0,4.0,0.0,2.0,2009.0,173500.0,1.0,0.0,1.0,0.0,0.0,0.0,0.0,0.0,0.8356164383561644,0.8678082191780822,0.8205479452054795,0.2047945205479452,0.7883561643835616,0.10273972602739725,0.863013698630137,0.9897260273972602,0.03219178082191781,0.7815068493150685,0.9821917808219178,0.3527397260273973,0.3452054794520548,0.44315068493150683,0.9780821917808219,0.914324880054832,0.630891950688905
672,54.0,6629.0,0.0,0.0,0.0,3.0,6.0,6.0,1925.0,1950.0,0.0,2.0,1.0,2.0,2.0,3.0,2.0,551.0,5.0,0.0,121.0,672.0,2.0,697.0,672.0,0.0,1369.0,3.0,1.0,2.0,6.0,0.0,0.0,5.0,3.0,1930.0,2.0,1.0,300.0,2.0,2.0,0.0,147.0,0.0,0.0,0.0,0.0,0.0,4.0,4.0,0.0,7.0,2009.0,103600.0,1.0,0.0,0.0,0.0,0.0,0.0,0.0,0.0,0.8356164383561644,0.8678082191780822,0.8205479452054795,0.0410958904109589,0.010958904109589041,0.0684931506849315,0.03287671232876712,0.9897260273972602,0.7205479452054795,0.007534246575342466,0.9821917808219178,0.1410958904109589,0.13493150684931507,0.1,0.9780821917808219,0.914324880054832,0.28063814358230604
673,76.2,11250.0,1.0,0.0,0.0,0.0,6.0,6.0,1977.0,1977.0,0.0,1.0,2.0,1.0,2.0,3.0,1.0,767.0,5.0,0.0,441.0,1208.0,2.0,1208.0,0.0,0.0,1208.0,3.0,1.0,2.0,6.0,0.0,1.0,2.0,2.5,1977.0,1.0,2.0,546.0,2.0,2.0,0.0,198.0,42.0,0.0,0.0,0.0,0.0,4.0,4.0,0.0,6.0,2006.0,165000.0,1.0,0.0,1.0,0.0,0.0,0.0,0.0,0.0,0.8356164383561644,0.8678082191780822,0.8205479452054795,0.36712328767123287,0.7883561643835616,0.007534246575342466,0.863013698630137,0.9897260273972602,0.7205479452054795,0.7815068493150685,0.9821917808219178,0.07397260273972603,0.09726027397260274,0.43424657534246575,0.9780821917808219,0.914324880054832,0.630891950688905
674,110.0,14442.0,0.0,0.0,0.0,0.0,6.0,7.0,1957.0,2004.0,106.0,2.0,2.0,2.0,2.0,3.0,0.0,1186.0,5.0,0.0,291.0,1477.0,0.0,1839.0,0.0,0.0,1839.0,3.0,1.0,1.0,7.0,0.0,2.0,2.0,3.0,1957.0,0.0,2.0,416.0,2.0,2.0,0.0,0.0,87.0,0.0,0.0,200.0,0.0,4.0,4.0,0.0,6.0,2007.0,257500.0,1.0,0.0,1.0,1.0,0.0,0.0,0.0,0.0,0.8356164383561644,0.8678082191780822,0.8205479452054795,0.36712328767123287,0.7883561643835616,0.03493150684931507,0.863013698630137,0.9897260273972602,0.7205479452054795,0.1958904109589041,0.9821917808219178,0.04178082191780822,0.0410958904109589,0.44315068493150683,0.9780821917808219,0.914324880054832,0.630891950688905
675,80.0,9200.0,0.0,0.0,0.0,0.0,6.0,6.0,1965.0,1965.0,0.0,2.0,2.0,2.0,2.0,3.0,3.0,892.0,5.0,0.0,244.0,1136.0,2.0,1136.0,0.0,0.0,1136.0,3.0,1.0,2.0,5.0,0.0,1.0,1.0,2.0,1965.0,1.0,1.0,384.0,2.0,2.0,0.0,426.0,0.0,0.0,0.0,0.0,0.0,4.0,4.0,0.0,7.0,2008.0,140000.0,1.0,0.0,1.0,0.0,0.0,0.0,0.0,0.0,0.8356164383561644,0.8678082191780822,0.8205479452054795,0.36712328767123287,0.7883561643835616,0.1541095890410959,0.863013698630137,0.9897260273972602,0.7205479452054795,0.7815068493150685,0.9821917808219178,0.15205479452054796,0.14178082191780822,0.43424657534246575,0.9780821917808219,0.914324880054832,0.630891950688905
676,24.0,2289.0,0.0,0.0,0.0,3.0,6.0,6.0,1978.0,1978.0,0.0,2.0,2.0,2.0,2.0,3.0,1.0,311.0,5.0,0.0,544.0,855.0,2.0,855.0,586.0,0.0,1441.0,3.0,1.0,2.0,7.0,0.0,1.0,2.0,2.5,1978.0,2.0,2.0,440.0,2.0,2.0,0.0,28.0,0.0,0.0,0.0,0.0,0.0,4.0,4.0,0.0,4.0,2009.0,148500.0,1.0,0.0,1.0,0.0,0.0,0.0,0.0,0.0,0.02945205479452055,0.8678082191780822,0.8205479452054795,0.04315068493150685,0.7883561643835616,0.0061643835616438354,0.863013698630137,0.9897260273972602,0.7205479452054795,0.7815068493150685,0.9821917808219178,0.07397260273972603,0.004794520547945206,0.43424657534246575,0.9780821917808219,0.914324880054832,0.630891950688905
677,60.0,9600.0,0.0,0.0,0.0,3.0,4.0,2.0,1900.0,1950.0,0.0,2.0,2.0,2.0,3.0,3.0,5.0,0.0,5.0,0.0,1095.0,1095.0,3.0,1095.0,679.0,0.0,1774.0,4.0,2.0,2.0,8.0,2.0,0.0,5.0,3.0,1920.0,2.0,3.0,779.0,3.0,3.0,2.0,0.0,0.0,90.0,0.0,0.0,0.0,4.0,4.0,0.0,5.0,2006.0,87000.0,1.0,0.0,0.0,0.0,0.0,0.0,0.0,0.0,0.8356164383561644,0.8678082191780822,0.8205479452054795,0.0410958904109589,0.14931506849315068,0.0773972602739726,0.863013698630137,0.9897260273972602,0.7205479452054795,0.7815068493150685,0.9821917808219178,0.0136986301369863,0.01780821917808219,0.1,0.012328767123287671,0.914324880054832,0.00435097897026831
678,52.0,9022.0,0.0,0.0,0.0,0.0,5.0,8.0,1924.0,2006.0,0.0,1.0,2.0,2.0,2.0,3.0,5.0,0.0,5.0,0.0,768.0,768.0,0.0,792.0,0.0,0.0,792.0,2.0,1.0,1.0,5.0,0.0,0.0,5.0,1.0,1924.0,2.0,1.0,240.0,3.0,3.0,2.0,316.0,0.0,120.0,0.0,0.0,0.0,4.0,4.0,0.0,5.0,2009.0,109500.0,1.0,0.0,1.0,0.0,0.0,0.0,0.0,0.0,0.8356164383561644,0.8678082191780822,0.8205479452054795,0.04726027397260274,0.7883561643835616,0.0773972602739726,0.863013698630137,0.9897260273972602,0.7205479452054795,0.7815068493150685,0.9821917808219178,0.3527397260273973,0.3452054794520548,0.1,0.9780821917808219,0.914324880054832,0.28063814358230604
679,80.0,11844.0,1.0,0.0,0.0,0.0,8.0,5.0,2008.0,2008.0,464.0,1.0,2.0,0.0,2.0,2.0,5.0,0.0,5.0,0.0,2046.0,2046.0,0.0,2046.0,0.0,0.0,2046.0,3.0,1.0,1.0,7.0,0.0,1.0,1.0,2.5,2008.0,0.0,3.0,834.0,2.0,2.0,0.0,322.0,82.0,0.0,0.0,0.0,0.0,4.0,4.0,0.0,7.0,2009.0,372500.0,1.0,0.0,1.0,0.0,1.0,0.0,0.0,0.0,0.8356164383561644,0.08356164383561644,0.08561643835616438,0.36712328767123287,0.7883561643835616,0.017123287671232876,0.863013698630137,0.9897260273972602,0.7205479452054795,0.1958904109589041,0.9821917808219178,0.3527397260273973,0.3452054794520548,0.44315068493150683,0.9780821917808219,0.914324880054832,0.630891950688905
680,67.4,9945.0,1.0,0.0,0.0,0.0,5.0,5.0,1961.0,1961.0,57.0,2.0,2.0,2.0,2.0,3.0,3.0,827.0,5.0,0.0,161.0,988.0,2.0,988.0,0.0,0.0,988.0,3.0,1.0,2.0,5.0,0.0,0.0,5.0,2.0,1963.0,2.0,2.0,572.0,2.0,2.0,0.0,0.0,0.0,0.0,0.0,0.0,0.0,4.0,4.0,0.0,10.0,2007.0,128500.0,1.0,0.0,1.0,1.0,0.0,0.0,0.0,0.0,0.8356164383561644,0.8678082191780822,0.8205479452054795,0.36712328767123287,0.7883561643835616,0.050684931506849315,0.863013698630137,0.9897260273972602,0.7205479452054795,0.1958904109589041,0.9821917808219178,0.1410958904109589,0.13493150684931507,0.43424657534246575,0.9780821917808219,0.914324880054832,0.28063814358230604
681,50.0,8012.0,0.0,0.0,0.0,0.0,6.0,5.0,1980.0,1980.0,0.0,2.0,2.0,1.0,2.0,3.0,2.0,543.0,2.0,119.0,261.0,923.0,2.0,923.0,0.0,0.0,923.0,2.0,1.0,2.0,5.0,0.0,1.0,2.0,2.0,1980.0,1.0,1.0,264.0,2.0,2.0,0.0,80.0,0.0,0.0,0.0,0.0,0.0,4.0,4.0,0.0,5.0,2010.0,143000.0,1.0,0.0,1.0,0.0,0.0,0.0,0.0,0.0,0.07808219178082192,0.8678082191780822,0.8205479452054795,0.05958904109589041,0.7883561643835616,0.04041095890410959,0.863013698630137,0.9897260273972602,0.7205479452054795,0.7815068493150685,0.9821917808219178,0.07397260273972603,0.09726027397260274,0.43424657534246575,0.9780821917808219,0.914324880054832,0.630891950688905
682,55.0,4500.0,2.0,1.0,0.0,1.0,5.0,5.0,1932.0,2000.0,0.0,2.0,2.0,2.0,2.0,3.0,3.0,182.0,5.0,0.0,611.0,793.0,0.0,848.0,672.0,0.0,1520.0,3.0,1.0,2.0,6.0,0.0,0.0,5.0,1.0,1968.0,2.0,1.0,281.0,2.0,2.0,0.0,0.0,0.0,56.0,0.0,0.0,0.0,4.0,4.0,0.0,7.0,2009.0,159434.0,1.0,1.0,1.0,0.0,0.0,0.0,0.0,0.0,0.8356164383561644,0.8678082191780822,0.06917808219178082,0.09863013698630137,0.010958904109589041,0.017123287671232876,0.863013698630137,0.9897260273972602,0.7205479452054795,0.7815068493150685,0.9821917808219178,0.3527397260273973,0.01780821917808219,0.1,0.9780821917808219,0.914324880054832,0.28063814358230604
683,35.4,2887.0,0.0,2.0,0.0,0.0,6.0,5.0,1996.0,1997.0,0.0,2.0,2.0,1.0,2.0,2.0,0.0,1003.0,5.0,0.0,288.0,1291.0,0.0,1291.0,0.0,0.0,1291.0,2.0,1.0,1.0,6.0,0.0,1.0,1.0,2.0,1996.0,2.0,2.0,431.0,2.0,2.0,0.0,307.0,0.0,0.0,0.0,0.0,0.0,4.0,4.0,0.0,11.0,2008.0,173000.0,1.0,0.0,1.0,0.0,0.0,0.0,0.0,0.0,0.8356164383561644,0.8678082191780822,0.8205479452054795,0.05958904109589041,0.7883561643835616,0.019178082191780823,0.863013698630137,0.9897260273972602,0.7205479452054795,0.7815068493150685,0.9821917808219178,0.1410958904109589,0.13493150684931507,0.44315068493150683,0.9780821917808219,0.914324880054832,0.630891950688905
684,90.0,11248.0,1.0,0.0,0.0,0.0,9.0,5.0,2002.0,2002.0,215.0,1.0,2.0,1.0,2.0,1.0,0.0,1059.0,5.0,0.0,567.0,1626.0,0.0,1668.0,0.0,0.0,1668.0,3.0,1.0,1.0,7.0,0.0,1.0,2.0,3.0,2002.0,0.0,3.0,702.0,2.0,2.0,0.0,257.0,45.0,0.0,0.0,0.0,0.0,4.0,4.0,0.0,7.0,2007.0,285000.0,1.0,0.0,1.0,0.0,1.0,0.0,0.0,0.0,0.8356164383561644,0.8678082191780822,0.8205479452054795,0.36712328767123287,0.7883561643835616,0.10273972602739725,0.863013698630137,0.9897260273972602,0.18013698630136987,0.1958904109589041,0.9821917808219178,0.3527397260273973,0.3452054794520548,0.44315068493150683,0.9780821917808219,0.914324880054832,0.630891950688905
685,58.0,16770.0,2.0,0.0,0.0,3.0,7.0,5.0,1998.0,1998.0,30.0,1.0,2.0,1.0,2.0,3.0,5.0,0.0,5.0,0.0,1195.0,1195.0,1.0,1195.0,644.0,0.0,1839.0,4.0,1.0,2.0,7.0,0.0,0.0,5.0,2.5,1998.0,0.0,2.0,486.0,2.0,2.0,0.0,0.0,81.0,0.0,0.0,0.0,0.0,4.0,4.0,0.0,6.0,2010.0,221000.0,1.0,0.0,1.0,1.0,0.0,0.0,0.0,0.0,0.8356164383561644,0.8678082191780822,0.8205479452054795,0.2047945205479452,0.7883561643835616,0.028082191780821917,0.863013698630137,0.9897260273972602,0.06438356164383562,0.7815068493150685,0.9821917808219178,0.3527397260273973,0.3452054794520548,0.44315068493150683,0.9780821917808219,0.914324880054832,0.630891950688905
686,51.4,5062.0,1.0,0.0,0.0,3.0,7.0,5.0,1984.0,1984.0,0.0,1.0,2.0,1.0,2.0,2.0,0.0,828.0,4.0,182.0,180.0,1190.0,1.0,1190.0,900.0,0.0,2090.0,3.0,1.0,1.0,6.0,1.0,1.0,2.0,3.0,1984.0,0.0,2.0,577.0,2.0,2.0,0.0,219.0,0.0,0.0,0.0,0.0,0.0,4.0,4.0,0.0,9.0,2007.0,207500.0,1.0,0.0,1.0,0.0,0.0,0.0,0.0,0.0,0.07808219178082192,0.8678082191780822,0.8205479452054795,0.04315068493150685,0.7883561643835616,0.017123287671232876,0.863013698630137,0.9897260273972602,0.06438356164383562,0.7815068493150685,0.9821917808219178,0.15205479452054796,0.14178082191780822,0.43424657534246575,0.9780821917808219,0.914324880054832,0.630891950688905
687,84.0,10207.0,0.0,0.0,0.0,3.0,7.0,6.0,2007.0,2007.0,0.0,1.0,2.0,1.0,2.0,3.0,5.0,0.0,5.0,0.0,874.0,874.0,0.0,874.0,887.0,0.0,1761.0,3.0,1.0,1.0,7.0,0.0,0.0,5.0,3.0,2007.0,0.0,2.0,578.0,2.0,2.0,0.0,144.0,105.0,0.0,0.0,0.0,0.0,4.0,4.0,0.0,8.0,2007.0,227875.0,1.0,0.0,1.0,0.0,0.0,0.0,0.0,0.0,0.8356164383561644,0.08356164383561644,0.08561643835616438,0.2047945205479452,0.04452054794520548,0.0589041095890411,0.863013698630137,0.9897260273972602,0.7205479452054795,0.7815068493150685,0.9821917808219178,0.3527397260273973,0.3452054794520548,0.44315068493150683,0.9780821917808219,0.914324880054832,0.630891950688905
688,62.2,5105.0,2.0,0.0,0.0,3.0,7.0,5.0,2004.0,2004.0,0.0,1.0,2.0,1.0,2.0,3.0,0.0,239.0,5.0,0.0,312.0,551.0,0.0,551.0,551.0,0.0,1102.0,2.0,1.0,1.0,4.0,0.0,0.0,5.0,2.5,2004.0,2.0,2.0,480.0,2.0,2.0,0.0,0.0,60.0,0.0,0.0,0.0,0.0,4.0,4.0,0.0,3.0,2007.0,148800.0,1.0,0.0,1.0,0.0,0.0,0.0,0.0,0.0,0.07808219178082192,0.8678082191780822,0.8205479452054795,0.04315068493150685,0.04452054794520548,0.0589041095890411,0.863013698630137,0.9897260273972602,0.03219178082191781,0.7815068493150685,0.9821917808219178,0.1506849315068493,0.14657534246575343,0.44315068493150683,0.9780821917808219,0.914324880054832,0.28063814358230604
689,60.0,8089.0,0.0,2.0,0.0,0.0,8.0,6.0,2007.0,2007.0,0.0,1.0,2.0,1.0,2.0,1.0,0.0,945.0,5.0,0.0,474.0,1419.0,0.0,1419.0,0.0,0.0,1419.0,2.0,1.0,1.0,7.0,0.0,1.0,1.0,3.0,2007.0,1.0,2.0,567.0,2.0,2.0,0.0,140.0,0.0,0.0,0.0,0.0,0.0,4.0,4.0,0.0,10.0,2007.0,392000.0,1.0,0.0,1.0,1.0,0.0,0.0,0.0,0.0,0.8356164383561644,0.08356164383561644,0.08561643835616438,0.36712328767123287,0.7883561643835616,0.017123287671232876,0.863013698630137,0.9897260273972602,0.7205479452054795,0.7815068493150685,0.9821917808219178,0.1506849315068493,0.14657534246575343,0.44315068493150683,0.9780821917808219,0.914324880054832,0.630891950688905
690,61.0,7577.0,1.0,0.0,0.0,0.0,6.0,5.0,2005.0,2006.0,256.0,1.0,2.0,1.0,2.0,1.0,1.0,20.0,5.0,0.0,1342.0,1362.0,0.0,1362.0,0.0,0.0,1362.0,2.0,1.0,1.0,6.0,0.0,1.0,1.0,2.0,2005.0,1.0,2.0,460.0,2.0,2.0,0.0,192.0,28.0,0.0,0.0,0.0,0.0,4.0,4.0,0.0,6.0,2007.0,194700.0,1.0,0.0,1.0,0.0,1.0,0.0,0.0,0.0,0.07808219178082192,0.8678082191780822,0.8205479452054795,0.05958904109589041,0.7883561643835616,0.05273972602739726,0.863013698630137,0.9897260273972602,0.18013698630136987,0.7815068493150685,0.9821917808219178,0.3527397260273973,0.3452054794520548,0.44315068493150683,0.9780821917808219,0.914324880054832,0.630891950688905
691,51.4,4426.0,0.0,0.0,0.0,0.0,6.0,5.0,2004.0,2004.0,147.0,1.0,2.0,1.0,2.0,0.0,0.0,697.0,5.0,0.0,151.0,848.0,0.0,848.0,0.0,0.0,848.0,1.0,1.0,1.0,3.0,0.0,1.0,2.0,2.0,2004.0,1.0,2.0,420.0,2.0,2.0,0.0,149.0,0.0,0.0,0.0,0.0,0.0,4.0,4.0,0.0,5.0,2008.0,141000.0,1.0,0.0,1.0,1.0,0.0,0.0,0.0,0.0,0.07808219178082192,0.8678082191780822,0.8205479452054795,0.05958904109589041,0.14931506849315068,0.10273972602739725,0.863013698630137,0.9897260273972602,0.7205479452054795,0.7815068493150685,0.9821917808219178,0.3527397260273973,0.3452054794520548,0.44315068493150683,0.9780821917808219,0.914324880054832,0.630891950688905
692,104.0,21535.0,1.0,0.0,0.0,3.0,10.0,6.0,1994.0,1995.0,1170.0,0.0,2.0,0.0,2.0,0.0,0.0,1455.0,5.0,0.0,989.0,2444.0,0.0,2444.0,1872.0,0.0,4316.0,4.0,1.0,0.0,10.0,0.0,2.0,0.0,4.0,1994.0,0.0,3.0,832.0,2.0,2.0,0.0,382.0,50.0,0.0,0.0,0.0,0.0,4.0,4.0,0.0,1.0,2007.0,755000.0,1.0,0.0,1.0,1.0,0.0,0.0,0.0,0.0,0.8356164383561644,0.8678082191780822,0.8205479452054795,0.2047945205479452,0.7883561643835616,0.028082191780821917,0.863013698630137,0.9897260273972602,0.18013698630136987,0.7815068493150685,0.00410958904109589,0.15205479452054796,0.14178082191780822,0.44315068493150683,0.9780821917808219,0.914324880054832,0.630891950688905
693,42.0,26178.0,1.0,0.0,1.0,3.0,7.0,5.0,1989.0,1990.0,293.0,1.0,2.0,1.0,2.0,0.0,0.0,965.0,5.0,0.0,245.0,1210.0,0.0,1238.0,1281.0,0.0,2519.0,4.0,1.0,1.0,9.0,0.0,2.0,1.0,3.5,1989.0,1.0,2.0,628.0,2.0,2.0,0.0,320.0,27.0,0.0,0.0,0.0,0.0,4.0,4.0,0.0,4.0,2006.0,335000.0,1.0,0.0,1.0,1.0,0.0,0.0,0.0,0.0,0.8356164383561644,0.8678082191780822,0.8205479452054795,0.2047945205479452,0.7883561643835616,0.026027397260273973,0.863013698630137,0.9897260273972602,0.7205479452054795,0.1958904109589041,0.9821917808219178,0.1506849315068493,0.14657534246575343,0.44315068493150683,0.9780821917808219,0.914324880054832,0.630891950688905
694,60.0,5400.0,0.0,0.0,2.0,0.0,5.0,6.0,1921.0,1968.0,0.0,2.0,2.0,2.0,2.0,3.0,5.0,0.0,5.0,0.0,1073.0,1073.0,0.0,1073.0,0.0,0.0,1073.0,2.0,1.0,2.0,4.0,0.0,0.0,5.0,1.0,1968.0,2.0,1.0,326.0,2.0,2.0,0.0,0.0,0.0,112.0,0.0,0.0,0.0,4.0,4.0,0.0,12.0,2006.0,108480.0,1.0,0.0,1.0,0.0,0.0,0.0,0.0,0.0,0.8356164383561644,0.8678082191780822,0.06917808219178082,0.04726027397260274,0.7883561643835616,0.0773972602739726,0.863013698630137,0.9897260273972602,0.18013698630136987,0.7815068493150685,0.9821917808219178,0.1506849315068493,0.14657534246575343,0.1,0.9780821917808219,0.914324880054832,0.28063814358230604
695,51.0,6120.0,0.0,0.0,0.0,1.0,5.0,6.0,1936.0,1950.0,0.0,2.0,3.0,2.0,2.0,3.0,5.0,0.0,5.0,0.0,927.0,927.0,2.0,1067.0,472.0,0.0,1539.0,3.0,1.0,2.0,5.0,0.0,0.0,5.0,1.5,1995.0,2.0,2.0,576.0,2.0,2.0,0.0,112.0,0.0,0.0,0.0,0.0,0.0,4.0,1.0,0.0,4.0,2009.0,141500.0,1.0,0.0,1.0,0.0,0.0,0.0,0.0,0.0,0.8356164383561644,0.8678082191780822,0.8205479452054795,0.09863013698630137,0.14931506849315068,0.03972602739726028,0.863013698630137,0.9897260273972602,0.18013698630136987,0.7815068493150685,0.9821917808219178,0.1410958904109589,0.13493150684931507,0.1,0.9780821917808219,0.914324880054832,0.28063814358230604
696,54.0,13811.0,1.0,0.0,0.0,0.0,6.0,6.0,1987.0,1987.0,72.0,2.0,2.0,1.0,1.0,3.0,0.0,980.0,4.0,40.0,92.0,1112.0,1.0,1137.0,0.0,0.0,1137.0,2.0,1.0,1.0,5.0,0.0,1.0,2.0,3.0,1987.0,2.0,2.0,551.0,2.0,2.0,0.0,125.0,0.0,0.0,0.0,0.0,0.0,4.0,4.0,0.0,7.0,2006.0,176000.0,1.0,0.0,1.0,1.0,0.0,0.0,0.0,0.0,0.8356164383561644,0.8678082191780822,0.8205479452054795,0.36712328767123287,0.7883561643835616,0.026027397260273973,0.863013698630137,0.9897260273972602,0.7205479452054795,0.7815068493150685,0.9821917808219178,0.15205479452054796,0.14178082191780822,0.43424657534246575,0.9780821917808219,0.914324880054832,0.630891950688905
697,50.0,6000.0,0.0,0.0,0.0,0.0,5.0,7.0,1921.0,1950.0,0.0,2.0,2.0,2.0,2.0,3.0,4.0,616.0,5.0,0.0,0.0,616.0,1.0,616.0,0.0,0.0,616.0,2.0,1.0,2.0,4.0,0.0,0.0,5.0,1.0,1921.0,2.0,1.0,205.0,2.0,2.0,0.0,0.0,0.0,129.0,0.0,0.0,0.0,4.0,4.0,0.0,6.0,2006.0,89000.0,1.0,0.0,1.0,0.0,0.0,0.0,0.0,0.0,0.8356164383561644,0.8678082191780822,0.8205479452054795,0.04726027397260274,0.14931506849315068,0.03972602739726028,0.863013698630137,0.9897260273972602,0.7205479452054795,0.7815068493150685,0.9821917808219178,0.1410958904109589,0.026027397260273973,0.43424657534246575,0.9780821917808219,0.914324880054832,0.28063814358230604
698,57.0,6420.0,1.0,0.0,0.0,0.0,5.0,7.0,1952.0,1952.0,0.0,2.0,2.0,0.0,1.0,2.0,4.0,210.0,1.0,551.0,219.0,980.0,3.0,1148.0,0.0,0.0,1148.0,2.0,1.0,2.0,6.0,0.0,0.0,5.0,1.5,1952.0,2.0,1.0,308.0,2.0,2.0,0.0,0.0,0.0,0.0,0.0,0.0,0.0,4.0,4.0,0.0,9.0,2006.0,123500.0,1.0,0.0,1.0,0.0,0.0,0.0,0.0,0.0,0.8356164383561644,0.8678082191780822,0.8205479452054795,0.36712328767123287,0.7883561643835616,0.0684931506849315,0.863013698630137,0.9897260273972602,0.7205479452054795,0.7815068493150685,0.9821917808219178,0.1410958904109589,0.13493150684931507,0.44315068493150683,0.9780821917808219,0.06442769019876628,0.28063814358230604
699,65.0,8450.0,0.0,0.0,0.0,0.0,5.0,8.0,1965.0,2009.0,0.0,2.0,1.0,2.0,2.0,3.0,0.0,553.0,2.0,117.0,224.0,894.0,0.0,894.0,0.0,0.0,894.0,3.0,1.0,2.0,5.0,0.0,1.0,1.0,2.0,1973.0,2.0,1.0,336.0,2.0,2.0,0.0,416.0,144.0,0.0,0.0,0.0,0.0,4.0,1.0,0.0,4.0,2010.0,138500.0,1.0,0.0,1.0,0.0,0.0,0.0,0.0,0.0,0.8356164383561644,0.8678082191780822,0.8205479452054795,0.36712328767123287,0.7883561643835616,0.050684931506849315,0.007534246575342466,0.9897260273972602,0.7205479452054795,0.7815068493150685,0.9821917808219178,0.1506849315068493,0.14657534246575343,0.43424657534246575,0.9780821917808219,0.914324880054832,0.28063814358230604
700,59.0,4282.0,2.0,0.0,0.0,0.0,7.0,5.0,2004.0,2004.0,0.0,1.0,2.0,1.0,2.0,2.0,0.0,16.0,5.0,0.0,1375.0,1391.0,0.0,1391.0,0.0,0.0,1391.0,2.0,1.0,1.0,5.0,0.0,0.0,5.0,2.0,2004.0,1.0,2.0,530.0,2.0,2.0,0.0,156.0,158.0,0.0,0.0,0.0,0.0,4.0,4.0,0.0,7.0,2008.0,196000.0,1.0,1.0,1.0,0.0,0.0,0.0,0.0,0.0,0.07808219178082192,0.8678082191780822,0.8205479452054795,0.05958904109589041,0.04452054794520548,0.0589041095890411,0.863013698630137,0.9897260273972602,0.7205479452054795,0.7815068493150685,0.9821917808219178,0.1506849315068493,0.14657534246575343,0.44315068493150683,0.9780821917808219,0.914324880054832,0.630891950688905
701,85.0,14331.0,0.0,0.0,0.0,0.0,8.0,5.0,2002.0,2002.0,630.0,1.0,2.0,0.0,2.0,0.0,0.0,1274.0,5.0,0.0,526.0,1800.0,0.0,1800.0,0.0,0.0,1800.0,3.0,1.0,1.0,7.0,0.0,1.0,1.0,3.0,2002.0,0.0,3.0,765.0,2.0,2.0,0.0,270.0,78.0,0.0,0.0,0.0,0.0,4.0,4.0,0.0,5.0,2006.0,312500.0,1.0,0.0,1.0,1.0,0.0,0.0,0.0,0.0,0.8356164383561644,0.8678082191780822,0.8205479452054795,0.36712328767123287,0.7883561643835616,0.026027397260273973,0.863013698630137,0.9897260273972602,0.7205479452054795,0.1958904109589041,0.9821917808219178,0.3527397260273973,0.3452054794520548,0.44315068493150683,0.9780821917808219,0.914324880054832,0.630891950688905
702,80.0,9600.0,0.0,0.0,0.0,0.0,7.0,5.0,1969.0,1969.0,168.0,2.0,2.0,2.0,2.0,3.0,5.0,0.0,5.0,0.0,1164.0,1164.0,2.0,1164.0,0.0,0.0,1164.0,3.0,1.0,2.0,6.0,0.0,0.0,5.0,1.5,1969.0,2.0,2.0,528.0,2.0,2.0,0.0,0.0,0.0,0.0,0.0,0.0,0.0,4.0,4.0,0.0,7.0,2006.0,140000.0,1.0,0.0,1.0,1.0,0.0,0.0,0.0,0.0,0.8356164383561644,0.02945205479452055,0.8205479452054795,0.36712328767123287,0.7883561643835616,0.05,0.863013698630137,0.9897260273972602,0.7205479452054795,0.1958904109589041,0.9821917808219178,0.15205479452054796,0.14178082191780822,0.43424657534246575,0.9780821917808219,0.914324880054832,0.630891950688905
703,82.0,12438.0,1.0,0.0,0.0,3.0,8.0,5.0,2006.0,2006.0,466.0,0.0,2.0,0.0,1.0,3.0,5.0,0.0,5.0,0.0,1234.0,1234.0,0.0,1264.0,1312.0,0.0,2576.0,4.0,1.0,0.0,10.0,0.0,1.0,1.0,2.5,2006.0,0.0,3.0,666.0,2.0,2.0,0.0,324.0,100.0,0.0,0.0,0.0,0.0,4.0,4.0,0.0,7.0,2006.0,361919.0,1.0,0.0,1.0,1.0,0.0,0.0,0.0,0.0,0.8356164383561644,0.08356164383561644,0.08561643835616438,0.2047945205479452,0.7883561643835616,0.017123287671232876,0.863013698630137,0.9897260273972602,0.7205479452054795,0.1958904109589041,0.9821917808219178,0.3527397260273973,0.3452054794520548,0.44315068493150683,0.9780821917808219,0.914324880054832,0.06381435823060189
704,76.0,7630.0,0.0,0.0,0.0,3.0,5.0,9.0,1900.0,1996.0,0.0,2.0,1.0,1.0,2.0,3.0,5.0,0.0,5.0,0.0,360.0,360.0,1.0,1032.0,780.0,0.0,1812.0,4.0,2.0,1.0,8.0,0.0,1.0,4.0,2.0,1999.0,2.0,2.0,672.0,2.0,2.0,2.0,344.0,0.0,40.0,0.0,0.0,0.0,4.0,1.0,0.0,5.0,2010.0,140000.0,1.0,0.0,1.0,0.0,0.0,0.0,0.0,0.0,0.021232876712328767,0.8678082191780822,0.8205479452054795,0.02054794520547945,0.14931506849315068,0.0773972602739726,0.05547945205479452,0.9897260273972602,0.7205479452054795,0.7815068493150685,0.9821917808219178,0.1410958904109589,0.13493150684931507,0.1,0.9780821917808219,0.914324880054832,0.28063814358230604
705,70.0,8400.0,0.0,0.0,0.0,0.0,7.0,5.0,2004.0,2005.0,109.0,1.0,2.0,1.0,2.0,1.0,0.0,712.0,5.0,0.0,761.0,1473.0,0.0,1484.0,0.0,0.0,1484.0,3.0,1.0,1.0,7.0,0.0,0.0,5.0,3.0,2004.0,1.0,2.0,606.0,2.0,2.0,0.0,0.0,35.0,0.0,144.0,0.0,0.0,4.0,4.0,0.0,5.0,2010.0,213000.0,1.0,0.0,1.0,1.0,0.0,0.0,0.0,0.0,0.8356164383561644,0.8678082191780822,0.8205479452054795,0.36712328767123287,0.7883561643835616,0.10273972602739725,0.863013698630137,0.9897260273972602,0.7205479452054795,0.7815068493150685,0.9821917808219178,0.3527397260273973,0.3452054794520548,0.44315068493150683,0.9780821917808219,0.914324880054832,0.630891950688905
706,70.0,5600.0,0.0,0.0,0.0,3.0,4.0,5.0,1930.0,1950.0,0.0,3.0,3.0,5.0,5.0,4.0,6.0,0.0,6.0,0.0,0.0,0.0,3.0,372.0,720.0,0.0,1092.0,3.0,2.0,3.0,7.0,3.0,0.0,5.0,2.0,1948.6,3.0,0.0,0.0,5.0,5.0,2.0,0.0,0.0,0.0,0.0,0.0,0.0,4.0,4.0,3500.0,7.0,2010.0,55000.0,1.0,0.0,0.0,0.0,0.0,1.0,0.0,0.0,0.021232876712328767,0.8678082191780822,0.8205479452054795,0.02054794520547945,0.14931506849315068,0.025342465753424658,0.863013698630137,0.9897260273972602,0.7205479452054795,0.1958904109589041,0.9821917808219178,0.3527397260273973,0.026027397260273973,0.01643835616438356,0.9780821917808219,0.914324880054832,0.29731689630166785
707,86.8,115149.0,2.0,3.0,2.0,0.0,7.0,5.0,1971.0,2002.0,351.0,2.0,2.0,1.0,2.0,0.0,0.0,1219.0,5.0,0.0,424.0,1643.0,2.0,1824.0,0.0,0.0,1824.0,2.0,1.0,1.0,5.0,0.0,2.0,2.0,3.0,1971.0,2.0,2.0,739.0,2.0,2.0,0.0,380.0,48.0,0.0,0.0,0.0,0.0,4.0,4.0,0.0,6.0,2007.0,302000.0,1.0,0.0,1.0,0.0,1.0,0.0,0.0,0.0,0.8356164383561644,0.8678082191780822,0.8205479452054795,0.36712328767123287,0.7883561643835616,0.019178082191780823,0.863013698630137,0.9897260273972602,0.06438356164383562,0.7815068493150685,0.9821917808219178,0.07397260273972603,0.09726027397260274,0.43424657534246575,0.9780821917808219,0.914324880054832,0.630891950688905
708,48.0,6240.0,0.0,0.0,0.0,0.0,8.0,5.0,2006.0,2006.0,176.0,1.0,2.0,1.0,2.0,3.0,0.0,863.0,5.0,0.0,461.0,1324.0,0.0,1324.0,0.0,0.0,1324.0,2.0,1.0,1.0,6.0,0.0,1.0,1.0,3.0,2006.0,0.0,2.0,550.0,2.0,2.0,0.0,192.0,38.0,0.0,0.0,0.0,0.0,4.0,4.0,0.0,12.0,2009.0,254000.0,1.0,0.0,1.0,1.0,0.0,0.0,0.0,0.0,0.07808219178082192,0.8678082191780822,0.8205479452054795,0.05958904109589041,0.7883561643835616,0.05273972602739726,0.863013698630137,0.9897260273972602,0.7205479452054795,0.1958904109589041,0.9821917808219178,0.1506849315068493,0.14657534246575343,0.44315068493150683,0.9780821917808219,0.914324880054832,0.630891950688905
709,65.0,9018.0,1.0,0.0,0.0,3.0,7.0,5.0,2007.0,2007.0,0.0,1.0,2.0,1.0,2.0,1.0,5.0,0.0,5.0,0.0,728.0,728.0,0.0,728.0,728.0,0.0,1456.0,3.0,1.0,1.0,8.0,0.0,1.0,1.0,2.5,2007.0,0.0,2.0,400.0,2.0,2.0,0.0,100.0,24.0,0.0,0.0,0.0,0.0,4.0,4.0,0.0,7.0,2007.0,179540.0,1.0,0.0,1.0,0.0,0.0,0.0,0.0,0.0,0.8356164383561644,0.08356164383561644,0.08561643835616438,0.2047945205479452,0.7883561643835616,0.05410958904109589,0.863013698630137,0.9897260273972602,0.7205479452054795,0.1958904109589041,0.9821917808219178,0.3527397260273973,0.3452054794520548,0.44315068493150683,0.9780821917808219,0.914324880054832,0.630891950688905
710,65.0,7162.0,1.0,0.0,0.0,0.0,5.0,7.0,1966.0,1966.0,41.0,2.0,2.0,2.0,2.0,3.0,5.0,0.0,5.0,0.0,876.0,876.0,2.0,904.0,0.0,0.0,904.0,3.0,1.0,2.0,6.0,0.0,0.0,5.0,1.0,1966.0,2.0,1.0,408.0,2.0,2.0,0.0,0.0,0.0,0.0,0.0,0.0,0.0,4.0,1.0,0.0,12.0,2008.0,109900.0,1.0,0.0,1.0,0.0,0.0,0.0,0.0,0.0,0.8356164383561644,0.8678082191780822,0.06917808219178082,0.36712328767123287,0.7883561643835616,0.050684931506849315,0.863013698630137,0.9897260273972602,0.7205479452054795,0.7815068493150685,0.9821917808219178,0.15205479452054796,0.14178082191780822,0.44315068493150683,0.9780821917808219,0.914324880054832,0.630891950688905
711,56.0,4130.0,1.0,0.0,0.0,0.0,3.0,6.0,1935.0,2003.0,0.0,1.0,2.0,2.0,2.0,3.0,5.0,0.0,5.0,0.0,270.0,270.0,1.0,729.0,0.0,0.0,729.0,2.0,1.0,2.0,5.0,5.0,0.0,5.0,1.0,1948.6,3.0,0.0,0.0,5.0,5.0,2.0,0.0,0.0,0.0,0.0,0.0,0.0,4.0,4.0,0.0,7.0,2008.0,52000.0,1.0,0.0,1.0,0.0,0.0,0.0,0.0,0.0,0.8356164383561644,0.8678082191780822,0.8205479452054795,0.04726027397260274,0.7883561643835616,0.03972602739726028,0.863013698630137,0.9897260273972602,0.7205479452054795,0.7815068493150685,0.9821917808219178,0.3527397260273973,0.3452054794520548,0.43424657534246575,0.9780821917808219,0.914324880054832,0.29731689630166785
712,66.0,8712.0,0.0,2.0,1.0,1.0,4.0,7.0,1900.0,1950.0,0.0,2.0,2.0,2.0,2.0,2.0,5.0,0.0,5.0,0.0,859.0,859.0,1.0,859.0,319.0,0.0,1178.0,2.0,1.0,2.0,7.0,0.0,0.0,5.0,1.0,1964.0,1.0,1.0,384.0,2.0,2.0,2.0,68.0,0.0,98.0,0.0,0.0,0.0,4.0,4.0,0.0,1.0,2010.0,102776.0,1.0,1.0,1.0,0.0,0.0,0.0,0.0,0.0,0.8356164383561644,0.8678082191780822,0.06917808219178082,0.09863013698630137,0.00684931506849315,0.025342465753424658,0.863013698630137,0.9897260273972602,0.7205479452054795,0.7815068493150685,0.9821917808219178,0.1506849315068493,0.14657534246575343,0.00410958904109589,0.9780821917808219,0.914324880054832,0.28063814358230604
713,40.0,4671.0,1.0,2.0,0.0,0.0,8.0,5.0,1988.0,1989.0,0.0,1.0,2.0,1.0,2.0,2.0,0.0,767.0,5.0,0.0,461.0,1228.0,1.0,1228.0,0.0,0.0,1228.0,2.0,1.0,1.0,5.0,0.0,1.0,1.0,3.0,1988.0,0.0,2.0,472.0,2.0,2.0,0.0,168.0,120.0,0.0,0.0,0.0,0.0,4.0,4.0,0.0,10.0,2008.0,189000.0,1.0,0.0,1.0,0.0,0.0,0.0,0.0,0.0,0.07808219178082192,0.8678082191780822,0.8205479452054795,0.05958904109589041,0.7883561643835616,0.017123287671232876,0.863013698630137,0.9897260273972602,0.7205479452054795,0.7815068493150685,0.9821917808219178,0.15205479452054796,0.14178082191780822,0.44315068493150683,0.9780821917808219,0.914324880054832,0.630891950688905
714,60.0,9873.0,0.0,0.0,0.0,0.0,4.0,5.0,1970.0,1970.0,160.0,2.0,2.0,2.0,2.0,1.0,1.0,789.0,5.0,0.0,171.0,960.0,2.0,960.0,0.0,0.0,960.0,3.0,1.0,2.0,6.0,0.0,0.0,5.0,2.0,1970.0,2.0,2.0,576.0,2.0,2.0,0.0,0.0,288.0,0.0,0.0,0.0,0.0,4.0,4.0,0.0,5.0,2006.0,129000.0,1.0,0.0,0.0,1.0,0.0,0.0,0.0,0.0,0.021232876712328767,0.8678082191780822,0.8205479452054795,0.02054794520547945,0.7883561643835616,0.03972602739726028,0.01780821917808219,0.9897260273972602,0.7205479452054795,0.7815068493150685,0.9821917808219178,0.15205479452054796,0.14178082191780822,0.43424657534246575,0.012328767123287671,0.914324880054832,0.28063814358230604
715,71.2,13517.0,1.0,0.0,0.0,3.0,6.0,8.0,1976.0,2005.0,289.0,1.0,2.0,2.0,2.0,3.0,0.0,533.0,5.0,0.0,192.0,725.0,0.0,725.0,754.0,0.0,1479.0,3.0,1.0,1.0,6.0,0.0,0.0,5.0,2.5,1976.0,1.0,2.0,475.0,2.0,2.0,0.0,0.0,44.0,0.0,0.0,0.0,0.0,4.0,4.0,0.0,3.0,2010.0,130500.0,1.0,0.0,1.0,1.0,0.0,0.0,0.0,0.0,0.8356164383561644,0.8678082191780822,0.8205479452054795,0.2047945205479452,0.7883561643835616,0.050684931506849315,0.007534246575342466,0.9897260273972602,0.06438356164383562,0.7815068493150685,0.9821917808219178,0.15205479452054796,0.09726027397260274,0.43424657534246575,0.9780821917808219,0.914324880054832,0.630891950688905
716,78.0,10140.0,0.0,0.0,0.0,0.0,6.0,5.0,1974.0,1974.0,174.0,2.0,2.0,1.0,2.0,3.0,5.0,0.0,5.0,0.0,1064.0,1064.0,2.0,1350.0,0.0,0.0,1350.0,3.0,1.0,2.0,7.0,0.0,1.0,2.0,2.0,1974.0,1.0,2.0,478.0,2.0,2.0,0.0,0.0,0.0,0.0,0.0,0.0,0.0,4.0,1.0,0.0,8.0,2009.0,165000.0,1.0,0.0,1.0,1.0,0.0,0.0,0.0,0.0,0.8356164383561644,0.8678082191780822,0.8205479452054795,0.36712328767123287,0.7883561643835616,0.05,0.863013698630137,0.9897260273972602,0.7205479452054795,0.1958904109589041,0.9821917808219178,0.15205479452054796,0.14178082191780822,0.43424657534246575,0.9780821917808219,0.914324880054832,0.630891950688905
717,60.0,10800.0,0.0,1.0,0.0,3.0,7.0,8.0,1890.0,1998.0,0.0,2.0,1.0,2.0,2.0,3.0,5.0,0.0,5.0,0.0,718.0,718.0,0.0,1576.0,978.0,0.0,2554.0,3.0,1.0,2.0,8.0,0.0,0.0,5.0,1.5,1996.0,2.0,2.0,704.0,2.0,2.0,1.0,0.0,48.0,143.0,0.0,0.0,0.0,4.0,4.0,0.0,7.0,2007.0,159500.0,1.0,0.0,1.0,0.0,0.0,0.0,0.0,0.0,0.8356164383561644,0.8678082191780822,0.8205479452054795,0.0410958904109589,0.14931506849315068,0.0773972602739726,0.863013698630137,0.9897260273972602,0.7205479452054795,0.7815068493150685,0.9821917808219178,0.1410958904109589,0.3452054794520548,0.1,0.9780821917808219,0.914324880054832,0.28063814358230604
718,80.0,10000.0,0.0,0.0,0.0,0.0,5.0,6.0,1973.0,2000.0,0.0,2.0,2.0,1.0,2.0,3.0,2.0,1084.0,5.0,0.0,92.0,1176.0,1.0,1178.0,0.0,0.0,1178.0,3.0,1.0,1.0,5.0,0.0,1.0,3.0,2.0,1973.0,2.0,2.0,439.0,2.0,2.0,0.0,224.0,0.0,0.0,0.0,0.0,0.0,4.0,1.0,0.0,11.0,2008.0,157000.0,1.0,0.0,1.0,0.0,0.0,0.0,0.0,0.0,0.8356164383561644,0.8678082191780822,0.8205479452054795,0.36712328767123287,0.7883561643835616,0.05,0.863013698630137,0.9897260273972602,0.7205479452054795,0.7815068493150685,0.9821917808219178,0.15205479452054796,0.14178082191780822,0.43424657534246575,0.9780821917808219,0.914324880054832,0.630891950688905
719,96.0,10542.0,0.0,0.0,0.0,3.0,7.0,5.0,1993.0,1994.0,651.0,1.0,2.0,1.0,2.0,0.0,0.0,1173.0,5.0,0.0,138.0,1311.0,0.0,1325.0,1093.0,0.0,2418.0,3.0,1.0,1.0,9.0,0.0,1.0,2.0,3.5,1993.0,1.0,3.0,983.0,2.0,2.0,0.0,250.0,154.0,216.0,0.0,0.0,0.0,4.0,4.0,0.0,8.0,2008.0,341000.0,1.0,0.0,1.0,1.0,0.0,0.0,0.0,0.0,0.8356164383561644,0.8678082191780822,0.8205479452054795,0.2047945205479452,0.7883561643835616,0.028082191780821917,0.863013698630137,0.9897260273972602,0.7205479452054795,0.1958904109589041,0.9821917808219178,0.1410958904109589,0.00684931506849315,0.44315068493150683,0.9780821917808219,0.914324880054832,0.630891950688905
720,69.0,9920.0,1.0,0.0,0.0,0.0,5.0,6.0,1969.0,1969.0,0.0,2.0,2.0,1.0,2.0,0.0,1.0,523.0,5.0,0.0,448.0,971.0,2.0,971.0,0.0,0.0,971.0,3.0,1.0,2.0,5.0,0.0,1.0,4.0,1.5,1969.0,2.0,1.0,300.0,2.0,2.0,0.0,0.0,0.0,0.0,0.0,0.0,0.0,4.0,4.0,0.0,5.0,2006.0,128500.0,1.0,0.0,1.0,0.0,0.0,0.0,0.0,0.0,0.8356164383561644,0.8678082191780822,0.8205479452054795,0.36712328767123287,0.7883561643835616,0.10273972602739725,0.863013698630137,0.9897260273972602,0.7205479452054795,0.7815068493150685,0.9821917808219178,0.15205479452054796,0.09726027397260274,0.43424657534246575,0.9780821917808219,0.914324880054832,0.630891950688905
721,59.0,6563.0,1.0,3.0,1.0,0.0,8.0,5.0,1985.0,1985.0,0.0,1.0,2.0,1.0,2.0,0.0,0.0,1148.0,5.0,0.0,594.0,1742.0,2.0,1742.0,0.0,0.0,1742.0,2.0,1.0,1.0,5.0,0.0,1.0,2.0,3.0,1985.0,1.0,2.0,564.0,2.0,2.0,0.0,114.0,28.0,234.0,0.0,0.0,0.0,4.0,4.0,0.0,12.0,2006.0,275000.0,1.0,0.0,1.0,0.0,0.0,0.0,0.0,0.0,0.8356164383561644,0.8678082191780822,0.8205479452054795,0.05958904109589041,0.7883561643835616,0.017123287671232876,0.863013698630137,0.9897260273972602,0.06438356164383562,0.7815068493150685,0.9821917808219178,0.15205479452054796,0.14178082191780822,0.44315068493150683,0.9780821917808219,0.914324880054832,0.630891950688905
722,49.0,4426.0,0.0,0.0,0.0,0.0,6.0,5.0,2004.0,2004.0,169.0,1.0,2.0,1.0,2.0,1.0,0.0,662.0,5.0,0.0,186.0,848.0,0.0,848.0,0.0,0.0,848.0,1.0,1.0,1.0,3.0,0.0,0.0,5.0,2.0,2004.0,1.0,2.0,420.0,2.0,2.0,0.0,160.0,0.0,0.0,0.0,0.0,0.0,4.0,4.0,0.0,5.0,2010.0,143000.0,1.0,0.0,1.0,1.0,0.0,0.0,0.0,0.0,0.07808219178082192,0.8678082191780822,0.8205479452054795,0.05958904109589041,0.14931506849315068,0.10273972602739725,0.863013698630137,0.9897260273972602,0.7205479452054795,0.7815068493150685,0.9821917808219178,0.3527397260273973,0.3452054794520548,0.44315068493150683,0.9780821917808219,0.914324880054832,0.630891950688905
723,70.0,8120.0,0.0,0.0,0.0,0.0,4.0,7.0,1970.0,1970.0,0.0,2.0,1.0,2.0,2.0,3.0,1.0,191.0,5.0,0.0,673.0,864.0,0.0,864.0,0.0,0.0,864.0,3.0,1.0,2.0,5.0,0.0,0.0,5.0,1.0,1994.0,2.0,2.0,463.0,2.0,2.0,0.0,0.0,0.0,0.0,0.0,0.0,0.0,4.0,4.0,0.0,7.0,2009.0,124500.0,1.0,0.0,1.0,0.0,0.0,0.0,0.0,0.0,0.8356164383561644,0.8678082191780822,0.8205479452054795,0.36712328767123287,0.7883561643835616,0.1541095890410959,0.863013698630137,0.9897260273972602,0.7205479452054795,0.7815068493150685,0.9821917808219178,0.1506849315068493,0.14657534246575343,0.43424657534246575,0.9780821917808219,0.914324880054832,0.28063814358230604
724,60.0,8172.0,0.0,0.0,0.0,1.0,4.0,6.0,1954.0,1972.0,0.0,2.0,2.0,2.0,2.0,3.0,5.0,0.0,5.0,0.0,941.0,941.0,0.0,997.0,473.0,0.0,1470.0,4.0,1.0,2.0,7.0,0.0,0.0,5.0,2.0,1958.0,2.0,1.0,548.0,2.0,2.0,0.0,0.0,0.0,0.0,0.0,156.0,0.0,4.0,4.0,0.0,5.0,2008.0,135000.0,1.0,0.0,1.0,0.0,0.0,0.0,0.0,0.0,0.8356164383561644,0.8678082191780822,0.8205479452054795,0.09863013698630137,0.7883561643835616,0.0684931506849315,0.863013698630137,0.9897260273972602,0.7205479452054795,0.7815068493150685,0.9821917808219178,0.1506849315068493,0.14657534246575343,0.44315068493150683,0.9780821917808219,0.914324880054832,0.28063814358230604
725,86.0,13286.0,1.0,0.0,0.0,0.0,9.0,5.0,2007.0,2008.0,340.0,0.0,2.0,0.0,2.0,3.0,0.0,1234.0,5.0,0.0,464.0,1698.0,0.0,1698.0,0.0,0.0,1698.0,3.0,1.0,0.0,8.0,0.0,1.0,1.0,3.0,2007.0,0.0,3.0,768.0,2.0,2.0,0.0,327.0,64.0,0.0,0.0,0.0,0.0,4.0,4.0,0.0,2.0,2009.0,320000.0,1.0,0.0,1.0,0.0,1.0,0.0,0.0,0.0,0.8356164383561644,0.8678082191780822,0.8205479452054795,0.36712328767123287,0.7883561643835616,0.0684931506849315,0.863013698630137,0.9897260273972602,0.7205479452054795,0.1958904109589041,0.9821917808219178,0.04178082191780822,0.0410958904109589,0.44315068493150683,0.9780821917808219,0.914324880054832,0.630891950688905
726,60.0,6960.0,0.0,0.0,0.0,0.0,4.0,6.0,1970.0,1970.0,0.0,2.0,2.0,2.0,2.0,3.0,1.0,375.0,2.0,239.0,250.0,864.0,2.0,864.0,0.0,0.0,864.0,3.0,1.0,1.0,5.0,0.0,0.0,5.0,1.0,1989.0,2.0,2.0,660.0,2.0,2.0,0.0,96.0,0.0,0.0,0.0,0.0,0.0,4.0,4.0,500.0,11.0,2009.0,120500.0,1.0,0.0,1.0,0.0,0.0,0.0,1.0,0.0,0.8356164383561644,0.8678082191780822,0.8205479452054795,0.36712328767123287,0.7883561643835616,0.1541095890410959,0.863013698630137,0.9897260273972602,0.7205479452054795,0.7815068493150685,0.9821917808219178,0.15205479452054796,0.09726027397260274,0.43424657534246575,0.9780821917808219,0.914324880054832,0.28063814358230604
727,77.4,21695.0,1.0,0.0,0.0,0.0,6.0,9.0,1988.0,2007.0,260.0,1.0,1.0,1.0,2.0,3.0,0.0,808.0,5.0,0.0,72.0,880.0,0.0,1680.0,0.0,0.0,1680.0,3.0,1.0,1.0,5.0,0.0,1.0,1.0,3.0,1988.0,0.0,2.0,540.0,2.0,2.0,0.0,292.0,44.0,0.0,182.0,0.0,0.0,4.0,4.0,0.0,12.0,2009.0,222000.0,1.0,0.0,1.0,1.0,0.0,0.0,0.0,0.0,0.8356164383561644,0.8678082191780822,0.8205479452054795,0.36712328767123287,0.7883561643835616,0.03493150684931507,0.863013698630137,0.9897260273972602,0.18013698630136987,0.1958904109589041,0.9821917808219178,0.1410958904109589,0.09726027397260274,0.43424657534246575,0.9780821917808219,0.914324880054832,0.630891950688905
728,64.0,7314.0,0.0,0.0,0.0,0.0,7.0,5.0,2007.0,2007.0,82.0,1.0,2.0,1.0,2.0,1.0,0.0,724.0,5.0,0.0,508.0,1232.0,0.0,1232.0,0.0,0.0,1232.0,2.0,1.0,1.0,6.0,0.0,0.0,5.0,3.0,2007.0,1.0,2.0,632.0,2.0,2.0,0.0,132.0,0.0,0.0,0.0,0.0,0.0,4.0,4.0,0.0,2.0,2009.0,194500.0,1.0,0.0,1.0,0.0,1.0,0.0,0.0,0.0,0.8356164383561644,0.8678082191780822,0.8205479452054795,0.36712328767123287,0.7883561643835616,0.10273972602739725,0.863013698630137,0.9897260273972602,0.7205479452054795,0.7815068493150685,0.9821917808219178,0.3527397260273973,0.3452054794520548,0.44315068493150683,0.9780821917808219,0.914324880054832,0.630891950688905
729,85.0,11475.0,0.0,0.0,0.0,0.0,5.0,5.0,1958.0,1958.0,95.0,2.0,2.0,2.0,2.0,3.0,5.0,0.0,5.0,0.0,1584.0,1584.0,2.0,1776.0,0.0,0.0,1776.0,4.0,2.0,2.0,9.0,0.0,0.0,5.0,3.0,1968.0,2.0,3.0,888.0,2.0,2.0,0.0,0.0,25.0,0.0,0.0,0.0,0.0,4.0,4.0,0.0,7.0,2009.0,110000.0,1.0,0.0,1.0,1.0,0.0,0.0,0.0,0.0,0.03561643835616438,0.02945205479452055,0.06917808219178082,0.03561643835616438,0.7883561643835616,0.1541095890410959,0.863013698630137,0.9897260273972602,0.18013698630136987,0.7815068493150685,0.9821917808219178,0.3527397260273973,0.3452054794520548,0.43424657534246575,0.9780821917808219,0.914324880054832,0.28063814358230604
730,52.0,6240.0,0.0,0.0,0.0,1.0,4.0,5.0,1925.0,1950.0,0.0,2.0,2.0,2.0,2.0,3.0,2.0,152.0,5.0,0.0,628.0,780.0,2.0,848.0,0.0,360.0,1208.0,2.0,1.0,2.0,5.0,0.0,0.0,5.0,1.0,1962.0,2.0,2.0,539.0,2.0,2.0,0.0,0.0,23.0,112.0,0.0,0.0,0.0,4.0,4.0,0.0,1.0,2009.0,103000.0,1.0,0.0,1.0,0.0,0.0,0.0,0.0,0.0,0.8356164383561644,0.8678082191780822,0.8205479452054795,0.04726027397260274,0.14931506849315068,0.025342465753424658,0.863013698630137,0.9897260273972602,0.7205479452054795,0.7815068493150685,0.9821917808219178,0.1506849315068493,0.14657534246575343,0.43424657534246575,0.9780821917808219,0.06442769019876628,0.28063814358230604
731,39.0,5389.0,1.0,0.0,0.0,0.0,8.0,5.0,1995.0,1996.0,0.0,1.0,2.0,1.0,2.0,3.0,0.0,1180.0,5.0,0.0,415.0,1595.0,0.0,1616.0,0.0,0.0,1616.0,2.0,1.0,1.0,5.0,0.0,1.0,2.0,3.0,1995.0,1.0,2.0,608.0,2.0,2.0,0.0,237.0,152.0,0.0,0.0,0.0,0.0,4.0,4.0,0.0,3.0,2010.0,236500.0,1.0,0.0,1.0,0.0,0.0,0.0,0.0,0.0,0.07808219178082192,0.8678082191780822,0.8205479452054795,0.05958904109589041,0.7883561643835616,0.017123287671232876,0.863013698630137,0.9897260273972602,0.7205479452054795,0.7815068493150685,0.9821917808219178,0.04178082191780822,0.0410958904109589,0.44315068493150683,0.9780821917808219,0.914324880054832,0.630891950688905
732,73.0,9590.0,1.0,0.0,0.0,7.0,7.0,5.0,2003.0,2003.0,442.0,1.0,2.0,0.0,2.0,1.0,0.0,786.0,5.0,0.0,82.0,868.0,0.0,1146.0,0.0,0.0,1146.0,3.0,1.0,1.0,6.0,0.0,1.0,1.0,3.0,2003.0,0.0,2.0,438.0,2.0,2.0,0.0,160.0,22.0,0.0,0.0,0.0,0.0,4.0,4.0,0.0,5.0,2007.0,187500.0,1.0,0.0,1.0,1.0,0.0,0.0,0.0,0.0,0.8356164383561644,0.8678082191780822,0.8205479452054795,0.03972602739726028,0.7883561643835616,0.026027397260273973,0.863013698630137,0.9897260273972602,0.18013698630136987,0.7815068493150685,0.9821917808219178,0.3527397260273973,0.3452054794520548,0.44315068493150683,0.9780821917808219,0.914324880054832,0.630891950688905
733,75.0,11404.0,1.0,0.0,0.0,3.0,7.0,5.0,1998.0,1999.0,202.0,1.0,2.0,1.0,2.0,1.0,1.0,252.0,5.0,0.0,901.0,1153.0,0.0,1153.0,878.0,0.0,2031.0,3.0,1.0,1.0,8.0,0.0,1.0,2.0,2.5,1998.0,0.0,2.0,541.0,2.0,2.0,0.0,192.0,84.0,0.0,0.0,0.0,0.0,4.0,4.0,0.0,7.0,2008.0,222500.0,1.0,0.0,1.0,1.0,0.0,0.0,0.0,0.0,0.8356164383561644,0.8678082191780822,0.8205479452054795,0.2047945205479452,0.7883561643835616,0.10273972602739725,0.863013698630137,0.9897260273972602,0.7205479452054795,0.7815068493150685,0.9821917808219178,0.3527397260273973,0.3452054794520548,0.44315068493150683,0.9780821917808219,0.914324880054832,0.630891950688905
734,80.0,10000.0,0.0,0.0,0.0,0.0,5.0,6.0,1961.0,1983.0,0.0,2.0,2.0,2.0,2.0,3.0,2.0,594.0,5.0,0.0,270.0,864.0,0.0,1144.0,0.0,0.0,1144.0,3.0,1.0,2.0,6.0,0.0,1.0,2.0,2.0,1961.0,1.0,1.0,264.0,2.0,2.0,0.0,165.0,0.0,0.0,0.0,0.0,0.0,4.0,2.0,400.0,3.0,2009.0,131400.0,1.0,0.0,1.0,0.0,0.0,0.0,1.0,0.0,0.8356164383561644,0.8678082191780822,0.8205479452054795,0.36712328767123287,0.7883561643835616,0.050684931506849315,0.05547945205479452,0.9897260273972602,0.18013698630136987,0.1958904109589041,0.9821917808219178,0.15205479452054796,0.14178082191780822,0.43424657534246575,0.9780821917808219,0.914324880054832,0.630891950688905
735,63.2,8978.0,1.0,0.0,0.0,0.0,5.0,5.0,1968.0,1968.0,0.0,2.0,2.0,2.0,2.0,3.0,5.0,0.0,5.0,0.0,948.0,948.0,2.0,948.0,0.0,0.0,948.0,3.0,1.0,2.0,6.0,0.0,0.0,5.0,1.0,1968.0,2.0,1.0,300.0,2.0,2.0,0.0,147.0,0.0,0.0,0.0,0.0,0.0,4.0,4.0,0.0,5.0,2007.0,108000.0,1.0,0.0,1.0,0.0,0.0,0.0,0.0,0.0,0.8356164383561644,0.8678082191780822,0.0136986301369863,0.36712328767123287,0.7883561643835616,0.050684931506849315,0.863013698630137,0.9897260273972602,0.18013698630136987,0.7815068493150685,0.9821917808219178,0.07397260273972603,0.09726027397260274,0.44315068493150683,0.9780821917808219,0.914324880054832,0.630891950688905
736,60.0,10800.0,0.0,0.0,0.0,5.0,7.0,7.0,1914.0,1970.0,0.0,2.0,2.0,1.0,2.0,2.0,3.0,390.0,5.0,0.0,490.0,880.0,3.0,880.0,888.0,0.0,1768.0,2.0,1.0,2.0,6.0,0.0,2.0,2.0,1.5,1914.0,2.0,2.0,320.0,2.0,2.0,2.0,0.0,341.0,0.0,0.0,0.0,0.0,4.0,4.0,0.0,10.0,2006.0,163000.0,1.0,0.0,0.0,0.0,0.0,0.0,0.0,0.0,0.8356164383561644,0.8678082191780822,0.8205479452054795,0.010958904109589041,0.14931506849315068,0.0773972602739726,0.863013698630137,0.9897260273972602,0.7205479452054795,0.7815068493150685,0.9821917808219178,0.1410958904109589,0.13493150684931507,0.1,0.012328767123287671,0.914324880054832,0.28063814358230604
737,60.0,8544.0,0.0,0.0,0.0,0.0,3.0,4.0,1950.0,1950.0,0.0,2.0,2.0,5.0,5.0,4.0,6.0,0.0,6.0,0.0,0.0,0.0,1.0,1040.0,0.0,0.0,1040.0,2.0,2.0,2.0,6.0,0.0,0.0,5.0,2.0,1949.0,2.0,2.0,400.0,2.0,2.0,0.0,0.0,0.0,0.0,0.0,0.0,0.0,4.0,4.0,0.0,7.0,2006.0,93500.0,1.0,0.0,0.0,0.0,0.0,0.0,0.0,0.0,0.03561643835616438,0.8678082191780822,0.8205479452054795,0.03561643835616438,0.7883561643835616,0.1541095890410959,0.863013698630137,0.9897260273972602,0.7205479452054795,0.7815068493150685,0.9821917808219178,0.017123287671232876,0.003424657534246575,0.43424657534246575,0.9780821917808219,0.018505825908156272,0.28063814358230604
738,72.0,10463.0,1.0,2.0,0.0,3.0,8.0,5.0,2005.0,2005.0,0.0,1.0,2.0,1.0,2.0,3.0,5.0,0.0,5.0,0.0,893.0,893.0,0.0,901.0,900.0,0.0,1801.0,3.0,1.0,1.0,8.0,0.0,1.0,1.0,2.5,2005.0,0.0,3.0,800.0,2.0,2.0,0.0,0.0,116.0,0.0,0.0,0.0,0.0,4.0,4.0,0.0,6.0,2006.0,239900.0,1.0,0.0,1.0,0.0,0.0,0.0,0.0,0.0,0.8356164383561644,0.8678082191780822,0.8205479452054795,0.2047945205479452,0.7883561643835616,0.05410958904109589,0.863013698630137,0.9897260273972602,0.06438356164383562,0.7815068493150685,0.9821917808219178,0.3527397260273973,0.3452054794520548,0.44315068493150683,0.9780821917808219,0.914324880054832,0.630891950688905
739,60.0,10800.0,0.0,0.0,0.0,0.0,5.0,5.0,1987.0,1988.0,0.0,2.0,2.0,1.0,1.0,0.0,0.0,1200.0,5.0,0.0,0.0,1200.0,2.0,1200.0,0.0,0.0,1200.0,3.0,1.0,2.0,5.0,0.0,0.0,5.0,6.0,1977.4,3.0,0.0,0.0,5.0,5.0,0.0,120.0,0.0,0.0,0.0,0.0,0.0,4.0,4.0,0.0,3.0,2009.0,179000.0,1.0,0.0,1.0,0.0,0.0,0.0,0.0,0.0,0.03561643835616438,0.8678082191780822,0.00821917808219178,0.03561643835616438,0.7883561643835616,0.0684931506849315,0.863013698630137,0.9897260273972602,0.7205479452054795,0.7815068493150685,0.9821917808219178,0.07397260273972603,0.09726027397260274,0.43424657534246575,0.9780821917808219,0.914324880054832,0.630891950688905
740,65.0,9313.0,1.0,0.0,0.0,3.0,7.0,5.0,2004.0,2004.0,0.0,1.0,2.0,1.0,2.0,3.0,5.0,0.0,5.0,0.0,864.0,864.0,0.0,864.0,864.0,0.0,1728.0,3.0,1.0,1.0,7.0,0.0,0.0,5.0,2.5,2004.0,1.0,2.0,572.0,2.0,2.0,0.0,187.0,56.0,0.0,0.0,0.0,0.0,4.0,4.0,0.0,4.0,2009.0,190000.0,1.0,0.0,1.0,0.0,0.0,0.0,0.0,0.0,0.8356164383561644,0.8678082191780822,0.8205479452054795,0.2047945205479452,0.7883561643835616,0.10273972602739725,0.863013698630137,0.9897260273972602,0.7205479452054795,0.7815068493150685,0.9821917808219178,0.3527397260273973,0.3452054794520548,0.44315068493150683,0.9780821917808219,0.914324880054832,0.630891950688905
741,60.0,9600.0,0.0,0.0,0.0,3.0,5.0,7.0,1910.0,2002.0,0.0,2.0,1.0,3.0,3.0,3.0,5.0,0.0,5.0,0.0,264.0,264.0,0.0,768.0,664.0,0.0,1432.0,2.0,1.0,2.0,7.0,0.0,0.0,5.0,2.0,1910.0,2.0,2.0,360.0,2.0,1.0,0.0,270.0,0.0,112.0,0.0,0.0,0.0,4.0,0.0,0.0,5.0,2007.0,132000.0,1.0,0.0,1.0,0.0,0.0,0.0,0.0,0.0,0.8356164383561644,0.8678082191780822,0.06917808219178082,0.0410958904109589,0.14931506849315068,0.0773972602739726,0.863013698630137,0.9897260273972602,0.7205479452054795,0.7815068493150685,0.9821917808219178,0.1410958904109589,0.026027397260273973,0.1,0.9780821917808219,0.914324880054832,0.28063814358230604
742,65.0,6768.0,1.0,0.0,0.0,0.0,6.0,8.0,1961.0,1996.0,0.0,2.0,1.0,2.0,2.0,2.0,0.0,832.0,5.0,0.0,80.0,912.0,1.0,912.0,0.0,0.0,912.0,3.0,1.0,1.0,5.0,0.0,0.0,5.0,2.5,1962.0,2.0,1.0,288.0,2.0,2.0,0.0,168.0,0.0,0.0,0.0,0.0,0.0,4.0,0.0,0.0,5.0,2008.0,142000.0,1.0,0.0,1.0,0.0,0.0,0.0,0.0,0.0,0.8356164383561644,0.8678082191780822,0.8205479452054795,0.36712328767123287,0.7883561643835616,0.050684931506849315,0.05547945205479452,0.9897260273972602,0.7205479452054795,0.1958904109589041,0.9821917808219178,0.15205479452054796,0.14178082191780822,0.43424657534246575,0.9780821917808219,0.914324880054832,0.28063814358230604
743,65.0,8450.0,0.0,0.0,0.0,0.0,7.0,5.0,2000.0,2001.0,108.0,2.0,2.0,1.0,2.0,3.0,5.0,0.0,5.0,0.0,1349.0,1349.0,0.0,1349.0,0.0,0.0,1349.0,3.0,1.0,2.0,6.0,0.0,0.0,5.0,2.0,2000.0,2.0,2.0,539.0,2.0,2.0,0.0,120.0,55.0,0.0,0.0,0.0,0.0,4.0,0.0,0.0,12.0,2007.0,179000.0,1.0,0.0,1.0,1.0,0.0,0.0,0.0,0.0,0.8356164383561644,0.8678082191780822,0.8205479452054795,0.36712328767123287,0.7883561643835616,0.04041095890410959,0.863013698630137,0.9897260273972602,0.7205479452054795,0.7815068493150685,0.9821917808219178,0.3527397260273973,0.3452054794520548,0.44315068493150683,0.9780821917808219,0.914324880054832,0.630891950688905
744,70.0,12886.0,1.0,0.0,0.0,7.0,5.0,6.0,1963.0,1999.0,0.0,2.0,2.0,1.0,2.0,1.0,1.0,444.0,5.0,0.0,76.0,520.0,0.0,1464.0,0.0,0.0,1464.0,3.0,1.0,2.0,6.0,2.0,1.0,2.0,2.5,1997.0,1.0,2.0,480.0,2.0,2.0,0.0,302.0,0.0,0.0,0.0,100.0,0.0,4.0,4.0,0.0,10.0,2009.0,175000.0,1.0,0.0,1.0,0.0,0.0,0.0,0.0,0.0,0.8356164383561644,0.8678082191780822,0.8205479452054795,0.03972602739726028,0.7883561643835616,0.050684931506849315,0.863013698630137,0.9897260273972602,0.7205479452054795,0.7815068493150685,0.9821917808219178,0.15205479452054796,0.14178082191780822,0.43424657534246575,0.9780821917808219,0.914324880054832,0.630891950688905
745,41.0,5395.0,1.0,2.0,0.0,0.0,8.0,5.0,1993.0,1993.0,0.0,1.0,2.0,1.0,2.0,3.0,0.0,733.0,5.0,0.0,604.0,1337.0,1.0,1337.0,0.0,0.0,1337.0,2.0,1.0,1.0,5.0,0.0,1.0,2.0,3.0,1993.0,1.0,2.0,462.0,2.0,2.0,0.0,96.0,0.0,70.0,168.0,0.0,0.0,4.0,4.0,0.0,10.0,2008.0,180000.0,1.0,0.0,1.0,0.0,0.0,0.0,0.0,0.0,0.07808219178082192,0.8678082191780822,0.8205479452054795,0.05958904109589041,0.7883561643835616,0.017123287671232876,0.863013698630137,0.9897260273972602,0.7205479452054795,0.7815068493150685,0.9821917808219178,0.15205479452054796,0.14178082191780822,0.44315068493150683,0.9780821917808219,0.914324880054832,0.630891950688905
746,78.4,8963.0,1.0,0.0,0.0,3.0,8.0,9.0,1976.0,1996.0,289.0,0.0,1.0,2.0,1.0,3.0,0.0,575.0,1.0,80.0,487.0,1142.0,0.0,1175.0,1540.0,0.0,2715.0,4.0,1.0,1.0,11.0,0.0,2.0,2.0,4.0,1994.0,0.0,2.0,831.0,2.0,2.0,0.0,0.0,204.0,0.0,0.0,0.0,0.0,4.0,4.0,0.0,7.0,2008.0,299800.0,1.0,0.0,1.0,1.0,0.0,0.0,0.0,0.0,0.8356164383561644,0.8678082191780822,0.8205479452054795,0.2047945205479452,0.7883561643835616,0.05,0.863013698630137,0.9897260273972602,0.7205479452054795,0.1958904109589041,0.9821917808219178,0.3527397260273973,0.3452054794520548,0.43424657534246575,0.9780821917808219,0.914324880054832,0.06381435823060189
747,64.4,8795.0,1.0,0.0,0.0,3.0,7.0,5.0,2000.0,2000.0,0.0,1.0,2.0,1.0,2.0,3.0,0.0,300.0,5.0,0.0,652.0,952.0,0.0,980.0,1276.0,0.0,2256.0,4.0,1.0,1.0,8.0,0.0,1.0,2.0,2.5,2000.0,0.0,2.0,554.0,2.0,2.0,0.0,224.0,54.0,0.0,0.0,0.0,0.0,4.0,4.0,0.0,4.0,2009.0,236000.0,1.0,0.0,1.0,0.0,0.0,0.0,0.0,0.0,0.8356164383561644,0.8678082191780822,0.8205479452054795,0.2047945205479452,0.7883561643835616,0.05410958904109589,0.863013698630137,0.9897260273972602,0.7205479452054795,0.7815068493150685,0.9821917808219178,0.3527397260273973,0.3452054794520548,0.44315068493150683,0.9780821917808219,0.914324880054832,0.06381435823060189
748,65.0,11700.0,1.0,0.0,0.0,3.0,7.0,7.0,1880.0,2003.0,0.0,1.0,2.0,2.0,3.0,3.0,5.0,0.0,5.0,0.0,1240.0,1240.0,2.0,1320.0,1320.0,0.0,2640.0,4.0,1.0,1.0,8.0,0.0,1.0,1.0,1.5,1950.0,2.0,4.0,864.0,2.0,2.0,2.0,181.0,0.0,386.0,0.0,0.0,0.0,4.0,4.0,0.0,5.0,2009.0,265979.0,1.0,1.0,0.0,0.0,0.0,0.0,0.0,0.0,0.8356164383561644,0.8678082191780822,0.8205479452054795,0.0410958904109589,0.14931506849315068,0.0773972602739726,0.863013698630137,0.9897260273972602,0.18013698630136987,0.004794520547945206,0.9821917808219178,0.017123287671232876,0.01780821917808219,0.00410958904109589,0.012328767123287671,0.914324880054832,0.28063814358230604
749,59.0,10593.0,1.0,0.0,0.0,0.0,7.0,5.0,1996.0,1996.0,338.0,1.0,2.0,1.0,2.0,3.0,0.0,919.0,5.0,0.0,801.0,1720.0,0.0,1720.0,0.0,0.0,1720.0,3.0,1.0,1.0,7.0,0.0,1.0,2.0,3.0,1996.0,0.0,2.0,527.0,2.0,2.0,0.0,240.0,56.0,154.0,0.0,0.0,0.0,4.0,4.0,0.0,3.0,2010.0,260400.0,1.0,0.0,1.0,1.0,0.0,0.0,0.0,0.0,0.8356164383561644,0.8678082191780822,0.8205479452054795,0.36712328767123287,0.7883561643835616,0.028082191780821917,0.863013698630137,0.9897260273972602,0.7205479452054795,0.1958904109589041,0.9821917808219178,0.3527397260273973,0.3452054794520548,0.44315068493150683,0.9780821917808219,0.914324880054832,0.630891950688905
750,50.0,8405.0,0.0,0.0,0.0,1.0,4.0,3.0,1945.0,1950.0,0.0,2.0,2.0,5.0,5.0,4.0,6.0,0.0,6.0,0.0,0.0,0.0,2.0,1088.0,441.0,0.0,1529.0,4.0,1.0,2.0,9.0,3.0,0.0,5.0,2.0,1945.0,2.0,1.0,240.0,2.0,2.0,2.0,92.0,0.0,185.0,0.0,0.0,0.0,4.0,4.0,0.0,4.0,2009.0,98000.0,1.0,0.0,0.0,0.0,0.0,0.0,0.0,0.0,0.8356164383561644,0.8678082191780822,0.8205479452054795,0.09863013698630137,0.7883561643835616,0.0684931506849315,0.863013698630137,0.9897260273972602,0.7205479452054795,0.7815068493150685,0.9821917808219178,0.01780821917808219,0.026027397260273973,0.01643835616438356,0.0027397260273972603,0.018505825908156272,0.28063814358230604
751,55.0,8800.0,0.0,0.0,0.0,1.0,4.0,7.0,1910.0,2004.0,0.0,2.0,2.0,2.0,3.0,3.0,5.0,0.0,5.0,0.0,576.0,576.0,1.0,792.0,348.0,0.0,1140.0,3.0,1.0,2.0,7.0,2.0,0.0,5.0,1.0,1952.4,3.0,0.0,0.0,5.0,5.0,2.0,0.0,160.0,0.0,0.0,0.0,0.0,4.0,4.0,0.0,6.0,2010.0,96500.0,1.0,0.0,1.0,0.0,0.0,0.0,0.0,0.0,0.8356164383561644,0.8678082191780822,0.8205479452054795,0.09863013698630137,0.14931506849315068,0.0773972602739726,0.863013698630137,0.9897260273972602,0.18013698630136987,0.7815068493150685,0.9821917808219178,0.1410958904109589,0.13493150684931507,0.1,0.9780821917808219,0.914324880054832,0.3506889050036258
752,61.2,7750.0,0.0,0.0,0.0,3.0,7.0,5.0,2003.0,2003.0,0.0,1.0,2.0,1.0,2.0,3.0,5.0,0.0,5.0,0.0,660.0,660.0,0.0,660.0,660.0,0.0,1320.0,3.0,1.0,1.0,6.0,0.0,0.0,5.0,2.5,2003.0,0.0,2.0,400.0,2.0,2.0,0.0,0.0,48.0,0.0,0.0,0.0,0.0,4.0,4.0,0.0,8.0,2007.0,162000.0,1.0,0.0,1.0,0.0,0.0,0.0,0.0,0.0,0.8356164383561644,0.8678082191780822,0.8205479452054795,0.2047945205479452,0.7883561643835616,0.05410958904109589,0.01780821917808219,0.9897260273972602,0.7205479452054795,0.7815068493150685,0.9821917808219178,0.3527397260273973,0.3452054794520548,0.44315068493150683,0.9780821917808219,0.914324880054832,0.630891950688905
753,79.0,9236.0,1.0,0.0,0.0,0.0,6.0,5.0,1997.0,1997.0,0.0,2.0,1.0,1.0,2.0,0.0,0.0,1200.0,5.0,0.0,279.0,1479.0,0.0,1494.0,0.0,0.0,1494.0,3.0,1.0,1.0,6.0,0.0,0.0,5.0,3.0,1997.0,1.0,2.0,576.0,2.0,2.0,0.0,168.0,27.0,0.0,0.0,0.0,0.0,4.0,4.0,0.0,7.0,2006.0,217000.0,1.0,0.0,1.0,0.0,0.0,0.0,0.0,0.0,0.8356164383561644,0.8678082191780822,0.8205479452054795,0.36712328767123287,0.7883561643835616,0.10273972602739725,0.863013698630137,0.9897260273972602,0.7205479452054795,0.7815068493150685,0.9821917808219178,0.3527397260273973,0.3452054794520548,0.44315068493150683,0.9780821917808219,0.914324880054832,0.630891950688905
754,80.0,10240.0,0.0,0.0,0.0,3.0,8.0,5.0,2005.0,2005.0,178.0,1.0,2.0,1.0,2.0,2.0,5.0,0.0,5.0,0.0,1030.0,1030.0,1.0,1038.0,1060.0,0.0,2098.0,3.0,1.0,0.0,8.0,0.0,1.0,1.0,2.5,2005.0,1.0,3.0,878.0,2.0,2.0,0.0,192.0,52.0,0.0,0.0,0.0,0.0,4.0,4.0,0.0,3.0,2006.0,275500.0,1.0,0.0,1.0,1.0,0.0,0.0,0.0,0.0,0.8356164383561644,0.8678082191780822,0.8205479452054795,0.2047945205479452,0.7883561643835616,0.05273972602739726,0.863013698630137,0.9897260273972602,0.7205479452054795,0.7815068493150685,0.9821917808219178,0.3527397260273973,0.3452054794520548,0.44315068493150683,0.9780821917808219,0.914324880054832,0.630891950688905
755,61.0,7930.0,0.0,0.0,0.0,0.0,6.0,8.0,1969.0,2005.0,0.0,2.0,2.0,2.0,2.0,3.0,0.0,439.0,4.0,472.0,115.0,1026.0,1.0,1026.0,0.0,0.0,1026.0,3.0,1.0,1.0,5.0,0.0,0.0,5.0,2.0,1969.0,1.0,2.0,440.0,2.0,2.0,0.0,171.0,48.0,0.0,0.0,0.0,0.0,4.0,4.0,0.0,7.0,2009.0,156000.0,1.0,0.0,1.0,0.0,0.0,0.0,0.0,0.0,0.8356164383561644,0.8678082191780822,0.8205479452054795,0.36712328767123287,0.7883561643835616,0.1541095890410959,0.863013698630137,0.9897260273972602,0.7205479452054795,0.7815068493150685,0.9821917808219178,0.07397260273972603,0.09726027397260274,0.43424657534246575,0.9780821917808219,0.914324880054832,0.28063814358230604
756,34.0,3230.0,0.0,0.0,0.0,3.0,6.0,5.0,1999.0,1999.0,894.0,2.0,2.0,1.0,2.0,3.0,0.0,381.0,5.0,0.0,348.0,729.0,1.0,742.0,729.0,0.0,1471.0,3.0,1.0,2.0,6.0,0.0,0.0,5.0,2.5,1999.0,2.0,2.0,440.0,2.0,2.0,0.0,0.0,24.0,0.0,0.0,0.0,0.0,4.0,4.0,0.0,3.0,2009.0,172500.0,1.0,1.0,1.0,1.0,0.0,0.0,0.0,0.0,0.07808219178082192,0.8678082191780822,0.8205479452054795,0.04315068493150685,0.04452054794520548,0.0589041095890411,0.863013698630137,0.9897260273972602,0.7205479452054795,0.7815068493150685,0.9821917808219178,0.1506849315068493,0.14657534246575343,0.44315068493150683,0.9780821917808219,0.914324880054832,0.28063814358230604
757,68.0,10769.0,1.0,0.0,0.0,3.0,8.0,5.0,2007.0,2007.0,0.0,1.0,2.0,1.0,2.0,1.0,0.0,20.0,5.0,0.0,846.0,866.0,0.0,866.0,902.0,0.0,1768.0,3.0,1.0,1.0,7.0,0.0,0.0,5.0,2.5,2007.0,1.0,2.0,578.0,2.0,2.0,0.0,144.0,105.0,0.0,0.0,0.0,0.0,4.0,4.0,0.0,4.0,2009.0,212000.0,1.0,0.0,1.0,0.0,0.0,0.0,0.0,0.0,0.8356164383561644,0.8678082191780822,0.8205479452054795,0.2047945205479452,0.7883561643835616,0.10273972602739725,0.863013698630137,0.9897260273972602,0.7205479452054795,0.7815068493150685,0.9821917808219178,0.3527397260273973,0.3452054794520548,0.44315068493150683,0.9780821917808219,0.914324880054832,0.630891950688905
758,66.4,11616.0,1.0,0.0,0.0,3.0,6.0,5.0,1978.0,1978.0,328.0,2.0,2.0,2.0,2.0,2.0,3.0,438.0,5.0,0.0,234.0,672.0,2.0,672.0,714.0,0.0,1386.0,3.0,1.0,2.0,6.0,0.0,1.0,2.0,2.5,1978.0,0.0,2.0,440.0,2.0,2.0,0.0,335.0,0.0,0.0,0.0,0.0,0.0,4.0,0.0,0.0,4.0,2010.0,158900.0,1.0,0.0,1.0,0.0,0.0,0.0,0.0,0.0,0.8356164383561644,0.8678082191780822,0.06917808219178082,0.2047945205479452,0.7883561643835616,0.050684931506849315,0.863013698630137,0.9897260273972602,0.06438356164383562,0.1958904109589041,0.9821917808219178,0.15205479452054796,0.14178082191780822,0.43424657534246575,0.9780821917808219,0.914324880054832,0.630891950688905
759,24.0,2280.0,0.0,0.0,0.0,3.0,7.0,5.0,1999.0,1999.0,360.0,2.0,2.0,1.0,2.0,3.0,1.0,549.0,5.0,0.0,195.0,744.0,1.0,757.0,744.0,0.0,1501.0,3.0,1.0,2.0,6.0,0.0,0.0,5.0,2.5,1999.0,2.0,2.0,440.0,2.0,2.0,0.0,0.0,0.0,0.0,0.0,0.0,0.0,4.0,4.0,0.0,8.0,2008.0,179400.0,1.0,1.0,1.0,1.0,0.0,0.0,0.0,0.0,0.02945205479452055,0.8678082191780822,0.8205479452054795,0.04315068493150685,0.04452054794520548,0.0589041095890411,0.863013698630137,0.9897260273972602,0.7205479452054795,0.7815068493150685,0.9821917808219178,0.1506849315068493,0.14657534246575343,0.44315068493150683,0.9780821917808219,0.914324880054832,0.28063814358230604
760,65.0,12257.0,1.0,0.0,0.0,3.0,8.0,5.0,1995.0,1995.0,513.0,1.0,2.0,1.0,2.0,1.0,4.0,56.0,1.0,64.0,1198.0,1318.0,0.0,1328.0,1203.0,0.0,2531.0,4.0,1.0,1.0,9.0,0.0,1.0,2.0,2.5,1995.0,1.0,3.0,752.0,2.0,2.0,0.0,222.0,98.0,0.0,0.0,0.0,0.0,4.0,4.0,0.0,11.0,2007.0,290000.0,1.0,0.0,1.0,1.0,0.0,0.0,0.0,0.0,0.8356164383561644,0.8678082191780822,0.8205479452054795,0.2047945205479452,0.7883561643835616,0.028082191780821917,0.863013698630137,0.9897260273972602,0.7205479452054795,0.7815068493150685,0.9821917808219178,0.3527397260273973,0.3452054794520548,0.44315068493150683,0.9780821917808219,0.914324880054832,0.630891950688905
761,70.0,9100.0,0.0,0.0,0.0,0.0,6.0,6.0,1959.0,1959.0,0.0,2.0,2.0,2.0,2.0,3.0,3.0,612.0,5.0,0.0,252.0,864.0,0.0,864.0,0.0,0.0,864.0,2.0,1.0,2.0,5.0,0.0,0.0,5.0,1.0,2008.0,2.0,1.0,300.0,0.0,0.0,0.0,0.0,0.0,0.0,0.0,0.0,0.0,4.0,4.0,450.0,10.0,2009.0,127500.0,1.0,0.0,1.0,0.0,0.0,0.0,1.0,0.0,0.8356164383561644,0.8678082191780822,0.8205479452054795,0.36712328767123287,0.7883561643835616,0.1541095890410959,0.863013698630137,0.9897260273972602,0.7205479452054795,0.1958904109589041,0.9821917808219178,0.1410958904109589,0.13493150684931507,0.43424657534246575,0.9780821917808219,0.914324880054832,0.28063814358230604
762,60.0,6911.0,0.0,0.0,0.0,0.0,5.0,5.0,1924.0,1950.0,0.0,2.0,2.0,2.0,2.0,2.0,4.0,405.0,5.0,0.0,740.0,1145.0,2.0,1301.0,0.0,0.0,1301.0,2.0,1.0,3.0,5.0,1.0,0.0,5.0,1.0,1965.0,2.0,2.0,440.0,2.0,2.0,0.0,0.0,0.0,0.0,0.0,0.0,0.0,4.0,4.0,0.0,10.0,2009.0,100000.0,1.0,0.0,1.0,0.0,0.0,0.0,0.0,0.0,0.8356164383561644,0.8678082191780822,0.8205479452054795,0.04726027397260274,0.14931506849315068,0.03972602739726028,0.05547945205479452,0.9897260273972602,0.03219178082191781,0.7815068493150685,0.9821917808219178,0.1410958904109589,0.13493150684931507,0.44315068493150683,0.9780821917808219,0.914324880054832,0.28063814358230604
763,72.0,8640.0,0.0,0.0,0.0,3.0,7.0,5.0,2009.0,2009.0,0.0,2.0,2.0,1.0,2.0,2.0,0.0,24.0,5.0,0.0,732.0,756.0,0.0,764.0,783.0,0.0,1547.0,3.0,1.0,1.0,7.0,0.0,0.0,5.0,2.5,2009.0,2.0,2.0,614.0,2.0,2.0,0.0,169.0,45.0,0.0,0.0,0.0,0.0,4.0,4.0,0.0,6.0,2010.0,215200.0,1.0,0.0,1.0,0.0,0.0,0.0,0.0,0.0,0.8356164383561644,0.0013698630136986301,0.8205479452054795,0.2047945205479452,0.04452054794520548,0.0589041095890411,0.863013698630137,0.9897260273972602,0.7205479452054795,0.7815068493150685,0.9821917808219178,0.3527397260273973,0.3452054794520548,0.44315068493150683,0.9780821917808219,0.914324880054832,0.630891950688905
764,82.0,9430.0,0.0,0.0,0.0,3.0,8.0,5.0,1999.0,1999.0,673.0,1.0,2.0,1.0,2.0,2.0,0.0,1163.0,5.0,0.0,89.0,1252.0,0.0,1268.0,1097.0,0.0,2365.0,3.0,1.0,1.0,8.0,0.0,1.0,1.0,3.5,1999.0,1.0,3.0,856.0,2.0,2.0,0.0,0.0,128.0,0.0,0.0,180.0,0.0,4.0,4.0,0.0,7.0,2009.0,337000.0,1.0,0.0,1.0,1.0,0.0,0.0,0.0,0.0,0.8356164383561644,0.8678082191780822,0.8205479452054795,0.2047945205479452,0.7883561643835616,0.028082191780821917,0.863013698630137,0.9897260273972602,0.7205479452054795,0.7815068493150685,0.9821917808219178,0.3527397260273973,0.3452054794520548,0.44315068493150683,0.9780821917808219,0.914324880054832,0.630891950688905
765,30.0,9549.0,1.0,0.0,0.0,0.0,8.0,5.0,1995.0,1996.0,0.0,1.0,1.0,1.0,1.0,1.0,4.0,437.0,0.0,1057.0,0.0,1494.0,0.0,1494.0,0.0,0.0,1494.0,2.0,1.0,0.0,6.0,0.0,1.0,1.0,2.5,1995.0,0.0,2.0,481.0,2.0,2.0,0.0,0.0,30.0,0.0,0.0,216.0,0.0,4.0,4.0,0.0,4.0,2006.0,270000.0,1.0,0.0,1.0,0.0,0.0,0.0,0.0,0.0,0.07808219178082192,0.8678082191780822,0.8205479452054795,0.05958904109589041,0.7883561643835616,0.007534246575342466,0.863013698630137,0.9897260273972602,0.06438356164383562,0.1958904109589041,0.9821917808219178,0.03424657534246575,0.017123287671232876,0.44315068493150683,0.9780821917808219,0.914324880054832,0.630891950688905
766,75.0,14587.0,1.0,0.0,0.0,0.0,9.0,5.0,2008.0,2008.0,284.0,1.0,2.0,1.0,2.0,3.0,5.0,0.0,5.0,0.0,1498.0,1498.0,0.0,1506.0,0.0,0.0,1506.0,2.0,1.0,0.0,6.0,0.0,1.0,1.0,2.0,2008.0,0.0,2.0,592.0,2.0,2.0,0.0,0.0,174.0,0.0,0.0,0.0,0.0,4.0,4.0,0.0,8.0,2008.0,264132.0,1.0,0.0,1.0,0.0,1.0,0.0,0.0,0.0,0.8356164383561644,0.08356164383561644,0.08561643835616438,0.36712328767123287,0.7883561643835616,0.0589041095890411,0.863013698630137,0.9897260273972602,0.7205479452054795,0.7815068493150685,0.9821917808219178,0.3527397260273973,0.3452054794520548,0.44315068493150683,0.9780821917808219,0.914324880054832,0.630891950688905
767,80.0,10421.0,0.0,0.0,0.0,3.0,7.0,5.0,1988.0,1988.0,42.0,2.0,2.0,1.0,2.0,3.0,0.0,394.0,5.0,0.0,586.0,980.0,2.0,980.0,734.0,0.0,1714.0,3.0,1.0,2.0,7.0,0.0,1.0,2.0,2.5,1988.0,2.0,2.0,496.0,2.0,2.0,0.0,228.0,66.0,156.0,0.0,0.0,0.0,4.0,1.0,500.0,3.0,2010.0,196500.0,1.0,0.0,1.0,1.0,0.0,0.0,1.0,0.0,0.8356164383561644,0.8678082191780822,0.8205479452054795,0.2047945205479452,0.7883561643835616,0.05,0.863013698630137,0.9897260273972602,0.7205479452054795,0.7815068493150685,0.9821917808219178,0.15205479452054796,0.14178082191780822,0.43424657534246575,0.9780821917808219,0.914324880054832,0.630891950688905
768,75.0,12508.0,1.0,0.0,0.0,1.0,6.0,7.0,1940.0,1985.0,0.0,2.0,2.0,1.0,2.0,2.0,1.0,660.0,5.0,0.0,323.0,983.0,0.0,983.0,767.0,0.0,1750.0,4.0,1.0,2.0,7.0,3.0,0.0,5.0,3.0,1989.0,2.0,1.0,423.0,2.0,2.0,0.0,245.0,0.0,156.0,0.0,0.0,0.0,4.0,4.0,1300.0,7.0,2008.0,160000.0,1.0,0.0,1.0,0.0,0.0,0.0,1.0,0.0,0.8356164383561644,0.8678082191780822,0.8205479452054795,0.09863013698630137,0.7883561643835616,0.03356164383561644,0.863013698630137,0.9897260273972602,0.7205479452054795,0.7815068493150685,0.9821917808219178,0.3527397260273973,0.3452054794520548,0.43424657534246575,0.9780821917808219,0.914324880054832,0.630891950688905
769,70.0,9100.0,0.0,0.0,0.0,0.0,7.0,5.0,2004.0,2005.0,0.0,1.0,2.0,1.0,2.0,3.0,0.0,24.0,5.0,0.0,1836.0,1860.0,0.0,1836.0,0.0,0.0,1836.0,3.0,1.0,1.0,8.0,0.0,1.0,1.0,2.0,2004.0,0.0,2.0,484.0,2.0,2.0,0.0,120.0,33.0,0.0,0.0,0.0,0.0,4.0,4.0,0.0,10.0,2006.0,216837.0,1.0,0.0,1.0,0.0,0.0,0.0,0.0,0.0,0.8356164383561644,0.8678082191780822,0.8205479452054795,0.36712328767123287,0.7883561643835616,0.10273972602739725,0.863013698630137,0.9897260273972602,0.7205479452054795,0.1958904109589041,0.9821917808219178,0.3527397260273973,0.3452054794520548,0.44315068493150683,0.9780821917808219,0.914324880054832,0.630891950688905
770,47.0,53504.0,2.0,2.0,1.0,3.0,8.0,5.0,2003.0,2003.0,603.0,0.0,2.0,1.0,2.0,0.0,1.0,1416.0,5.0,0.0,234.0,1650.0,0.0,1690.0,1589.0,0.0,3279.0,4.0,1.0,0.0,12.0,3.0,1.0,1.0,4.5,2003.0,0.0,3.0,841.0,2.0,2.0,0.0,503.0,36.0,0.0,0.0,210.0,0.0,4.0,4.0,0.0,6.0,2010.0,538000.0,1.0,0.0,1.0,1.0,0.0,0.0,0.0,0.0,0.8356164383561644,0.8678082191780822,0.8205479452054795,0.2047945205479452,0.7883561643835616,0.017123287671232876,0.863013698630137,0.9897260273972602,0.06438356164383562,0.1958904109589041,0.9821917808219178,0.04178082191780822,0.026027397260273973,0.44315068493150683,0.9780821917808219,0.914324880054832,0.06381435823060189
771,65.2,7252.0,1.0,0.0,0.0,6.0,5.0,5.0,1982.0,1982.0,0.0,2.0,2.0,1.0,2.0,1.0,0.0,685.0,5.0,0.0,173.0,858.0,2.0,858.0,0.0,0.0,858.0,2.0,1.0,2.0,5.0,0.0,0.0,5.0,2.0,1983.0,2.0,2.0,576.0,2.0,2.0,0.0,120.0,0.0,0.0,0.0,0.0,0.0,4.0,4.0,0.0,4.0,2009.0,134900.0,1.0,0.0,1.0,0.0,0.0,0.0,0.0,0.0,0.8356164383561644,0.8678082191780822,0.8205479452054795,0.0136986301369863,0.7883561643835616,0.050684931506849315,0.863013698630137,0.9897260273972602,0.06438356164383562,0.1958904109589041,0.9821917808219178,0.1410958904109589,0.13493150684931507,0.43424657534246575,0.9780821917808219,0.914324880054832,0.28063814358230604
772,67.0,8877.0,0.0,0.0,0.0,0.0,4.0,5.0,1951.0,1951.0,0.0,2.0,2.0,3.0,3.0,3.0,4.0,836.0,5.0,0.0,0.0,836.0,2.0,1220.0,0.0,0.0,1220.0,2.0,1.0,2.0,6.0,0.0,0.0,5.0,1.0,1951.0,2.0,2.0,396.0,2.0,2.0,0.0,0.0,0.0,0.0,0.0,0.0,0.0,4.0,4.0,0.0,4.0,2006.0,102000.0,1.0,0.0,1.0,0.0,0.0,0.0,0.0,0.0,0.8356164383561644,0.02945205479452055,0.8205479452054795,0.36712328767123287,0.7883561643835616,0.0684931506849315,0.863013698630137,0.9897260273972602,0.7205479452054795,0.7815068493150685,0.9821917808219178,0.1410958904109589,0.13493150684931507,0.43424657534246575,0.9780821917808219,0.018505825908156272,0.28063814358230604
773,94.0,7819.0,0.0,0.0,0.0,7.0,6.0,5.0,1976.0,1976.0,0.0,2.0,2.0,2.0,2.0,1.0,1.0,422.0,2.0,127.0,480.0,1029.0,2.0,1117.0,0.0,0.0,1117.0,3.0,1.0,2.0,6.0,0.0,1.0,2.0,2.0,1976.0,2.0,2.0,672.0,2.0,2.0,0.0,144.0,0.0,0.0,0.0,0.0,0.0,4.0,1.0,0.0,3.0,2010.0,107000.0,1.0,0.0,1.0,0.0,0.0,0.0,0.0,0.0,0.8356164383561644,0.8678082191780822,0.06917808219178082,0.03972602739726028,0.7883561643835616,0.0684931506849315,0.863013698630137,0.9897260273972602,0.7205479452054795,0.7815068493150685,0.9821917808219178,0.07397260273972603,0.09726027397260274,0.43424657534246575,0.9780821917808219,0.914324880054832,0.28063814358230604
774,70.0,10150.0,0.0,0.0,0.0,0.0,5.0,5.0,1958.0,1958.0,1.0,2.0,2.0,2.0,2.0,3.0,3.0,456.0,5.0,0.0,456.0,912.0,0.0,912.0,0.0,0.0,912.0,2.0,1.0,2.0,5.0,0.0,0.0,5.0,1.0,1958.0,1.0,1.0,275.0,2.0,2.0,0.0,0.0,0.0,0.0,0.0,0.0,0.0,4.0,4.0,0.0,7.0,2007.0,114500.0,1.0,0.0,1.0,0.0,0.0,0.0,0.0,0.0,0.8356164383561644,0.02945205479452055,0.8205479452054795,0.36712328767123287,0.7883561643835616,0.1541095890410959,0.05547945205479452,0.9897260273972602,0.7205479452054795,0.7815068493150685,0.9821917808219178,0.1410958904109589,0.13493150684931507,0.43424657534246575,0.9780821917808219,0.06442769019876628,0.630891950688905
775,110.0,14226.0,0.0,0.0,0.0,0.0,8.0,5.0,2006.0,2006.0,375.0,1.0,2.0,1.0,2.0,1.0,5.0,0.0,5.0,0.0,1935.0,1935.0,1.0,1973.0,0.0,0.0,1973.0,3.0,1.0,1.0,9.0,0.0,1.0,1.0,2.0,2006.0,0.0,3.0,895.0,2.0,2.0,0.0,315.0,45.0,0.0,0.0,0.0,0.0,4.0,4.0,0.0,7.0,2007.0,395000.0,1.0,0.0,1.0,1.0,0.0,0.0,0.0,0.0,0.8356164383561644,0.08356164383561644,0.08561643835616438,0.36712328767123287,0.7883561643835616,0.05273972602739726,0.863013698630137,0.9897260273972602,0.18013698630136987,0.1958904109589041,0.9821917808219178,0.3527397260273973,0.3452054794520548,0.44315068493150683,0.9780821917808219,0.914324880054832,0.630891950688905
776,32.0,4500.0,0.0,0.0,0.0,0.0,6.0,5.0,1998.0,1998.0,320.0,2.0,2.0,0.0,2.0,3.0,0.0,866.0,5.0,0.0,338.0,1204.0,0.0,1204.0,0.0,0.0,1204.0,2.0,1.0,2.0,5.0,0.0,0.0,5.0,3.0,1998.0,0.0,2.0,412.0,2.0,2.0,0.0,0.0,247.0,0.0,0.0,0.0,0.0,4.0,4.0,0.0,6.0,2009.0,162000.0,1.0,0.0,1.0,1.0,0.0,0.0,0.0,0.0,0.07808219178082192,0.8678082191780822,0.8205479452054795,0.05958904109589041,0.14931506849315068,0.03356164383561644,0.863013698630137,0.9897260273972602,0.03219178082191781,0.1958904109589041,0.9821917808219178,0.3527397260273973,0.3452054794520548,0.44315068493150683,0.9780821917808219,0.914324880054832,0.630891950688905
777,86.0,11210.0,1.0,0.0,0.0,0.0,7.0,5.0,2005.0,2006.0,240.0,1.0,2.0,1.0,2.0,1.0,0.0,20.0,5.0,0.0,1594.0,1614.0,0.0,1614.0,0.0,0.0,1614.0,3.0,1.0,1.0,7.0,0.0,0.0,5.0,2.0,2005.0,1.0,3.0,865.0,2.0,2.0,0.0,144.0,59.0,0.0,0.0,0.0,0.0,4.0,4.0,0.0,7.0,2006.0,221500.0,1.0,0.0,1.0,1.0,0.0,0.0,0.0,0.0,0.8356164383561644,0.08356164383561644,0.08561643835616438,0.36712328767123287,0.7883561643835616,0.10273972602739725,0.863013698630137,0.9897260273972602,0.7205479452054795,0.7815068493150685,0.9821917808219178,0.3527397260273973,0.3452054794520548,0.44315068493150683,0.9780821917808219,0.914324880054832,0.630891950688905
778,100.0,13350.0,1.0,0.0,0.0,0.0,5.0,5.0,1974.0,1974.0,0.0,2.0,2.0,2.0,2.0,3.0,1.0,762.0,5.0,0.0,102.0,864.0,2.0,894.0,0.0,0.0,894.0,3.0,1.0,2.0,5.0,0.0,1.0,3.0,2.0,1974.0,2.0,2.0,440.0,2.0,2.0,0.0,241.0,0.0,0.0,0.0,0.0,0.0,4.0,1.0,0.0,6.0,2006.0,142500.0,1.0,0.0,1.0,0.0,0.0,0.0,0.0,0.0,0.8356164383561644,0.8678082191780822,0.8205479452054795,0.36712328767123287,0.7883561643835616,0.050684931506849315,0.863013698630137,0.9897260273972602,0.7205479452054795,0.1958904109589041,0.9821917808219178,0.15205479452054796,0.09726027397260274,0.43424657534246575,0.9780821917808219,0.914324880054832,0.630891950688905
779,60.0,8400.0,0.0,0.0,0.0,0.0,5.0,5.0,1977.0,1977.0,320.0,2.0,2.0,5.0,5.0,4.0,6.0,0.0,6.0,0.0,0.0,0.0,2.0,2020.0,0.0,0.0,2020.0,4.0,2.0,2.0,10.0,0.0,2.0,2.0,2.0,1977.0,2.0,2.0,630.0,2.0,2.0,0.0,0.0,0.0,0.0,0.0,0.0,0.0,4.0,4.0,0.0,10.0,2007.0,144000.0,1.0,0.0,1.0,1.0,0.0,0.0,0.0,0.0,0.03561643835616438,0.8678082191780822,0.8205479452054795,0.03561643835616438,0.010958904109589041,0.04041095890410959,0.05547945205479452,0.9897260273972602,0.7205479452054795,0.7815068493150685,0.9821917808219178,0.07397260273972603,0.09726027397260274,0.01643835616438356,0.9780821917808219,0.914324880054832,0.28063814358230604
780,78.0,10530.0,0.0,0.0,0.0,6.0,6.0,5.0,1977.0,1977.0,90.0,2.0,2.0,1.0,2.0,0.0,0.0,975.0,5.0,0.0,0.0,975.0,2.0,1004.0,0.0,0.0,1004.0,2.0,1.0,2.0,4.0,0.0,0.0,5.0,2.0,1977.0,2.0,2.0,504.0,2.0,2.0,0.0,0.0,0.0,0.0,0.0,0.0,0.0,4.0,4.0,0.0,5.0,2006.0,135000.0,1.0,0.0,1.0,1.0,0.0,0.0,0.0,0.0,0.03561643835616438,0.8678082191780822,0.8205479452054795,0.03561643835616438,0.7883561643835616,0.03356164383561644,0.863013698630137,0.9897260273972602,0.7205479452054795,0.7815068493150685,0.9821917808219178,0.07397260273972603,0.00684931506849315,0.43424657534246575,0.9780821917808219,0.914324880054832,0.630891950688905
781,63.0,7875.0,0.0,0.0,0.0,0.0,7.0,5.0,1995.0,1996.0,38.0,2.0,2.0,1.0,1.0,3.0,5.0,0.0,5.0,0.0,1237.0,1237.0,1.0,1253.0,0.0,0.0,1253.0,3.0,1.0,2.0,6.0,0.0,1.0,2.0,2.0,1995.0,0.0,2.0,402.0,2.0,2.0,0.0,220.0,21.0,0.0,0.0,0.0,0.0,4.0,4.0,0.0,6.0,2007.0,176000.0,1.0,0.0,1.0,1.0,0.0,0.0,0.0,0.0,0.8356164383561644,0.8678082191780822,0.8205479452054795,0.36712328767123287,0.7883561643835616,0.05410958904109589,0.863013698630137,0.9897260273972602,0.7205479452054795,0.7815068493150685,0.9821917808219178,0.15205479452054796,0.14178082191780822,0.44315068493150683,0.9780821917808219,0.914324880054832,0.630891950688905
782,65.0,7153.0,0.0,0.0,0.0,3.0,6.0,5.0,1992.0,1992.0,0.0,1.0,1.0,1.0,2.0,3.0,1.0,387.0,5.0,0.0,374.0,761.0,0.0,810.0,793.0,0.0,1603.0,3.0,1.0,1.0,7.0,0.0,0.0,5.0,2.5,1992.0,1.0,2.0,484.0,2.0,2.0,0.0,0.0,124.0,0.0,0.0,0.0,0.0,4.0,4.0,0.0,7.0,2006.0,175900.0,1.0,0.0,1.0,0.0,0.0,0.0,0.0,0.0,0.8356164383561644,0.8678082191780822,0.8205479452054795,0.2047945205479452,0.7883561643835616,0.04041095890410959,0.863013698630137,0.9897260273972602,0.7205479452054795,0.7815068493150685,0.9821917808219178,0.3527397260273973,0.3452054794520548,0.44315068493150683,0.9780821917808219,0.914324880054832,0.630891950688905
783,67.0,16285.0,2.0,0.0,0.0,0.0,7.0,5.0,2001.0,2002.0,0.0,1.0,2.0,1.0,2.0,3.0,5.0,0.0,5.0,0.0,1413.0,1413.0,0.0,1430.0,0.0,0.0,1430.0,3.0,1.0,1.0,6.0,0.0,0.0,5.0,2.0,2001.0,1.0,2.0,605.0,2.0,2.0,0.0,0.0,33.0,0.0,0.0,0.0,0.0,4.0,4.0,0.0,6.0,2009.0,187100.0,1.0,0.0,1.0,0.0,0.0,0.0,0.0,0.0,0.8356164383561644,0.8678082191780822,0.8205479452054795,0.36712328767123287,0.7883561643835616,0.10273972602739725,0.863013698630137,0.9897260273972602,0.7205479452054795,0.7815068493150685,0.9821917808219178,0.3527397260273973,0.3452054794520548,0.44315068493150683,0.9780821917808219,0.914324880054832,0.630891950688905
784,86.4,9101.0,1.0,0.0,0.0,6.0,5.0,6.0,1978.0,1978.0,104.0,2.0,1.0,1.0,2.0,1.0,0.0,1097.0,5.0,0.0,0.0,1097.0,0.0,1110.0,0.0,0.0,1110.0,1.0,1.0,1.0,4.0,0.0,1.0,2.0,2.0,1978.0,0.0,2.0,602.0,2.0,2.0,0.0,303.0,30.0,0.0,0.0,0.0,0.0,4.0,4.0,0.0,7.0,2009.0,165500.0,1.0,0.0,1.0,1.0,0.0,0.0,0.0,0.0,0.8356164383561644,0.8678082191780822,0.8205479452054795,0.0136986301369863,0.7883561643835616,0.03356164383561644,0.863013698630137,0.9897260273972602,0.18013698630136987,0.7815068493150685,0.9821917808219178,0.07397260273972603,0.09726027397260274,0.44315068493150683,0.9780821917808219,0.914324880054832,0.630891950688905
785,35.0,6300.0,0.0,0.0,0.0,5.0,6.0,6.0,1914.0,2001.0,0.0,2.0,2.0,2.0,2.0,3.0,5.0,0.0,5.0,0.0,742.0,742.0,0.0,742.0,742.0,0.0,1484.0,3.0,1.0,2.0,9.0,0.0,1.0,1.0,2.0,1942.0,3.0,0.0,0.0,5.0,5.0,0.0,0.0,291.0,134.0,0.0,0.0,0.0,4.0,4.0,0.0,6.0,2008.0,128000.0,1.0,0.0,1.0,0.0,0.0,0.0,0.0,0.0,0.8356164383561644,0.8678082191780822,0.8205479452054795,0.010958904109589041,0.14931506849315068,0.0773972602739726,0.863013698630137,0.9897260273972602,0.7205479452054795,0.7815068493150685,0.9821917808219178,0.1410958904109589,0.026027397260273973,0.43424657534246575,0.9780821917808219,0.914324880054832,0.3506889050036258
786,87.0,9790.0,0.0,0.0,0.0,0.0,6.0,5.0,1967.0,1967.0,0.0,2.0,2.0,2.0,2.0,3.0,3.0,251.0,4.0,630.0,491.0,1372.0,2.0,1342.0,0.0,0.0,1342.0,3.0,1.0,2.0,7.0,0.0,1.0,1.0,2.0,1967.0,2.0,2.0,457.0,2.0,2.0,0.0,0.0,0.0,0.0,0.0,197.0,0.0,4.0,4.0,0.0,9.0,2009.0,161500.0,1.0,0.0,1.0,0.0,0.0,0.0,0.0,0.0,0.8356164383561644,0.8678082191780822,0.8205479452054795,0.36712328767123287,0.7883561643835616,0.05,0.05547945205479452,0.9897260273972602,0.7205479452054795,0.7815068493150685,0.9821917808219178,0.03424657534246575,0.13493150684931507,0.43424657534246575,0.9780821917808219,0.914324880054832,0.630891950688905
787,60.0,10800.0,0.0,0.0,0.0,1.0,5.0,6.0,1915.0,1950.0,0.0,2.0,1.0,3.0,2.0,3.0,4.0,686.0,5.0,0.0,0.0,686.0,2.0,966.0,686.0,0.0,1652.0,4.0,1.0,2.0,7.0,0.0,0.0,5.0,3.0,1961.0,2.0,1.0,416.0,2.0,2.0,0.0,0.0,0.0,196.0,0.0,0.0,0.0,4.0,4.0,1200.0,6.0,2010.0,139000.0,1.0,0.0,1.0,0.0,0.0,0.0,1.0,0.0,0.8356164383561644,0.8678082191780822,0.8205479452054795,0.09863013698630137,0.14931506849315068,0.0773972602739726,0.03287671232876712,0.9897260273972602,0.7205479452054795,0.7815068493150685,0.9821917808219178,0.1506849315068493,0.14657534246575343,0.44315068493150683,0.9780821917808219,0.914324880054832,0.28063814358230604
788,76.0,10142.0,1.0,0.0,0.0,3.0,7.0,5.0,2004.0,2004.0,0.0,1.0,2.0,1.0,2.0,3.0,0.0,656.0,5.0,0.0,300.0,956.0,0.0,956.0,1128.0,0.0,2084.0,4.0,1.0,1.0,8.0,0.0,0.0,5.0,3.5,2004.0,1.0,2.0,618.0,2.0,2.0,0.0,0.0,45.0,0.0,0.0,0.0,0.0,4.0,4.0,0.0,1.0,2010.0,233000.0,1.0,0.0,1.0,0.0,0.0,0.0,0.0,0.0,0.8356164383561644,0.8678082191780822,0.8205479452054795,0.2047945205479452,0.7883561643835616,0.04041095890410959,0.863013698630137,0.9897260273972602,0.7205479452054795,0.7815068493150685,0.9821917808219178,0.3527397260273973,0.3452054794520548,0.44315068493150683,0.9780821917808219,0.914324880054832,0.06381435823060189
789,50.0,6000.0,0.0,0.0,0.0,0.0,4.0,7.0,1954.0,2000.0,0.0,2.0,2.0,2.0,2.0,3.0,5.0,0.0,5.0,0.0,901.0,901.0,0.0,901.0,0.0,0.0,901.0,2.0,1.0,2.0,4.0,0.0,0.0,5.0,1.0,1954.0,2.0,1.0,281.0,3.0,2.0,0.0,0.0,0.0,0.0,0.0,0.0,0.0,4.0,4.0,0.0,8.0,2008.0,107900.0,1.0,0.0,1.0,0.0,0.0,0.0,0.0,0.0,0.8356164383561644,0.8678082191780822,0.8205479452054795,0.36712328767123287,0.14931506849315068,0.0773972602739726,0.863013698630137,0.9897260273972602,0.18013698630136987,0.7815068493150685,0.9821917808219178,0.1506849315068493,0.14657534246575343,0.43424657534246575,0.9780821917808219,0.914324880054832,0.28063814358230604
790,72.2,12205.0,1.0,3.0,0.0,3.0,6.0,8.0,1966.0,2007.0,157.0,2.0,2.0,2.0,3.0,0.0,4.0,568.0,5.0,0.0,264.0,832.0,1.0,976.0,1111.0,0.0,2087.0,5.0,1.0,1.0,9.0,0.0,0.0,5.0,2.5,1966.0,0.0,2.0,444.0,2.0,2.0,0.0,133.0,168.0,0.0,0.0,0.0,0.0,4.0,4.0,0.0,7.0,2007.0,187500.0,1.0,0.0,1.0,1.0,0.0,0.0,0.0,0.0,0.8356164383561644,0.8678082191780822,0.8205479452054795,0.2047945205479452,0.7883561643835616,0.019178082191780823,0.863013698630137,0.9897260273972602,0.7205479452054795,0.7815068493150685,0.9821917808219178,0.15205479452054796,0.14178082191780822,0.43424657534246575,0.9780821917808219,0.914324880054832,0.630891950688905
791,43.0,3182.0,0.0,0.0,0.0,0.0,7.0,5.0,2005.0,2006.0,11.0,1.0,2.0,1.0,2.0,3.0,0.0,16.0,5.0,0.0,1129.0,1145.0,0.0,1145.0,0.0,0.0,1145.0,2.0,1.0,1.0,5.0,0.0,1.0,1.0,2.0,2005.0,0.0,2.0,397.0,2.0,2.0,0.0,100.0,16.0,0.0,0.0,0.0,0.0,4.0,4.0,0.0,9.0,2009.0,160200.0,1.0,0.0,1.0,1.0,0.0,0.0,0.0,0.0,0.07808219178082192,0.8678082191780822,0.8205479452054795,0.05958904109589041,0.7883561643835616,0.011643835616438357,0.863013698630137,0.9897260273972602,0.7205479452054795,0.7815068493150685,0.9821917808219178,0.3527397260273973,0.3452054794520548,0.44315068493150683,0.9780821917808219,0.914324880054832,0.630891950688905
792,80.4,11333.0,1.0,0.0,0.0,7.0,6.0,5.0,1976.0,1976.0,0.0,2.0,2.0,1.0,2.0,1.0,1.0,539.0,5.0,0.0,490.0,1029.0,2.0,1062.0,0.0,0.0,1062.0,3.0,1.0,2.0,5.0,0.0,2.0,2.0,2.0,1976.0,1.0,2.0,539.0,2.0,2.0,0.0,120.0,0.0,0.0,0.0,0.0,0.0,4.0,4.0,0.0,5.0,2007.0,146800.0,1.0,0.0,1.0,0.0,0.0,0.0,0.0,0.0,0.8356164383561644,0.8678082191780822,0.8205479452054795,0.03972602739726028,0.7883561643835616,0.03356164383561644,0.863013698630137,0.9897260273972602,0.18013698630136987,0.7815068493150685,0.9821917808219178,0.15205479452054796,0.14178082191780822,0.44315068493150683,0.9780821917808219,0.914324880054832,0.630891950688905
793,92.0,9920.0,1.0,0.0,0.0,3.0,7.0,5.0,1996.0,1997.0,0.0,1.0,2.0,1.0,2.0,1.0,0.0,862.0,5.0,0.0,255.0,1117.0,0.0,1127.0,886.0,0.0,2013.0,3.0,1.0,2.0,8.0,0.0,1.0,2.0,3.5,1997.0,2.0,2.0,455.0,2.0,2.0,0.0,180.0,130.0,0.0,0.0,0.0,0.0,4.0,4.0,0.0,6.0,2007.0,269790.0,1.0,0.0,1.0,0.0,0.0,0.0,0.0,0.0,0.8356164383561644,0.8678082191780822,0.8205479452054795,0.2047945205479452,0.7883561643835616,0.028082191780821917,0.863013698630137,0.9897260273972602,0.06438356164383562,0.7815068493150685,0.9821917808219178,0.1506849315068493,0.14657534246575343,0.44315068493150683,0.9780821917808219,0.914324880054832,0.630891950688905
794,76.0,9158.0,0.0,0.0,0.0,0.0,8.0,5.0,2007.0,2007.0,140.0,1.0,2.0,1.0,2.0,1.0,5.0,0.0,5.0,0.0,1496.0,1496.0,0.0,1496.0,0.0,0.0,1496.0,3.0,1.0,1.0,7.0,0.0,0.0,5.0,2.0,2007.0,0.0,2.0,474.0,2.0,2.0,0.0,168.0,130.0,0.0,0.0,0.0,0.0,4.0,4.0,0.0,6.0,2007.0,225000.0,1.0,0.0,1.0,0.0,1.0,0.0,0.0,0.0,0.8356164383561644,0.08356164383561644,0.08561643835616438,0.36712328767123287,0.7883561643835616,0.0589041095890411,0.863013698630137,0.9897260273972602,0.7205479452054795,0.7815068493150685,0.9821917808219178,0.04178082191780822,0.0410958904109589,0.44315068493150683,0.9780821917808219,0.914324880054832,0.630891950688905
795,69.2,10832.0,1.0,0.0,0.0,3.0,7.0,5.0,1994.0,1996.0,0.0,1.0,2.0,1.0,2.0,3.0,5.0,0.0,5.0,0.0,712.0,712.0,0.0,1086.0,809.0,0.0,1895.0,3.0,1.0,1.0,7.0,0.0,1.0,2.0,2.5,1994.0,0.0,2.0,409.0,2.0,2.0,0.0,143.0,46.0,0.0,0.0,0.0,0.0,4.0,4.0,500.0,10.0,2008.0,194500.0,1.0,0.0,1.0,0.0,0.0,0.0,1.0,0.0,0.8356164383561644,0.8678082191780822,0.8205479452054795,0.2047945205479452,0.7883561643835616,0.05410958904109589,0.863013698630137,0.9897260273972602,0.18013698630136987,0.7815068493150685,0.9821917808219178,0.1506849315068493,0.14657534246575343,0.44315068493150683,0.9780821917808219,0.914324880054832,0.630891950688905
796,70.0,8400.0,0.0,0.0,0.0,3.0,6.0,6.0,1980.0,1981.0,130.0,2.0,2.0,1.0,2.0,3.0,5.0,0.0,5.0,0.0,650.0,650.0,2.0,888.0,676.0,0.0,1564.0,3.0,1.0,2.0,7.0,0.0,1.0,2.0,2.5,1980.0,2.0,2.0,476.0,2.0,2.0,0.0,0.0,50.0,0.0,0.0,204.0,0.0,4.0,1.0,0.0,4.0,2010.0,171000.0,1.0,0.0,1.0,1.0,0.0,0.0,0.0,0.0,0.8356164383561644,0.8678082191780822,0.8205479452054795,0.2047945205479452,0.7883561643835616,0.04041095890410959,0.863013698630137,0.9897260273972602,0.7205479452054795,0.7815068493150685,0.9821917808219178,0.15205479452054796,0.14178082191780822,0.43424657534246575,0.9780821917808219,0.914324880054832,0.630891950688905
797,71.0,8197.0,0.0,0.0,0.0,0.0,6.0,5.0,1977.0,1977.0,148.0,2.0,2.0,2.0,2.0,3.0,5.0,0.0,5.0,0.0,660.0,660.0,0.0,1285.0,0.0,0.0,1285.0,3.0,1.0,2.0,7.0,0.0,1.0,2.0,1.5,1977.0,1.0,2.0,528.0,2.0,2.0,0.0,138.0,0.0,0.0,0.0,0.0,0.0,4.0,1.0,0.0,4.0,2007.0,143500.0,1.0,0.0,1.0,1.0,0.0,0.0,0.0,0.0,0.8356164383561644,0.8678082191780822,0.8205479452054795,0.36712328767123287,0.7883561643835616,0.050684931506849315,0.863013698630137,0.9897260273972602,0.7205479452054795,0.7815068493150685,0.9821917808219178,0.07397260273972603,0.09726027397260274,0.43424657534246575,0.9780821917808219,0.914324880054832,0.630891950688905
798,57.0,7677.0,0.0,0.0,0.0,0.0,5.0,5.0,1953.0,1953.0,0.0,2.0,2.0,2.0,2.0,3.0,2.0,570.0,5.0,0.0,203.0,773.0,1.0,773.0,0.0,0.0,773.0,2.0,1.0,2.0,4.0,0.0,0.0,5.0,1.0,1953.0,2.0,1.0,240.0,2.0,2.0,0.0,0.0,0.0,0.0,0.0,0.0,0.0,4.0,4.0,0.0,4.0,2008.0,110000.0,1.0,0.0,1.0,0.0,0.0,0.0,0.0,0.0,0.8356164383561644,0.8678082191780822,0.06917808219178082,0.36712328767123287,0.7883561643835616,0.1541095890410959,0.863013698630137,0.9897260273972602,0.7205479452054795,0.7815068493150685,0.9821917808219178,0.3527397260273973,0.3452054794520548,0.43424657534246575,0.9780821917808219,0.914324880054832,0.630891950688905
799,104.0,13518.0,0.0,0.0,0.0,3.0,9.0,5.0,2008.0,2009.0,860.0,0.0,2.0,0.0,2.0,3.0,5.0,0.0,5.0,0.0,1926.0,1926.0,0.0,1966.0,1174.0,0.0,3140.0,4.0,1.0,0.0,11.0,0.0,2.0,1.0,3.5,2009.0,0.0,3.0,820.0,2.0,2.0,0.0,144.0,78.0,0.0,0.0,0.0,0.0,4.0,4.0,0.0,7.0,2009.0,485000.0,1.0,0.0,1.0,0.0,1.0,0.0,0.0,0.0,0.8356164383561644,0.08356164383561644,0.08561643835616438,0.2047945205479452,0.7883561643835616,0.05273972602739726,0.863013698630137,0.9897260273972602,0.7205479452054795,0.1958904109589041,0.9821917808219178,0.3527397260273973,0.3452054794520548,0.44315068493150683,0.9780821917808219,0.914324880054832,0.06381435823060189
800,60.0,7200.0,0.0,0.0,0.0,1.0,5.0,7.0,1937.0,1950.0,252.0,2.0,2.0,1.0,2.0,3.0,1.0,569.0,5.0,0.0,162.0,731.0,0.0,981.0,787.0,0.0,1768.0,3.0,1.0,1.0,7.0,0.0,2.0,2.0,2.5,1939.0,2.0,1.0,240.0,2.0,2.0,0.0,0.0,0.0,264.0,0.0,0.0,0.0,4.0,1.0,0.0,6.0,2007.0,175000.0,1.0,0.0,1.0,1.0,0.0,0.0,0.0,0.0,0.8356164383561644,0.8678082191780822,0.8205479452054795,0.09863013698630137,0.7883561643835616,0.017123287671232876,0.05547945205479452,0.9897260273972602,0.18013698630136987,0.7815068493150685,0.9821917808219178,0.1410958904109589,0.13493150684931507,0.1,0.9780821917808219,0.914324880054832,0.28063814358230604
801,79.0,12798.0,1.0,2.0,1.0,3.0,6.0,5.0,1997.0,1997.0,0.0,2.0,2.0,1.0,2.0,0.0,0.0,462.0,5.0,0.0,154.0,616.0,1.0,616.0,1072.0,0.0,1688.0,4.0,1.0,1.0,8.0,0.0,0.0,5.0,3.5,1997.0,1.0,2.0,603.0,2.0,2.0,0.0,403.0,114.0,185.0,0.0,0.0,0.0,4.0,4.0,400.0,5.0,2008.0,200000.0,1.0,0.0,1.0,0.0,0.0,0.0,1.0,0.0,0.8356164383561644,0.8678082191780822,0.8205479452054795,0.2047945205479452,0.7883561643835616,0.019178082191780823,0.05547945205479452,0.9897260273972602,0.7205479452054795,0.7815068493150685,0.9821917808219178,0.3527397260273973,0.3452054794520548,0.44315068493150683,0.9780821917808219,0.914324880054832,0.630891950688905
802,40.0,4800.0,0.0,0.0,0.0,0.0,4.0,7.0,1916.0,1990.0,0.0,2.0,2.0,2.0,2.0,3.0,4.0,197.0,5.0,0.0,999.0,1196.0,0.0,1196.0,0.0,0.0,1196.0,2.0,1.0,2.0,5.0,0.0,0.0,5.0,2.0,1957.0,2.0,2.0,440.0,2.0,2.0,0.0,0.0,0.0,0.0,0.0,0.0,0.0,4.0,4.0,0.0,7.0,2007.0,109900.0,1.0,0.0,1.0,0.0,0.0,0.0,0.0,0.0,0.8356164383561644,0.8678082191780822,0.8205479452054795,0.04726027397260274,0.14931506849315068,0.025342465753424658,0.863013698630137,0.9897260273972602,0.7205479452054795,0.7815068493150685,0.9821917808219178,0.1506849315068493,0.14657534246575343,0.43424657534246575,0.9780821917808219,0.06442769019876628,0.28063814358230604
803,63.0,8199.0,0.0,0.0,0.0,3.0,7.0,5.0,2005.0,2005.0,0.0,1.0,2.0,1.0,2.0,1.0,0.0,648.0,5.0,0.0,80.0,728.0,0.0,728.0,728.0,0.0,1456.0,3.0,1.0,1.0,7.0,0.0,1.0,1.0,3.5,2005.0,0.0,2.0,410.0,2.0,2.0,0.0,36.0,18.0,0.0,0.0,0.0,0.0,4.0,4.0,0.0,10.0,2008.0,189000.0,1.0,0.0,1.0,0.0,0.0,0.0,0.0,0.0,0.8356164383561644,0.8678082191780822,0.8205479452054795,0.2047945205479452,0.7883561643835616,0.10273972602739725,0.863013698630137,0.9897260273972602,0.7205479452054795,0.7815068493150685,0.9821917808219178,0.01780821917808219,0.026027397260273973,0.44315068493150683,0.9780821917808219,0.914324880054832,0.630891950688905
804,107.0,13891.0,0.0,0.0,0.0,3.0,9.0,5.0,2008.0,2009.0,424.0,0.0,2.0,0.0,2.0,0.0,5.0,0.0,5.0,0.0,1734.0,1734.0,0.0,1734.0,1088.0,0.0,2822.0,4.0,1.0,0.0,12.0,0.0,1.0,1.0,3.5,2009.0,1.0,3.0,1020.0,2.0,2.0,0.0,52.0,170.0,0.0,0.0,192.0,0.0,4.0,4.0,0.0,1.0,2009.0,582933.0,1.0,0.0,1.0,0.0,1.0,0.0,0.0,0.0,0.8356164383561644,0.08356164383561644,0.08561643835616438,0.2047945205479452,0.7883561643835616,0.05273972602739726,0.863013698630137,0.9897260273972602,0.7205479452054795,0.1958904109589041,0.9821917808219178,0.3527397260273973,0.3452054794520548,0.44315068493150683,0.9780821917808219,0.914324880054832,0.06381435823060189
805,75.0,9000.0,0.0,0.0,0.0,0.0,5.0,5.0,1954.0,1954.0,0.0,2.0,2.0,2.0,2.0,3.0,4.0,812.0,5.0,0.0,124.0,936.0,2.0,1128.0,0.0,0.0,1128.0,2.0,1.0,2.0,5.0,1.0,0.0,5.0,1.0,1954.0,2.0,1.0,286.0,2.0,2.0,0.0,0.0,0.0,0.0,0.0,0.0,0.0,4.0,2.0,0.0,6.0,2006.0,118000.0,1.0,0.0,1.0,0.0,0.0,0.0,0.0,0.0,0.8356164383561644,0.8678082191780822,0.0136986301369863,0.36712328767123287,0.7883561643835616,0.1541095890410959,0.863013698630137,0.9897260273972602,0.7205479452054795,0.7815068493150685,0.9821917808219178,0.1410958904109589,0.13493150684931507,0.43424657534246575,0.9780821917808219,0.914324880054832,0.630891950688905
806,91.0,12274.0,1.0,0.0,0.0,0.0,7.0,5.0,2008.0,2008.0,256.0,1.0,2.0,1.0,2.0,3.0,5.0,0.0,5.0,0.0,1417.0,1417.0,0.0,1428.0,0.0,0.0,1428.0,3.0,1.0,0.0,6.0,0.0,0.0,5.0,2.0,2008.0,1.0,2.0,554.0,2.0,2.0,0.0,0.0,60.0,0.0,0.0,0.0,0.0,4.0,4.0,0.0,7.0,2008.0,227680.0,1.0,0.0,1.0,0.0,1.0,0.0,0.0,0.0,0.8356164383561644,0.08356164383561644,0.08561643835616438,0.36712328767123287,0.7883561643835616,0.0589041095890411,0.863013698630137,0.9897260273972602,0.03219178082191781,0.7815068493150685,0.9821917808219178,0.3527397260273973,0.3452054794520548,0.44315068493150683,0.9780821917808219,0.914324880054832,0.630891950688905
807,75.0,9750.0,0.0,0.0,0.0,7.0,5.0,5.0,1967.0,1967.0,0.0,2.0,2.0,2.0,2.0,1.0,1.0,400.0,3.0,480.0,100.0,980.0,1.0,980.0,0.0,0.0,980.0,3.0,1.0,2.0,6.0,0.0,0.0,5.0,2.0,1967.0,0.0,1.0,384.0,2.0,2.0,0.0,68.0,0.0,0.0,0.0,0.0,0.0,4.0,4.0,0.0,10.0,2006.0,135500.0,1.0,0.0,1.0,0.0,0.0,0.0,0.0,0.0,0.8356164383561644,0.8678082191780822,0.8205479452054795,0.03972602739726028,0.7883561643835616,0.1541095890410959,0.863013698630137,0.9897260273972602,0.7205479452054795,0.7815068493150685,0.9821917808219178,0.3527397260273973,0.3452054794520548,0.44315068493150683,0.9780821917808219,0.914324880054832,0.630891950688905
808,144.0,21384.0,0.0,0.0,0.0,3.0,5.0,6.0,1923.0,2004.0,0.0,2.0,2.0,2.0,2.0,0.0,0.0,1309.0,5.0,0.0,15.0,1324.0,0.0,1072.0,504.0,0.0,1576.0,3.0,1.0,1.0,6.0,0.0,1.0,2.0,3.5,1923.0,1.0,2.0,528.0,2.0,2.0,0.0,0.0,312.0,0.0,0.0,0.0,0.0,4.0,4.0,0.0,5.0,2009.0,223500.0,1.0,0.0,1.0,0.0,0.0,0.0,0.0,0.0,0.8356164383561644,0.8678082191780822,0.8205479452054795,0.0410958904109589,0.7883561643835616,0.03972602739726028,0.863013698630137,0.9897260273972602,0.7205479452054795,0.7815068493150685,0.9821917808219178,0.1410958904109589,0.13493150684931507,0.43424657534246575,0.9780821917808219,0.914324880054832,0.630891950688905
809,85.0,13400.0,0.0,0.0,0.0,7.0,5.0,5.0,1966.0,1966.0,1047.0,2.0,2.0,2.0,2.0,1.0,1.0,516.0,2.0,128.0,380.0,1024.0,2.0,1086.0,0.0,0.0,1086.0,3.0,1.0,2.0,6.0,0.0,1.0,1.0,2.0,1966.0,1.0,2.0,484.0,2.0,2.0,0.0,0.0,0.0,0.0,0.0,0.0,0.0,4.0,2.0,0.0,6.0,2006.0,159950.0,1.0,0.0,1.0,1.0,0.0,0.0,0.0,0.0,0.8356164383561644,0.8678082191780822,0.8205479452054795,0.03972602739726028,0.7883561643835616,0.1541095890410959,0.863013698630137,0.9897260273972602,0.7205479452054795,0.7815068493150685,0.9821917808219178,0.3527397260273973,0.3452054794520548,0.43424657534246575,0.9780821917808219,0.914324880054832,0.630891950688905
810,90.0,8100.0,0.0,0.0,0.0,5.0,5.0,5.0,1898.0,1965.0,0.0,2.0,2.0,2.0,2.0,3.0,5.0,0.0,5.0,0.0,849.0,849.0,2.0,1075.0,1063.0,0.0,2138.0,2.0,3.0,2.0,11.0,0.0,0.0,5.0,2.0,1910.0,2.0,2.0,360.0,3.0,4.0,2.0,40.0,156.0,0.0,0.0,0.0,0.0,4.0,1.0,0.0,11.0,2009.0,106000.0,1.0,0.0,0.0,0.0,0.0,0.0,0.0,0.0,0.8356164383561644,0.8678082191780822,0.8205479452054795,0.010958904109589041,0.14931506849315068,0.0773972602739726,0.863013698630137,0.9897260273972602,0.18013698630136987,0.1958904109589041,0.9821917808219178,0.0136986301369863,0.0136986301369863,0.44315068493150683,0.9780821917808219,0.06442769019876628,0.28063814358230604
811,78.0,10140.0,0.0,0.0,0.0,0.0,6.0,6.0,1974.0,1999.0,99.0,2.0,2.0,2.0,2.0,3.0,1.0,663.0,4.0,377.0,0.0,1040.0,3.0,1309.0,0.0,0.0,1309.0,3.0,1.0,1.0,5.0,0.0,1.0,3.0,2.5,1974.0,1.0,2.0,484.0,2.0,2.0,0.0,265.0,0.0,0.0,0.0,0.0,648.0,3.0,0.0,0.0,1.0,2006.0,181000.0,1.0,0.0,1.0,1.0,0.0,0.0,0.0,0.0,0.8356164383561644,0.8678082191780822,0.8205479452054795,0.36712328767123287,0.7883561643835616,0.05,0.863013698630137,0.9897260273972602,0.7205479452054795,0.1958904109589041,0.9821917808219178,0.15205479452054796,0.14178082191780822,0.43424657534246575,0.9780821917808219,0.914324880054832,0.630891950688905
812,46.6,4438.0,0.0,0.0,0.0,0.0,6.0,5.0,2004.0,2004.0,169.0,1.0,2.0,1.0,2.0,0.0,0.0,662.0,5.0,0.0,186.0,848.0,0.0,848.0,0.0,0.0,848.0,1.0,1.0,1.0,4.0,0.0,1.0,1.0,2.0,2004.0,0.0,2.0,420.0,2.0,2.0,0.0,140.0,0.0,0.0,0.0,0.0,0.0,4.0,4.0,0.0,6.0,2008.0,144500.0,1.0,0.0,1.0,1.0,0.0,0.0,0.0,0.0,0.07808219178082192,0.0061643835616438354,0.8205479452054795,0.05958904109589041,0.14931506849315068,0.10273972602739725,0.863013698630137,0.9897260273972602,0.7205479452054795,0.7815068493150685,0.9821917808219178,0.3527397260273973,0.3452054794520548,0.44315068493150683,0.9780821917808219,0.914324880054832,0.630891950688905
813,66.0,8712.0,0.0,1.0,1.0,0.0,5.0,5.0,1952.0,1952.0,0.0,3.0,2.0,2.0,2.0,1.0,5.0,0.0,5.0,0.0,540.0,540.0,2.0,1044.0,0.0,0.0,1044.0,2.0,1.0,3.0,4.0,0.0,0.0,5.0,1.0,1952.0,2.0,2.0,504.0,2.0,2.0,2.0,0.0,0.0,0.0,0.0,0.0,0.0,4.0,4.0,54.0,6.0,2010.0,55993.0,0.0,0.0,0.0,0.0,0.0,0.0,1.0,0.0,0.8356164383561644,0.8678082191780822,0.00821917808219178,0.36712328767123287,0.00684931506849315,0.025342465753424658,0.863013698630137,0.9897260273972602,0.7205479452054795,0.1958904109589041,0.9821917808219178,0.1410958904109589,0.13493150684931507,0.43424657534246575,0.9780821917808219,0.06442769019876628,0.013778100072516316
814,75.0,9750.0,0.0,0.0,0.0,0.0,6.0,6.0,1958.0,1958.0,243.0,2.0,2.0,2.0,2.0,3.0,3.0,608.0,5.0,0.0,834.0,1442.0,1.0,1442.0,0.0,0.0,1442.0,4.0,1.0,2.0,7.0,0.0,0.0,5.0,1.5,1958.0,1.0,1.0,301.0,2.0,2.0,0.0,0.0,0.0,275.0,0.0,0.0,0.0,4.0,4.0,500.0,4.0,2007.0,157900.0,1.0,0.0,1.0,1.0,0.0,0.0,1.0,0.0,0.8356164383561644,0.02945205479452055,0.8205479452054795,0.36712328767123287,0.7883561643835616,0.1541095890410959,0.863013698630137,0.9897260273972602,0.7205479452054795,0.7815068493150685,0.9821917808219178,0.1506849315068493,0.14657534246575343,0.43424657534246575,0.9780821917808219,0.914324880054832,0.630891950688905
815,45.0,8248.0,0.0,0.0,0.0,1.0,5.0,7.0,1918.0,1950.0,0.0,2.0,2.0,2.0,2.0,3.0,5.0,0.0,5.0,0.0,686.0,686.0,1.0,686.0,564.0,0.0,1250.0,3.0,1.0,3.0,7.0,0.0,0.0,5.0,2.0,1955.0,2.0,1.0,280.0,2.0,2.0,1.0,207.0,0.0,96.0,0.0,0.0,0.0,4.0,4.0,0.0,7.0,2006.0,116000.0,1.0,0.0,1.0,0.0,0.0,0.0,0.0,0.0,0.8356164383561644,0.8678082191780822,0.8205479452054795,0.09863013698630137,0.7883561643835616,0.0684931506849315,0.863013698630137,0.9897260273972602,0.7205479452054795,0.7815068493150685,0.9821917808219178,0.017123287671232876,0.01780821917808219,0.1,0.012328767123287671,0.914324880054832,0.28063814358230604
816,48.0,12137.0,2.0,0.0,0.0,0.0,7.0,5.0,1998.0,1998.0,442.0,2.0,2.0,1.0,2.0,3.0,5.0,0.0,5.0,0.0,1649.0,1649.0,0.0,1661.0,0.0,0.0,1661.0,3.0,1.0,1.0,6.0,0.0,0.0,5.0,2.0,1998.0,1.0,2.0,598.0,2.0,2.0,0.0,0.0,34.0,0.0,0.0,0.0,0.0,4.0,4.0,0.0,5.0,2010.0,224900.0,1.0,0.0,1.0,1.0,0.0,0.0,0.0,0.0,0.8356164383561644,0.8678082191780822,0.8205479452054795,0.36712328767123287,0.7883561643835616,0.10273972602739725,0.863013698630137,0.9897260273972602,0.06438356164383562,0.7815068493150685,0.9821917808219178,0.3527397260273973,0.3452054794520548,0.44315068493150683,0.9780821917808219,0.914324880054832,0.630891950688905
817,79.4,11425.0,1.0,0.0,0.0,0.0,5.0,6.0,1954.0,1954.0,0.0,2.0,2.0,2.0,2.0,3.0,2.0,486.0,5.0,0.0,522.0,1008.0,1.0,1008.0,0.0,0.0,1008.0,2.0,1.0,2.0,4.0,0.0,1.0,1.0,1.0,1954.0,1.0,1.0,275.0,2.0,2.0,0.0,0.0,0.0,120.0,0.0,0.0,0.0,4.0,4.0,0.0,7.0,2006.0,137000.0,1.0,0.0,1.0,0.0,0.0,0.0,0.0,0.0,0.8356164383561644,0.8678082191780822,0.8205479452054795,0.36712328767123287,0.7883561643835616,0.1541095890410959,0.863013698630137,0.9897260273972602,0.18013698630136987,0.7815068493150685,0.9821917808219178,0.03424657534246575,0.017123287671232876,0.43424657534246575,0.9780821917808219,0.914324880054832,0.630891950688905
818,82.0,13265.0,1.0,0.0,0.0,0.0,8.0,5.0,2002.0,2002.0,148.0,1.0,2.0,1.0,2.0,3.0,0.0,1218.0,5.0,0.0,350.0,1568.0,0.0,1689.0,0.0,0.0,1689.0,3.0,1.0,1.0,7.0,0.0,2.0,1.0,3.0,2002.0,1.0,3.0,857.0,2.0,2.0,0.0,150.0,59.0,0.0,0.0,0.0,0.0,4.0,4.0,0.0,7.0,2008.0,271000.0,1.0,0.0,1.0,1.0,0.0,0.0,0.0,0.0,0.8356164383561644,0.8678082191780822,0.8205479452054795,0.36712328767123287,0.7883561643835616,0.03356164383561644,0.863013698630137,0.9897260273972602,0.06438356164383562,0.1958904109589041,0.9821917808219178,0.04178082191780822,0.0410958904109589,0.44315068493150683,0.9780821917808219,0.914324880054832,0.630891950688905
819,80.0,8816.0,0.0,0.0,0.0,7.0,6.0,7.0,1971.0,1971.0,80.0,2.0,2.0,2.0,2.0,1.0,0.0,504.0,5.0,0.0,506.0,1010.0,1.0,1052.0,0.0,0.0,1052.0,3.0,1.0,2.0,6.0,0.0,0.0,5.0,2.0,1971.0,2.0,2.0,440.0,2.0,2.0,0.0,0.0,0.0,0.0,0.0,0.0,0.0,4.0,1.0,0.0,6.0,2010.0,155000.0,1.0,0.0,1.0,1.0,0.0,0.0,0.0,0.0,0.8356164383561644,0.8678082191780822,0.8205479452054795,0.03972602739726028,0.7883561643835616,0.019178082191780823,0.863013698630137,0.9897260273972602,0.7205479452054795,0.7815068493150685,0.9821917808219178,0.15205479452054796,0.14178082191780822,0.43424657534246575,0.9780821917808219,0.914324880054832,0.630891950688905
820,44.0,6371.0,1.0,0.0,0.0,0.0,7.0,5.0,2009.0,2010.0,128.0,1.0,2.0,1.0,2.0,2.0,0.0,733.0,5.0,0.0,625.0,1358.0,0.0,1358.0,0.0,0.0,1358.0,2.0,1.0,1.0,6.0,0.0,1.0,1.0,3.0,2010.0,1.0,2.0,484.0,2.0,2.0,0.0,192.0,35.0,0.0,0.0,0.0,0.0,4.0,4.0,0.0,6.0,2010.0,224000.0,1.0,0.0,1.0,0.0,1.0,0.0,0.0,0.0,0.07808219178082192,0.08356164383561644,0.08561643835616438,0.05958904109589041,0.7883561643835616,0.05273972602739726,0.863013698630137,0.9897260273972602,0.7205479452054795,0.7815068493150685,0.9821917808219178,0.3527397260273973,0.3452054794520548,0.44315068493150683,0.9780821917808219,0.914324880054832,0.630891950688905
821,72.0,7226.0,1.0,0.0,0.0,3.0,7.0,5.0,2003.0,2003.0,0.0,1.0,2.0,1.0,2.0,3.0,5.0,0.0,5.0,0.0,798.0,798.0,0.0,798.0,842.0,0.0,1640.0,3.0,1.0,1.0,6.0,0.0,0.0,5.0,2.5,2003.0,1.0,2.0,595.0,2.0,2.0,0.0,0.0,45.0,0.0,0.0,0.0,0.0,4.0,4.0,0.0,6.0,2008.0,183000.0,1.0,0.0,1.0,0.0,0.0,0.0,0.0,0.0,0.8356164383561644,0.8678082191780822,0.8205479452054795,0.2047945205479452,0.7883561643835616,0.10273972602739725,0.863013698630137,0.9897260273972602,0.06438356164383562,0.7815068493150685,0.9821917808219178,0.3527397260273973,0.3452054794520548,0.44315068493150683,0.9780821917808219,0.914324880054832,0.630891950688905
822,60.0,6000.0,0.0,1.0,1.0,0.0,4.0,4.0,1953.0,1953.0,0.0,3.0,2.0,3.0,2.0,3.0,5.0,0.0,5.0,0.0,936.0,936.0,2.0,936.0,0.0,0.0,936.0,2.0,1.0,2.0,4.0,2.0,0.0,5.0,1.0,1974.0,2.0,2.0,576.0,2.0,2.0,0.0,0.0,32.0,112.0,0.0,0.0,0.0,4.0,4.0,0.0,2.0,2009.0,93000.0,1.0,1.0,0.0,0.0,0.0,0.0,0.0,0.0,0.021232876712328767,0.8678082191780822,0.8205479452054795,0.36712328767123287,0.14931506849315068,0.0773972602739726,0.863013698630137,0.9897260273972602,0.7205479452054795,0.7815068493150685,0.9821917808219178,0.1506849315068493,0.14657534246575343,0.43424657534246575,0.9780821917808219,0.914324880054832,0.28063814358230604
823,80.6,12394.0,1.0,0.0,0.0,3.0,7.0,5.0,2003.0,2003.0,0.0,1.0,2.0,1.0,2.0,0.0,5.0,0.0,5.0,0.0,847.0,847.0,0.0,847.0,886.0,0.0,1733.0,3.0,1.0,1.0,7.0,0.0,1.0,1.0,2.5,2003.0,0.0,2.0,433.0,2.0,2.0,0.0,100.0,48.0,0.0,0.0,0.0,0.0,4.0,4.0,0.0,10.0,2007.0,225000.0,1.0,0.0,1.0,0.0,0.0,0.0,0.0,0.0,0.8356164383561644,0.8678082191780822,0.0136986301369863,0.2047945205479452,0.7883561643835616,0.05410958904109589,0.863013698630137,0.9897260273972602,0.18013698630136987,0.7815068493150685,0.9821917808219178,0.3527397260273973,0.3452054794520548,0.44315068493150683,0.9780821917808219,0.914324880054832,0.06381435823060189
824,60.0,9900.0,0.0,0.0,0.0,1.0,6.0,7.0,1940.0,1950.0,0.0,2.0,2.0,2.0,2.0,3.0,5.0,0.0,5.0,0.0,778.0,778.0,2.0,944.0,545.0,0.0,1489.0,3.0,1.0,2.0,7.0,0.0,1.0,1.0,2.0,1940.0,2.0,1.0,240.0,2.0,2.0,0.0,335.0,0.0,0.0,0.0,0.0,0.0,4.0,2.0,0.0,7.0,2009.0,139500.0,1.0,0.0,1.0,0.0,0.0,0.0,0.0,0.0,0.8356164383561644,0.8678082191780822,0.8205479452054795,0.09863013698630137,0.7883561643835616,0.017123287671232876,0.863013698630137,0.9897260273972602,0.7205479452054795,0.7815068493150685,0.9821917808219178,0.3527397260273973,0.3452054794520548,0.1,0.9780821917808219,0.914324880054832,0.28063814358230604
825,81.0,11216.0,0.0,0.0,0.0,0.0,8.0,5.0,2006.0,2006.0,0.0,1.0,2.0,1.0,1.0,3.0,5.0,0.0,5.0,0.0,1489.0,1489.0,0.0,1489.0,0.0,0.0,1489.0,3.0,1.0,1.0,7.0,0.0,1.0,1.0,2.0,2006.0,1.0,2.0,776.0,2.0,2.0,0.0,0.0,140.0,0.0,0.0,0.0,0.0,4.0,4.0,0.0,6.0,2006.0,232600.0,1.0,0.0,1.0,0.0,0.0,0.0,0.0,0.0,0.8356164383561644,0.08356164383561644,0.08561643835616438,0.36712328767123287,0.04452054794520548,0.0589041095890411,0.863013698630137,0.9897260273972602,0.7205479452054795,0.7815068493150685,0.9821917808219178,0.3527397260273973,0.3452054794520548,0.44315068493150683,0.9780821917808219,0.914324880054832,0.630891950688905
826,114.0,14803.0,0.0,0.0,0.0,0.0,10.0,5.0,2007.0,2008.0,816.0,0.0,2.0,0.0,2.0,1.0,0.0,1636.0,5.0,0.0,442.0,2078.0,0.0,2084.0,0.0,0.0,2084.0,2.0,1.0,0.0,7.0,0.0,1.0,1.0,3.0,2007.0,0.0,3.0,1220.0,2.0,2.0,0.0,188.0,45.0,0.0,0.0,0.0,0.0,4.0,4.0,0.0,6.0,2008.0,385000.0,1.0,0.0,1.0,1.0,0.0,0.0,0.0,0.0,0.8356164383561644,0.08356164383561644,0.08561643835616438,0.36712328767123287,0.7883561643835616,0.05273972602739726,0.013013698630136987,0.0013698630136986301,0.7205479452054795,0.1958904109589041,0.9821917808219178,0.04178082191780822,0.0410958904109589,0.44315068493150683,0.9780821917808219,0.914324880054832,0.630891950688905
827,50.0,6130.0,0.0,0.0,0.0,2.0,5.0,6.0,1924.0,1950.0,0.0,2.0,2.0,2.0,2.0,3.0,1.0,784.0,5.0,0.0,0.0,784.0,1.0,784.0,0.0,0.0,784.0,2.0,1.0,1.0,5.0,0.0,0.0,5.0,2.0,1963.4,3.0,0.0,0.0,5.0,5.0,0.0,0.0,0.0,116.0,0.0,0.0,0.0,4.0,4.0,0.0,5.0,2008.0,109500.0,1.0,0.0,1.0,0.0,0.0,0.0,0.0,0.0,0.8356164383561644,0.8678082191780822,0.8205479452054795,0.00821917808219178,0.14931506849315068,0.03972602739726028,0.863013698630137,0.9897260273972602,0.7205479452054795,0.7815068493150685,0.9821917808219178,0.1506849315068493,0.14657534246575343,0.1,0.9780821917808219,0.914324880054832,0.28063814358230604
828,65.0,8529.0,1.0,0.0,0.0,0.0,7.0,5.0,2001.0,2001.0,0.0,1.0,2.0,1.0,2.0,3.0,0.0,20.0,5.0,0.0,1434.0,1454.0,0.0,1434.0,0.0,0.0,1434.0,3.0,1.0,1.0,6.0,0.0,1.0,2.0,2.0,2001.0,1.0,2.0,527.0,2.0,2.0,0.0,290.0,39.0,0.0,0.0,0.0,0.0,4.0,4.0,0.0,4.0,2009.0,189000.0,1.0,0.0,1.0,0.0,0.0,0.0,0.0,0.0,0.8356164383561644,0.8678082191780822,0.8205479452054795,0.36712328767123287,0.7883561643835616,0.04041095890410959,0.863013698630137,0.9897260273972602,0.7205479452054795,0.7815068493150685,0.9821917808219178,0.3527397260273973,0.3452054794520548,0.44315068493150683,0.9780821917808219,0.914324880054832,0.630891950688905
829,72.6,28698.0,2.0,3.0,2.0,3.0,5.0,5.0,1967.0,1967.0,0.0,2.0,2.0,2.0,1.0,0.0,4.0,249.0,1.0,764.0,0.0,1013.0,2.0,1160.0,966.0,0.0,2126.0,3.0,1.0,2.0,7.0,2.0,0.0,5.0,3.0,1967.0,0.0,2.0,538.0,2.0,2.0,0.0,486.0,0.0,0.0,0.0,225.0,0.0,4.0,4.0,0.0,6.0,2009.0,185000.0,1.0,0.0,1.0,0.0,0.0,0.0,0.0,0.0,0.8356164383561644,0.8678082191780822,0.06917808219178082,0.2047945205479452,0.7883561643835616,0.019178082191780823,0.863013698630137,0.9897260273972602,0.06438356164383562,0.008904109589041096,0.007534246575342466,0.07397260273972603,0.09726027397260274,0.44315068493150683,0.9780821917808219,0.914324880054832,0.630891950688905
830,24.0,2544.0,0.0,0.0,0.0,3.0,7.0,5.0,2005.0,2005.0,0.0,1.0,2.0,1.0,2.0,3.0,5.0,0.0,5.0,0.0,600.0,600.0,0.0,520.0,623.0,80.0,1223.0,2.0,1.0,1.0,4.0,0.0,0.0,5.0,2.5,2005.0,1.0,2.0,480.0,2.0,2.0,0.0,0.0,166.0,0.0,0.0,0.0,0.0,4.0,4.0,0.0,7.0,2006.0,147400.0,1.0,1.0,1.0,0.0,0.0,0.0,0.0,0.0,0.02945205479452055,0.8678082191780822,0.8205479452054795,0.04315068493150685,0.04452054794520548,0.0589041095890411,0.863013698630137,0.9897260273972602,0.7205479452054795,0.7815068493150685,0.9821917808219178,0.1506849315068493,0.14657534246575343,0.44315068493150683,0.9780821917808219,0.914324880054832,0.28063814358230604
831,80.0,11900.0,1.0,0.0,0.0,0.0,6.0,5.0,1957.0,1957.0,387.0,2.0,2.0,2.0,2.0,3.0,3.0,1040.0,5.0,0.0,352.0,1392.0,2.0,1392.0,0.0,0.0,1392.0,3.0,1.0,2.0,6.0,0.0,2.0,1.0,2.5,1957.0,1.0,2.0,458.0,2.0,2.0,0.0,0.0,0.0,0.0,0.0,192.0,0.0,4.0,4.0,0.0,6.0,2008.0,166000.0,1.0,0.0,1.0,1.0,0.0,0.0,0.0,0.0,0.8356164383561644,0.8678082191780822,0.8205479452054795,0.36712328767123287,0.7883561643835616,0.1541095890410959,0.863013698630137,0.9897260273972602,0.18013698630136987,0.7815068493150685,0.9821917808219178,0.15205479452054796,0.14178082191780822,0.43424657534246575,0.9780821917808219,0.06442769019876628,0.630891950688905
832,30.0,3180.0,0.0,0.0,0.0,3.0,7.0,5.0,2005.0,2005.0,0.0,2.0,2.0,1.0,2.0,3.0,5.0,0.0,5.0,0.0,600.0,600.0,0.0,520.0,600.0,80.0,1200.0,2.0,1.0,1.0,4.0,0.0,0.0,5.0,2.5,2005.0,1.0,2.0,480.0,2.0,2.0,0.0,0.0,166.0,0.0,0.0,0.0,0.0,4.0,4.0,0.0,6.0,2006.0,151000.0,1.0,1.0,1.0,0.0,0.0,0.0,0.0,0.0,0.07808219178082192,0.8678082191780822,0.8205479452054795,0.04315068493150685,0.04452054794520548,0.0589041095890411,0.863013698630137,0.9897260273972602,0.7205479452054795,0.7815068493150685,0.9821917808219178,0.1506849315068493,0.14657534246575343,0.44315068493150683,0.9780821917808219,0.914324880054832,0.28063814358230604
833,44.0,9548.0,1.0,0.0,0.0,3.0,7.0,6.0,2003.0,2003.0,223.0,1.0,2.0,1.0,2.0,3.0,0.0,483.0,5.0,0.0,458.0,941.0,0.0,941.0,888.0,0.0,1829.0,3.0,1.0,1.0,7.0,0.0,1.0,2.0,3.5,2003.0,1.0,2.0,613.0,2.0,2.0,0.0,192.0,39.0,0.0,0.0,0.0,0.0,4.0,4.0,0.0,1.0,2010.0,237000.0,1.0,0.0,1.0,1.0,0.0,0.0,0.0,0.0,0.8356164383561644,0.8678082191780822,0.8205479452054795,0.2047945205479452,0.7883561643835616,0.10273972602739725,0.863013698630137,0.9897260273972602,0.06438356164383562,0.7815068493150685,0.9821917808219178,0.3527397260273973,0.3452054794520548,0.44315068493150683,0.9780821917808219,0.914324880054832,0.630891950688905
834,100.0,10004.0,0.0,0.0,0.0,0.0,6.0,6.0,1964.0,1964.0,180.0,2.0,2.0,2.0,2.0,3.0,3.0,196.0,2.0,345.0,975.0,1516.0,2.0,1516.0,0.0,0.0,1516.0,3.0,1.0,2.0,6.0,0.0,0.0,5.0,1.5,1964.0,1.0,2.0,472.0,2.0,2.0,0.0,0.0,0.0,0.0,0.0,152.0,0.0,4.0,4.0,0.0,2.0,2009.0,167000.0,1.0,0.0,1.0,1.0,0.0,0.0,0.0,0.0,0.8356164383561644,0.8678082191780822,0.8205479452054795,0.36712328767123287,0.7883561643835616,0.1541095890410959,0.863013698630137,0.9897260273972602,0.7205479452054795,0.7815068493150685,0.9821917808219178,0.15205479452054796,0.09726027397260274,0.43424657534246575,0.9780821917808219,0.914324880054832,0.630891950688905
835,75.0,7875.0,0.0,0.0,0.0,0.0,5.0,6.0,1961.0,1961.0,136.0,2.0,2.0,2.0,2.0,3.0,3.0,572.0,5.0,0.0,572.0,1144.0,1.0,1144.0,0.0,0.0,1144.0,3.0,1.0,2.0,6.0,0.0,0.0,5.0,2.0,1961.0,2.0,2.0,456.0,2.0,2.0,0.0,0.0,0.0,0.0,0.0,0.0,0.0,4.0,2.0,0.0,9.0,2008.0,139950.0,1.0,0.0,1.0,1.0,0.0,0.0,0.0,0.0,0.8356164383561644,0.8678082191780822,0.8205479452054795,0.36712328767123287,0.7883561643835616,0.1541095890410959,0.863013698630137,0.9897260273972602,0.7205479452054795,0.7815068493150685,0.9821917808219178,0.3527397260273973,0.3452054794520548,0.43424657534246575,0.9780821917808219,0.914324880054832,0.630891950688905
836,60.0,9600.0,0.0,0.0,0.0,0.0,4.0,7.0,1950.0,1995.0,0.0,2.0,2.0,1.0,2.0,3.0,2.0,442.0,5.0,0.0,625.0,1067.0,2.0,1067.0,0.0,0.0,1067.0,2.0,1.0,1.0,4.0,2.0,0.0,5.0,2.0,1996.0,2.0,2.0,436.0,2.0,2.0,0.0,290.0,0.0,0.0,0.0,0.0,0.0,4.0,4.0,0.0,2.0,2010.0,128000.0,1.0,0.0,1.0,0.0,0.0,0.0,0.0,0.0,0.8356164383561644,0.8678082191780822,0.8205479452054795,0.36712328767123287,0.7883561643835616,0.050684931506849315,0.863013698630137,0.9897260273972602,0.7205479452054795,0.7815068493150685,0.9821917808219178,0.3527397260273973,0.14178082191780822,0.43424657534246575,0.9780821917808219,0.914324880054832,0.630891950688905
837,90.0,8100.0,0.0,0.0,0.0,0.0,5.0,6.0,1948.0,1973.0,0.0,2.0,2.0,2.0,2.0,3.0,3.0,338.0,5.0,0.0,1221.0,1559.0,1.0,1559.0,0.0,0.0,1559.0,2.0,1.0,2.0,5.0,2.0,0.0,5.0,2.0,1948.0,2.0,2.0,812.0,2.0,2.0,0.0,0.0,116.0,230.0,0.0,0.0,0.0,4.0,2.0,0.0,6.0,2007.0,153500.0,1.0,1.0,1.0,0.0,0.0,0.0,0.0,0.0,0.8356164383561644,0.02945205479452055,0.8205479452054795,0.04726027397260274,0.14931506849315068,0.0773972602739726,0.863013698630137,0.9897260273972602,0.7205479452054795,0.7815068493150685,0.9821917808219178,0.3527397260273973,0.3452054794520548,0.1,0.9780821917808219,0.914324880054832,0.28063814358230604
838,21.0,1680.0,0.0,0.0,0.0,3.0,6.0,5.0,1973.0,1973.0,158.0,2.0,2.0,2.0,2.0,3.0,2.0,330.0,5.0,0.0,153.0,483.0,2.0,483.0,504.0,0.0,987.0,2.0,1.0,2.0,5.0,0.0,0.0,5.0,2.5,1973.0,2.0,1.0,264.0,2.0,2.0,0.0,0.0,0.0,0.0,0.0,0.0,0.0,4.0,4.0,0.0,11.0,2008.0,100000.0,1.0,0.0,1.0,1.0,0.0,0.0,0.0,0.0,0.02945205479452055,0.8678082191780822,0.8205479452054795,0.04315068493150685,0.14931506849315068,0.010958904109589041,0.863013698630137,0.9897260273972602,0.7205479452054795,0.7815068493150685,0.9821917808219178,0.15205479452054796,0.14178082191780822,0.43424657534246575,0.9780821917808219,0.914324880054832,0.28063814358230604
839,75.0,9525.0,0.0,0.0,0.0,0.0,5.0,6.0,1995.0,2006.0,0.0,2.0,2.0,1.0,2.0,3.0,5.0,0.0,5.0,0.0,1099.0,1099.0,0.0,1099.0,0.0,0.0,1099.0,3.0,1.0,1.0,6.0,0.0,0.0,5.0,1.5,1999.0,2.0,1.0,352.0,2.0,2.0,0.0,278.0,0.0,0.0,0.0,0.0,0.0,4.0,4.0,0.0,6.0,2008.0,144000.0,1.0,0.0,1.0,0.0,0.0,0.0,0.0,0.0,0.8356164383561644,0.8678082191780822,0.8205479452054795,0.36712328767123287,0.7883561643835616,0.10273972602739725,0.863013698630137,0.9897260273972602,0.7205479452054795,0.7815068493150685,0.9821917808219178,0.3527397260273973,0.3452054794520548,0.44315068493150683,0.9780821917808219,0.914324880054832,0.630891950688905
840,70.0,11767.0,0.0,0.0,0.0,1.0,5.0,6.0,1946.0,1995.0,0.0,2.0,2.0,2.0,2.0,3.0,2.0,352.0,5.0,0.0,416.0,768.0,0.0,768.0,432.0,0.0,1200.0,3.0,1.0,2.0,6.0,0.0,0.0,5.0,1.0,1946.0,2.0,1.0,240.0,2.0,2.0,0.0,0.0,0.0,0.0,0.0,0.0,0.0,4.0,4.0,0.0,5.0,2008.0,130500.0,1.0,0.0,1.0,0.0,0.0,0.0,0.0,0.0,0.8356164383561644,0.8678082191780822,0.8205479452054795,0.09863013698630137,0.7883561643835616,0.0684931506849315,0.863013698630137,0.9897260273972602,0.7205479452054795,0.7815068493150685,0.9821917808219178,0.1506849315068493,0.14657534246575343,0.43424657534246575,0.9780821917808219,0.914324880054832,0.28063814358230604
841,73.2,12155.0,1.0,0.0,0.0,3.0,6.0,8.0,1925.0,1950.0,0.0,2.0,2.0,2.0,2.0,3.0,2.0,156.0,5.0,0.0,516.0,672.0,2.0,810.0,672.0,0.0,1482.0,4.0,1.0,3.0,7.0,0.0,0.0,5.0,2.0,1934.0,2.0,1.0,400.0,2.0,2.0,1.0,0.0,0.0,254.0,0.0,0.0,0.0,4.0,4.0,0.0,3.0,2008.0,140000.0,1.0,0.0,0.0,0.0,0.0,0.0,0.0,0.0,0.8356164383561644,0.8678082191780822,0.8205479452054795,0.0410958904109589,0.010958904109589041,0.017123287671232876,0.863013698630137,0.9897260273972602,0.7205479452054795,0.7815068493150685,0.9821917808219178,0.1410958904109589,0.13493150684931507,0.1,0.9780821917808219,0.914324880054832,0.28063814358230604
842,60.0,10440.0,0.0,0.0,0.0,3.0,5.0,8.0,1904.0,2002.0,0.0,2.0,2.0,2.0,2.0,3.0,5.0,0.0,5.0,0.0,650.0,650.0,1.0,958.0,581.0,0.0,1539.0,3.0,1.0,1.0,8.0,0.0,1.0,4.0,2.0,1983.0,2.0,2.0,686.0,1.0,2.0,1.0,70.0,78.0,68.0,0.0,0.0,0.0,4.0,4.0,0.0,6.0,2008.0,157500.0,1.0,0.0,1.0,0.0,0.0,0.0,0.0,0.0,0.8356164383561644,0.8678082191780822,0.8205479452054795,0.0410958904109589,0.14931506849315068,0.0773972602739726,0.863013698630137,0.9897260273972602,0.7205479452054795,0.7815068493150685,0.9821917808219178,0.1506849315068493,0.14657534246575343,0.44315068493150683,0.9780821917808219,0.914324880054832,0.28063814358230604
843,82.0,9020.0,0.0,0.0,0.0,7.0,6.0,7.0,1966.0,1966.0,183.0,2.0,2.0,2.0,2.0,0.0,3.0,312.0,1.0,539.0,276.0,1127.0,2.0,1165.0,0.0,0.0,1165.0,3.0,1.0,2.0,6.0,0.0,0.0,5.0,2.5,1966.0,1.0,2.0,490.0,1.0,1.0,0.0,0.0,129.0,0.0,0.0,0.0,0.0,4.0,0.0,0.0,5.0,2008.0,174900.0,1.0,0.0,1.0,1.0,0.0,0.0,0.0,0.0,0.8356164383561644,0.8678082191780822,0.8205479452054795,0.03972602739726028,0.7883561643835616,0.1541095890410959,0.863013698630137,0.9897260273972602,0.7205479452054795,0.7815068493150685,0.9821917808219178,0.15205479452054796,0.14178082191780822,0.43424657534246575,0.9780821917808219,0.914324880054832,0.630891950688905
844,80.0,8000.0,0.0,0.0,0.0,0.0,5.0,4.0,1961.0,1961.0,0.0,2.0,2.0,2.0,2.0,3.0,5.0,0.0,5.0,0.0,1800.0,1800.0,0.0,1800.0,0.0,0.0,1800.0,6.0,2.0,2.0,10.0,0.0,0.0,5.0,2.0,1968.4,3.0,0.0,0.0,5.0,5.0,0.0,0.0,0.0,0.0,0.0,0.0,0.0,4.0,4.0,0.0,7.0,2007.0,141000.0,1.0,0.0,0.0,0.0,0.0,0.0,0.0,0.0,0.03561643835616438,0.8678082191780822,0.8205479452054795,0.03561643835616438,0.7883561643835616,0.1541095890410959,0.03287671232876712,0.9897260273972602,0.18013698630136987,0.7815068493150685,0.9821917808219178,0.03424657534246575,0.017123287671232876,0.43424657534246575,0.9780821917808219,0.914324880054832,0.5608411892675853
845,100.0,12665.0,1.0,0.0,0.0,1.0,5.0,8.0,1915.0,1950.0,0.0,2.0,2.0,2.0,2.0,2.0,5.0,0.0,5.0,0.0,876.0,876.0,1.0,876.0,540.0,0.0,1416.0,4.0,1.0,2.0,7.0,0.0,1.0,1.0,1.5,1949.0,2.0,3.0,720.0,2.0,2.0,0.0,418.0,0.0,194.0,0.0,0.0,0.0,4.0,4.0,0.0,6.0,2008.0,153900.0,1.0,0.0,1.0,0.0,0.0,0.0,0.0,0.0,0.8356164383561644,0.8678082191780822,0.8205479452054795,0.09863013698630137,0.14931506849315068,0.0773972602739726,0.03287671232876712,0.9897260273972602,0.7205479452054795,0.7815068493150685,0.9821917808219178,0.1410958904109589,0.13493150684931507,0.1,0.9780821917808219,0.914324880054832,0.28063814358230604
846,118.4,16647.0,1.0,0.0,0.0,6.0,5.0,5.0,1975.0,1981.0,0.0,2.0,2.0,1.0,2.0,0.0,1.0,1390.0,5.0,0.0,0.0,1390.0,2.0,1701.0,0.0,0.0,1701.0,3.0,1.0,2.0,6.0,2.0,2.0,2.0,3.0,1975.0,0.0,2.0,611.0,2.0,2.0,0.0,0.0,0.0,0.0,0.0,0.0,0.0,4.0,4.0,0.0,1.0,2007.0,171000.0,1.0,0.0,1.0,0.0,0.0,0.0,0.0,0.0,0.8356164383561644,0.8678082191780822,0.8205479452054795,0.0136986301369863,0.7883561643835616,0.050684931506849315,0.007534246575342466,0.9897260273972602,0.06438356164383562,0.7815068493150685,0.9821917808219178,0.15205479452054796,0.14178082191780822,0.43424657534246575,0.9780821917808219,0.914324880054832,0.013778100072516316
847,75.0,9317.0,0.0,0.0,0.0,3.0,7.0,5.0,1993.0,1993.0,137.0,1.0,2.0,1.0,2.0,3.0,1.0,513.0,5.0,0.0,227.0,740.0,0.0,1006.0,769.0,0.0,1775.0,3.0,1.0,1.0,7.0,0.0,1.0,2.0,3.5,1993.0,2.0,2.0,425.0,2.0,2.0,0.0,234.0,72.0,192.0,0.0,0.0,0.0,4.0,4.0,0.0,7.0,2009.0,213000.0,1.0,0.0,1.0,1.0,0.0,0.0,0.0,0.0,0.8356164383561644,0.8678082191780822,0.8205479452054795,0.2047945205479452,0.7883561643835616,0.04041095890410959,0.863013698630137,0.9897260273972602,0.7205479452054795,0.7815068493150685,0.9821917808219178,0.15205479452054796,0.14178082191780822,0.44315068493150683,0.9780821917808219,0.914324880054832,0.630891950688905
848,36.0,15523.0,1.0,0.0,0.0,0.0,5.0,6.0,1972.0,1972.0,0.0,2.0,2.0,2.0,2.0,1.0,2.0,460.0,5.0,0.0,404.0,864.0,0.0,864.0,0.0,0.0,864.0,3.0,1.0,2.0,5.0,0.0,1.0,3.0,2.0,1972.0,2.0,1.0,338.0,2.0,2.0,0.0,0.0,0.0,0.0,0.0,0.0,0.0,4.0,4.0,0.0,8.0,2009.0,133500.0,1.0,0.0,1.0,0.0,0.0,0.0,0.0,0.0,0.8356164383561644,0.8678082191780822,0.8205479452054795,0.36712328767123287,0.7883561643835616,0.10273972602739725,0.863013698630137,0.9897260273972602,0.06438356164383562,0.7815068493150685,0.9821917808219178,0.15205479452054796,0.09726027397260274,0.43424657534246575,0.9780821917808219,0.914324880054832,0.630891950688905
849,75.0,45600.0,2.0,1.0,0.0,1.0,6.0,8.0,1908.0,1997.0,0.0,2.0,2.0,2.0,2.0,3.0,5.0,0.0,5.0,0.0,907.0,907.0,2.0,1307.0,1051.0,0.0,2358.0,5.0,1.0,2.0,10.0,0.0,1.0,1.0,3.0,1908.0,2.0,2.0,360.0,3.0,2.0,0.0,486.0,40.0,0.0,0.0,175.0,0.0,4.0,4.0,0.0,9.0,2008.0,240000.0,1.0,0.0,1.0,0.0,0.0,0.0,0.0,0.0,0.8356164383561644,0.8678082191780822,0.8205479452054795,0.09863013698630137,0.7883561643835616,0.019178082191780823,0.863013698630137,0.9897260273972602,0.7205479452054795,0.7815068493150685,0.9821917808219178,0.1410958904109589,0.13493150684931507,0.1,0.9780821917808219,0.914324880054832,0.28063814358230604
850,80.0,9600.0,0.0,0.0,0.0,7.0,6.0,7.0,1976.0,1994.0,360.0,1.0,1.0,2.0,2.0,3.0,5.0,0.0,5.0,0.0,528.0,528.0,0.0,1094.0,761.0,0.0,1855.0,3.0,1.0,2.0,7.0,0.0,1.0,2.0,2.5,1976.0,1.0,2.0,512.0,2.0,2.0,0.0,113.0,100.0,0.0,0.0,0.0,0.0,4.0,4.0,0.0,8.0,2007.0,187000.0,1.0,0.0,1.0,1.0,0.0,0.0,0.0,0.0,0.8356164383561644,0.8678082191780822,0.8205479452054795,0.03972602739726028,0.7883561643835616,0.007534246575342466,0.05547945205479452,0.9897260273972602,0.03219178082191781,0.1958904109589041,0.9821917808219178,0.07397260273972603,0.09726027397260274,0.43424657534246575,0.9780821917808219,0.914324880054832,0.630891950688905
851,36.0,4435.0,0.0,0.0,0.0,0.0,6.0,5.0,2003.0,2003.0,170.0,1.0,2.0,1.0,2.0,1.0,0.0,659.0,5.0,0.0,189.0,848.0,0.0,848.0,0.0,0.0,848.0,1.0,1.0,1.0,3.0,0.0,0.0,5.0,2.0,2003.0,0.0,2.0,420.0,2.0,2.0,0.0,140.0,0.0,0.0,0.0,0.0,0.0,4.0,4.0,0.0,11.0,2007.0,131500.0,1.0,0.0,1.0,1.0,0.0,0.0,0.0,0.0,0.07808219178082192,0.8678082191780822,0.8205479452054795,0.05958904109589041,0.14931506849315068,0.10273972602739725,0.863013698630137,0.9897260273972602,0.7205479452054795,0.7815068493150685,0.9821917808219178,0.3527397260273973,0.3452054794520548,0.44315068493150683,0.9780821917808219,0.914324880054832,0.630891950688905
852,52.0,3196.0,0.0,0.0,0.0,0.0,8.0,5.0,2003.0,2003.0,40.0,1.0,2.0,1.0,2.0,0.0,5.0,0.0,5.0,0.0,1273.0,1273.0,0.0,1456.0,0.0,0.0,1456.0,2.0,1.0,1.0,7.0,0.0,1.0,2.0,2.0,2003.0,0.0,2.0,400.0,2.0,2.0,0.0,143.0,20.0,0.0,0.0,0.0,0.0,4.0,4.0,0.0,5.0,2006.0,215000.0,1.0,0.0,1.0,1.0,0.0,0.0,0.0,0.0,0.07808219178082192,0.8678082191780822,0.8205479452054795,0.05958904109589041,0.7883561643835616,0.011643835616438357,0.863013698630137,0.9897260273972602,0.7205479452054795,0.7815068493150685,0.9821917808219178,0.3527397260273973,0.3452054794520548,0.44315068493150683,0.9780821917808219,0.914324880054832,0.630891950688905
853,53.0,7128.0,0.0,0.0,0.0,5.0,7.0,5.0,1941.0,1950.0,0.0,2.0,1.0,2.0,2.0,3.0,3.0,364.0,5.0,0.0,554.0,918.0,1.0,918.0,728.0,0.0,1646.0,4.0,1.0,2.0,7.0,0.0,2.0,1.0,2.0,1941.0,2.0,1.0,240.0,2.0,2.0,0.0,0.0,0.0,0.0,0.0,126.0,0.0,4.0,1.0,0.0,8.0,2007.0,164000.0,1.0,0.0,1.0,0.0,0.0,0.0,0.0,0.0,0.8356164383561644,0.8678082191780822,0.8205479452054795,0.010958904109589041,0.7883561643835616,0.03493150684931507,0.863013698630137,0.9897260273972602,0.7205479452054795,0.7815068493150685,0.9821917808219178,0.1506849315068493,0.14657534246575343,0.43424657534246575,0.9780821917808219,0.914324880054832,0.28063814358230604
854,70.2,12095.0,1.0,0.0,0.0,7.0,6.0,6.0,1964.0,1964.0,115.0,2.0,1.0,2.0,2.0,0.0,3.0,564.0,5.0,0.0,563.0,1127.0,2.0,1445.0,0.0,0.0,1445.0,3.0,1.0,2.0,7.0,0.0,1.0,3.0,1.5,1964.0,1.0,2.0,645.0,2.0,2.0,0.0,180.0,0.0,0.0,0.0,0.0,0.0,4.0,1.0,0.0,8.0,2009.0,158000.0,1.0,0.0,1.0,1.0,0.0,0.0,0.0,0.0,0.8356164383561644,0.8678082191780822,0.8205479452054795,0.03972602739726028,0.7883561643835616,0.1541095890410959,0.863013698630137,0.9897260273972602,0.18013698630136987,0.7815068493150685,0.9821917808219178,0.1506849315068493,0.14178082191780822,0.43424657534246575,0.9780821917808219,0.914324880054832,0.630891950688905
855,102.0,17920.0,0.0,0.0,0.0,0.0,5.0,4.0,1955.0,1974.0,0.0,2.0,2.0,2.0,2.0,2.0,1.0,306.0,3.0,1085.0,372.0,1763.0,2.0,1779.0,0.0,0.0,1779.0,3.0,1.0,2.0,6.0,0.0,1.0,1.0,2.5,1955.0,2.0,2.0,454.0,2.0,2.0,0.0,0.0,418.0,0.0,0.0,312.0,0.0,4.0,4.0,0.0,7.0,2006.0,170000.0,1.0,0.0,1.0,0.0,0.0,0.0,0.0,0.0,0.8356164383561644,0.8678082191780822,0.06917808219178082,0.36712328767123287,0.7883561643835616,0.050684931506849315,0.863013698630137,0.9897260273972602,0.7205479452054795,0.1958904109589041,0.9821917808219178,0.1410958904109589,0.09726027397260274,0.43424657534246575,0.9780821917808219,0.914324880054832,0.630891950688905
856,61.6,6897.0,1.0,0.0,0.0,0.0,5.0,8.0,1962.0,2010.0,0.0,2.0,1.0,2.0,2.0,3.0,1.0,659.0,5.0,0.0,381.0,1040.0,0.0,1040.0,0.0,0.0,1040.0,3.0,1.0,2.0,6.0,0.0,0.0,5.0,2.5,1962.0,2.0,1.0,260.0,2.0,2.0,0.0,0.0,104.0,0.0,0.0,0.0,0.0,4.0,4.0,0.0,4.0,2010.0,127000.0,1.0,0.0,1.0,0.0,0.0,0.0,0.0,0.0,0.8356164383561644,0.8678082191780822,0.8205479452054795,0.36712328767123287,0.7883561643835616,0.050684931506849315,0.863013698630137,0.9897260273972602,0.18013698630136987,0.7815068493150685,0.9821917808219178,0.15205479452054796,0.14178082191780822,0.43424657534246575,0.9780821917808219,0.914324880054832,0.28063814358230604
857,80.4,10970.0,1.0,3.0,1.0,7.0,6.0,6.0,1978.0,1978.0,0.0,2.0,2.0,1.0,1.0,0.0,0.0,505.0,4.0,435.0,0.0,940.0,2.0,1026.0,0.0,0.0,1026.0,3.0,1.0,2.0,5.0,0.0,0.0,5.0,2.0,1981.0,2.0,2.0,576.0,2.0,3.0,0.0,0.0,0.0,34.0,0.0,0.0,0.0,4.0,1.0,0.0,10.0,2008.0,147000.0,1.0,0.0,1.0,0.0,0.0,0.0,0.0,0.0,0.8356164383561644,0.8678082191780822,0.8205479452054795,0.03972602739726028,0.7883561643835616,0.10273972602739725,0.863013698630137,0.9897260273972602,0.7205479452054795,0.7815068493150685,0.9821917808219178,0.07397260273972603,0.14178082191780822,0.43424657534246575,0.9780821917808219,0.914324880054832,0.28063814358230604
858,65.0,8125.0,0.0,0.0,0.0,3.0,6.0,5.0,1994.0,1995.0,0.0,2.0,2.0,1.0,2.0,3.0,5.0,0.0,5.0,0.0,702.0,702.0,1.0,702.0,779.0,0.0,1481.0,3.0,1.0,2.0,6.0,0.0,1.0,2.0,2.5,1994.0,0.0,2.0,343.0,2.0,2.0,0.0,0.0,36.0,0.0,0.0,0.0,0.0,4.0,4.0,0.0,3.0,2009.0,174000.0,1.0,0.0,1.0,0.0,0.0,0.0,0.0,0.0,0.8356164383561644,0.8678082191780822,0.8205479452054795,0.2047945205479452,0.7883561643835616,0.05410958904109589,0.863013698630137,0.9897260273972602,0.7205479452054795,0.7815068493150685,0.9821917808219178,0.15205479452054796,0.14178082191780822,0.44315068493150683,0.9780821917808219,0.914324880054832,0.630891950688905
859,80.0,10400.0,0.0,0.0,0.0,0.0,7.0,5.0,1976.0,1976.0,189.0,2.0,2.0,1.0,2.0,3.0,5.0,0.0,5.0,0.0,1090.0,1090.0,2.0,1370.0,0.0,0.0,1370.0,3.0,1.0,2.0,6.0,0.0,1.0,2.0,2.0,1976.0,1.0,2.0,479.0,2.0,2.0,0.0,0.0,0.0,0.0,0.0,0.0,0.0,4.0,1.0,0.0,6.0,2009.0,152000.0,1.0,0.0,1.0,1.0,0.0,0.0,0.0,0.0,0.8356164383561644,0.8678082191780822,0.0136986301369863,0.36712328767123287,0.7883561643835616,0.05,0.863013698630137,0.9897260273972602,0.7205479452054795,0.7815068493150685,0.9821917808219178,0.15205479452054796,0.14178082191780822,0.43424657534246575,0.9780821917808219,0.914324880054832,0.630891950688905
860,85.6,11029.0,1.0,0.0,0.0,3.0,6.0,7.0,1968.0,1984.0,220.0,2.0,2.0,2.0,2.0,2.0,2.0,619.0,5.0,0.0,435.0,1054.0,2.0,1512.0,1142.0,0.0,2654.0,4.0,1.0,1.0,9.0,0.0,1.0,1.0,3.5,1968.0,2.0,2.0,619.0,2.0,2.0,0.0,0.0,65.0,0.0,0.0,222.0,0.0,4.0,4.0,0.0,8.0,2006.0,250000.0,1.0,0.0,1.0,1.0,0.0,0.0,0.0,0.0,0.8356164383561644,0.8678082191780822,0.8205479452054795,0.2047945205479452,0.7883561643835616,0.05,0.005479452054794521,0.9897260273972602,0.18013698630136987,0.7815068493150685,0.9821917808219178,0.15205479452054796,0.14178082191780822,0.43424657534246575,0.9780821917808219,0.914324880054832,0.630891950688905
861,55.0,7642.0,0.0,0.0,0.0,1.0,7.0,8.0,1918.0,1998.0,0.0,1.0,2.0,2.0,2.0,3.0,5.0,0.0,5.0,0.0,912.0,912.0,1.0,912.0,514.0,0.0,1426.0,3.0,1.0,1.0,7.0,0.0,1.0,1.0,1.5,1925.0,2.0,1.0,216.0,2.0,2.0,0.0,0.0,240.0,0.0,0.0,0.0,0.0,4.0,0.0,0.0,6.0,2007.0,189950.0,1.0,0.0,1.0,0.0,0.0,0.0,0.0,0.0,0.8356164383561644,0.8678082191780822,0.8205479452054795,0.09863013698630137,0.7883561643835616,0.03493150684931507,0.863013698630137,0.9897260273972602,0.18013698630136987,0.7815068493150685,0.9821917808219178,0.1410958904109589,0.13493150684931507,0.1,0.9780821917808219,0.914324880054832,0.28063814358230604
862,75.0,11625.0,0.0,0.0,0.0,0.0,5.0,4.0,1965.0,1965.0,0.0,2.0,2.0,2.0,2.0,2.0,2.0,841.0,5.0,0.0,198.0,1039.0,0.0,1039.0,0.0,0.0,1039.0,3.0,1.0,2.0,6.0,0.0,0.0,5.0,2.5,1965.0,2.0,2.0,504.0,2.0,2.0,0.0,0.0,0.0,0.0,0.0,0.0,0.0,4.0,4.0,0.0,4.0,2010.0,131500.0,1.0,0.0,1.0,0.0,0.0,0.0,0.0,0.0,0.021232876712328767,0.8678082191780822,0.8205479452054795,0.02054794520547945,0.7883561643835616,0.050684931506849315,0.863013698630137,0.9897260273972602,0.7205479452054795,0.1958904109589041,0.9821917808219178,0.07397260273972603,0.14178082191780822,0.44315068493150683,0.9780821917808219,0.914324880054832,0.630891950688905
863,81.0,9672.0,0.0,0.0,0.0,0.0,6.0,5.0,1984.0,1985.0,0.0,2.0,2.0,1.0,2.0,3.0,0.0,338.0,5.0,0.0,702.0,1040.0,2.0,1097.0,0.0,0.0,1097.0,3.0,1.0,2.0,6.0,0.0,0.0,5.0,2.0,1986.0,2.0,2.0,480.0,2.0,2.0,0.0,0.0,0.0,0.0,0.0,0.0,0.0,4.0,0.0,0.0,5.0,2010.0,152000.0,1.0,0.0,1.0,0.0,0.0,0.0,0.0,0.0,0.8356164383561644,0.8678082191780822,0.8205479452054795,0.36712328767123287,0.7883561643835616,0.04041095890410959,0.863013698630137,0.9897260273972602,0.18013698630136987,0.1958904109589041,0.9821917808219178,0.15205479452054796,0.09726027397260274,0.44315068493150683,0.9780821917808219,0.914324880054832,0.630891950688905
864,70.0,7931.0,0.0,0.0,0.0,0.0,5.0,5.0,1959.0,1959.0,0.0,2.0,2.0,2.0,2.0,3.0,2.0,1148.0,5.0,0.0,0.0,1148.0,2.0,1148.0,0.0,0.0,1148.0,3.0,1.0,2.0,6.0,0.0,0.0,5.0,2.0,1959.0,2.0,1.0,672.0,2.0,2.0,0.0,0.0,0.0,0.0,0.0,0.0,0.0,4.0,0.0,0.0,7.0,2009.0,132500.0,1.0,0.0,1.0,0.0,0.0,0.0,0.0,0.0,0.8356164383561644,0.8678082191780822,0.8205479452054795,0.36712328767123287,0.7883561643835616,0.1541095890410959,0.863013698630137,0.9897260273972602,0.7205479452054795,0.1958904109589041,0.9821917808219178,0.03424657534246575,0.09726027397260274,0.43424657534246575,0.9780821917808219,0.914324880054832,0.630891950688905
865,72.0,8640.0,0.0,0.0,0.0,0.0,7.0,5.0,2007.0,2008.0,0.0,1.0,2.0,0.0,2.0,3.0,5.0,0.0,5.0,0.0,1372.0,1372.0,0.0,1372.0,0.0,0.0,1372.0,3.0,1.0,1.0,6.0,0.0,0.0,5.0,2.0,2008.0,0.0,2.0,529.0,2.0,2.0,0.0,0.0,140.0,0.0,0.0,0.0,0.0,4.0,4.0,0.0,5.0,2008.0,250580.0,1.0,0.0,1.0,0.0,0.0,0.0,0.0,0.0,0.8356164383561644,0.08356164383561644,0.08561643835616438,0.36712328767123287,0.04452054794520548,0.0589041095890411,0.863013698630137,0.9897260273972602,0.7205479452054795,0.7815068493150685,0.9821917808219178,0.3527397260273973,0.3452054794520548,0.44315068493150683,0.9780821917808219,0.914324880054832,0.630891950688905
866,68.0,8750.0,1.0,0.0,0.0,0.0,5.0,6.0,1970.0,1970.0,76.0,2.0,2.0,2.0,2.0,3.0,2.0,828.0,5.0,0.0,174.0,1002.0,2.0,1002.0,0.0,0.0,1002.0,3.0,1.0,2.0,5.0,0.0,0.0,5.0,2.0,1973.0,2.0,2.0,902.0,2.0,2.0,0.0,0.0,0.0,0.0,0.0,0.0,0.0,4.0,1.0,0.0,8.0,2009.0,148500.0,1.0,0.0,1.0,1.0,0.0,0.0,0.0,0.0,0.8356164383561644,0.8678082191780822,0.8205479452054795,0.36712328767123287,0.7883561643835616,0.1541095890410959,0.863013698630137,0.9897260273972602,0.7205479452054795,0.7815068493150685,0.9821917808219178,0.1506849315068493,0.14657534246575343,0.43424657534246575,0.9780821917808219,0.914324880054832,0.28063814358230604
867,67.0,10656.0,1.0,2.0,0.0,0.0,8.0,5.0,2006.0,2007.0,274.0,1.0,2.0,1.0,2.0,1.0,5.0,0.0,5.0,0.0,1638.0,1638.0,0.0,1646.0,0.0,0.0,1646.0,3.0,1.0,1.0,6.0,0.0,1.0,1.0,2.0,2007.0,1.0,3.0,870.0,2.0,2.0,0.0,192.0,80.0,0.0,0.0,0.0,0.0,4.0,4.0,0.0,11.0,2007.0,248900.0,1.0,0.0,1.0,0.0,1.0,0.0,0.0,0.0,0.8356164383561644,0.08356164383561644,0.08561643835616438,0.36712328767123287,0.7883561643835616,0.026027397260273973,0.863013698630137,0.9897260273972602,0.7205479452054795,0.7815068493150685,0.9821917808219178,0.3527397260273973,0.3452054794520548,0.44315068493150683,0.9780821917808219,0.914324880054832,0.630891950688905
868,85.0,6970.0,0.0,0.0,0.0,0.0,4.0,5.0,1961.0,1961.0,0.0,2.0,2.0,2.0,2.0,3.0,1.0,932.0,5.0,0.0,108.0,1040.0,2.0,1120.0,0.0,0.0,1120.0,3.0,1.0,3.0,5.0,0.0,0.0,5.0,2.5,1961.0,1.0,2.0,544.0,2.0,2.0,0.0,168.0,0.0,0.0,0.0,0.0,0.0,4.0,4.0,400.0,5.0,2007.0,129000.0,1.0,0.0,1.0,0.0,0.0,0.0,1.0,0.0,0.8356164383561644,0.8678082191780822,0.8205479452054795,0.36712328767123287,0.7883561643835616,0.050684931506849315,0.05547945205479452,0.9897260273972602,0.18013698630136987,0.7815068493150685,0.9821917808219178,0.3527397260273973,0.3452054794520548,0.43424657534246575,0.9780821917808219,0.914324880054832,0.630891950688905
869,100.6,14762.0,2.0,0.0,0.0,3.0,5.0,6.0,1948.0,1950.0,0.0,2.0,2.0,5.0,5.0,4.0,6.0,0.0,6.0,0.0,0.0,0.0,1.0,1547.0,720.0,53.0,2320.0,2.0,1.0,2.0,7.0,0.0,1.0,2.0,2.0,1979.0,2.0,2.0,672.0,2.0,2.0,1.0,120.0,144.0,0.0,0.0,0.0,0.0,4.0,4.0,0.0,5.0,2006.0,169000.0,1.0,0.0,1.0,0.0,0.0,0.0,0.0,0.0,0.8356164383561644,0.8678082191780822,0.8205479452054795,0.2047945205479452,0.7883561643835616,0.05410958904109589,0.05547945205479452,0.9897260273972602,0.18013698630136987,0.7815068493150685,0.9821917808219178,0.07397260273972603,0.09726027397260274,0.01643835616438356,0.9780821917808219,0.914324880054832,0.630891950688905
870,80.0,9938.0,0.0,0.0,0.0,3.0,7.0,5.0,1993.0,1994.0,246.0,1.0,2.0,1.0,2.0,3.0,0.0,750.0,5.0,0.0,300.0,1050.0,0.0,1062.0,887.0,0.0,1949.0,3.0,1.0,1.0,8.0,0.0,1.0,2.0,3.5,1993.0,0.0,2.0,574.0,2.0,2.0,0.0,156.0,90.0,0.0,0.0,0.0,0.0,4.0,0.0,0.0,6.0,2010.0,236000.0,1.0,0.0,1.0,1.0,0.0,0.0,0.0,0.0,0.8356164383561644,0.8678082191780822,0.8205479452054795,0.2047945205479452,0.7883561643835616,0.04041095890410959,0.863013698630137,0.9897260273972602,0.7205479452054795,0.7815068493150685,0.9821917808219178,0.1506849315068493,0.14657534246575343,0.44315068493150683,0.9780821917808219,0.914324880054832,0.630891950688905
871,60.0,6600.0,0.0,0.0,0.0,0.0,5.0,5.0,1962.0,1962.0,0.0,2.0,2.0,2.0,2.0,3.0,5.0,0.0,5.0,0.0,894.0,894.0,1.0,894.0,0.0,0.0,894.0,2.0,1.0,2.0,5.0,0.0,0.0,5.0,1.0,1962.0,2.0,1.0,308.0,2.0,2.0,0.0,0.0,0.0,0.0,0.0,0.0,0.0,4.0,4.0,0.0,8.0,2009.0,109500.0,1.0,0.0,0.0,0.0,0.0,0.0,0.0,0.0,0.8356164383561644,0.8678082191780822,0.8205479452054795,0.36712328767123287,0.7883561643835616,0.1541095890410959,0.013013698630136987,0.9897260273972602,0.7205479452054795,0.1958904109589041,0.9821917808219178,0.1506849315068493,0.14657534246575343,0.43424657534246575,0.9780821917808219,0.914324880054832,0.28063814358230604
872,70.0,8750.0,0.0,0.0,0.0,3.0,6.0,5.0,1998.0,1998.0,116.0,2.0,2.0,1.0,2.0,3.0,0.0,505.0,5.0,0.0,299.0,804.0,0.0,804.0,878.0,0.0,1682.0,3.0,1.0,1.0,7.0,0.0,0.0,5.0,2.5,1998.0,1.0,2.0,523.0,2.0,2.0,0.0,0.0,77.0,0.0,0.0,0.0,0.0,4.0,4.0,0.0,6.0,2010.0,200500.0,1.0,0.0,1.0,1.0,0.0,0.0,0.0,0.0,0.8356164383561644,0.8678082191780822,0.8205479452054795,0.2047945205479452,0.7883561643835616,0.10273972602739725,0.863013698630137,0.9897260273972602,0.7205479452054795,0.7815068493150685,0.9821917808219178,0.3527397260273973,0.3452054794520548,0.44315068493150683,0.9780821917808219,0.914324880054832,0.630891950688905
873,74.0,8892.0,0.0,0.0,0.0,0.0,5.0,7.0,1953.0,1996.0,0.0,1.0,2.0,2.0,2.0,1.0,5.0,0.0,5.0,0.0,105.0,105.0,1.0,910.0,0.0,0.0,910.0,3.0,1.0,1.0,5.0,0.0,0.0,5.0,1.0,1953.0,2.0,2.0,414.0,2.0,2.0,0.0,196.0,0.0,150.0,0.0,0.0,0.0,4.0,2.0,0.0,10.0,2008.0,116000.0,1.0,0.0,1.0,0.0,0.0,0.0,0.0,0.0,0.8356164383561644,0.8678082191780822,0.8205479452054795,0.36712328767123287,0.7883561643835616,0.1541095890410959,0.863013698630137,0.9897260273972602,0.18013698630136987,0.7815068493150685,0.9821917808219178,0.01780821917808219,0.026027397260273973,0.00410958904109589,0.9780821917808219,0.914324880054832,0.630891950688905
874,60.0,12144.0,0.0,0.0,0.0,0.0,5.0,7.0,1949.0,1950.0,0.0,1.0,2.0,2.0,2.0,3.0,3.0,375.0,5.0,0.0,457.0,832.0,1.0,1036.0,0.0,232.0,1268.0,3.0,1.0,2.0,6.0,0.0,1.0,1.0,1.0,1949.0,2.0,1.0,288.0,2.0,2.0,0.0,0.0,28.0,0.0,0.0,0.0,0.0,4.0,4.0,0.0,9.0,2009.0,133000.0,1.0,0.0,1.0,0.0,0.0,1.0,0.0,0.0,0.8356164383561644,0.8678082191780822,0.8205479452054795,0.0027397260273972603,0.7883561643835616,0.1541095890410959,0.863013698630137,0.9897260273972602,0.7205479452054795,0.7815068493150685,0.9821917808219178,0.15205479452054796,0.14178082191780822,0.43424657534246575,0.9780821917808219,0.914324880054832,0.630891950688905
875,52.0,5720.0,0.0,0.0,0.0,1.0,5.0,6.0,1941.0,1950.0,0.0,2.0,2.0,2.0,2.0,3.0,5.0,0.0,5.0,0.0,676.0,676.0,0.0,676.0,455.0,0.0,1131.0,3.0,1.0,2.0,5.0,0.0,0.0,5.0,1.5,1941.0,2.0,1.0,200.0,2.0,2.0,0.0,26.0,0.0,0.0,0.0,0.0,0.0,4.0,4.0,0.0,8.0,2009.0,66500.0,1.0,0.0,1.0,0.0,0.0,0.0,0.0,0.0,0.8356164383561644,0.8678082191780822,0.06917808219178082,0.09863013698630137,0.14931506849315068,0.0773972602739726,0.03287671232876712,0.9897260273972602,0.7205479452054795,0.7815068493150685,0.9821917808219178,0.1410958904109589,0.13493150684931507,0.43424657534246575,0.9780821917808219,0.914324880054832,0.28063814358230604
876,75.0,9000.0,0.0,0.0,0.0,3.0,8.0,5.0,2007.0,2007.0,0.0,1.0,2.0,1.0,2.0,1.0,0.0,64.0,5.0,0.0,1120.0,1184.0,0.0,1184.0,1426.0,0.0,2610.0,4.0,1.0,0.0,11.0,0.0,1.0,1.0,2.5,2007.0,0.0,2.0,550.0,2.0,2.0,0.0,208.0,364.0,0.0,0.0,0.0,0.0,4.0,4.0,0.0,8.0,2007.0,303477.0,1.0,0.0,1.0,0.0,0.0,0.0,0.0,0.0,0.8356164383561644,0.08356164383561644,0.08561643835616438,0.2047945205479452,0.04452054794520548,0.0589041095890411,0.863013698630137,0.9897260273972602,0.7205479452054795,0.7815068493150685,0.9821917808219178,0.04178082191780822,0.0410958904109589,0.44315068493150683,0.9780821917808219,0.914324880054832,0.06381435823060189
877,94.0,25286.0,0.0,2.0,1.0,0.0,4.0,5.0,1963.0,1963.0,0.0,2.0,2.0,2.0,2.0,0.0,1.0,633.0,5.0,0.0,431.0,1064.0,1.0,1040.0,0.0,0.0,1040.0,3.0,1.0,2.0,5.0,0.0,0.0,5.0,2.0,1963.0,2.0,2.0,648.0,2.0,2.0,0.0,0.0,0.0,0.0,0.0,0.0,0.0,4.0,4.0,0.0,1.0,2007.0,132250.0,1.0,0.0,1.0,0.0,0.0,0.0,0.0,0.0,0.8356164383561644,0.8678082191780822,0.8205479452054795,0.36712328767123287,0.7883561643835616,0.03356164383561644,0.863013698630137,0.9897260273972602,0.7205479452054795,0.7815068493150685,0.9821917808219178,0.15205479452054796,0.09726027397260274,0.44315068493150683,0.9780821917808219,0.914324880054832,0.630891950688905
878,74.0,8834.0,0.0,0.0,0.0,3.0,9.0,5.0,2004.0,2005.0,216.0,1.0,2.0,0.0,2.0,3.0,0.0,1170.0,5.0,0.0,292.0,1462.0,0.0,1462.0,762.0,0.0,2224.0,4.0,1.0,0.0,10.0,0.0,1.0,1.0,3.5,2004.0,0.0,3.0,738.0,2.0,2.0,0.0,184.0,0.0,0.0,0.0,0.0,0.0,4.0,4.0,0.0,6.0,2009.0,350000.0,1.0,0.0,1.0,0.0,1.0,0.0,0.0,0.0,0.8356164383561644,0.8678082191780822,0.8205479452054795,0.2047945205479452,0.7883561643835616,0.05273972602739726,0.863013698630137,0.9897260273972602,0.7205479452054795,0.1958904109589041,0.9821917808219178,0.3527397260273973,0.3452054794520548,0.44315068493150683,0.9780821917808219,0.914324880054832,0.630891950688905
879,88.0,11782.0,1.0,0.0,0.0,6.0,5.0,7.0,1961.0,1995.0,0.0,2.0,2.0,2.0,2.0,1.0,1.0,899.0,5.0,0.0,210.0,1109.0,2.0,1155.0,0.0,0.0,1155.0,3.0,1.0,1.0,6.0,2.0,0.0,5.0,2.0,1987.0,2.0,2.0,576.0,2.0,2.0,0.0,192.0,0.0,0.0,0.0,0.0,0.0,4.0,1.0,400.0,6.0,2010.0,148000.0,1.0,0.0,1.0,0.0,0.0,0.0,1.0,0.0,0.8356164383561644,0.8678082191780822,0.8205479452054795,0.0136986301369863,0.7883561643835616,0.050684931506849315,0.863013698630137,0.9897260273972602,0.7205479452054795,0.7815068493150685,0.9821917808219178,0.15205479452054796,0.14178082191780822,0.43424657534246575,0.9780821917808219,0.914324880054832,0.28063814358230604
880,63.4,7000.0,1.0,0.0,0.0,0.0,5.0,8.0,1978.0,2005.0,90.0,1.0,1.0,2.0,2.0,3.0,1.0,646.0,5.0,0.0,218.0,864.0,0.0,864.0,0.0,0.0,864.0,3.0,1.0,2.0,6.0,0.0,0.0,5.0,2.0,1978.0,2.0,1.0,336.0,2.0,2.0,0.0,0.0,0.0,0.0,0.0,0.0,0.0,4.0,2.0,0.0,7.0,2009.0,136500.0,1.0,0.0,1.0,1.0,0.0,0.0,0.0,0.0,0.8356164383561644,0.8678082191780822,0.8205479452054795,0.36712328767123287,0.7883561643835616,0.10273972602739725,0.863013698630137,0.9897260273972602,0.06438356164383562,0.7815068493150685,0.9821917808219178,0.3527397260273973,0.3452054794520548,0.43424657534246575,0.9780821917808219,0.914324880054832,0.630891950688905
881,60.0,7024.0,0.0,0.0,0.0,0.0,5.0,5.0,2005.0,2006.0,0.0,2.0,2.0,0.0,1.0,3.0,1.0,980.0,5.0,0.0,110.0,1090.0,1.0,1090.0,0.0,0.0,1090.0,2.0,1.0,2.0,5.0,0.0,0.0,5.0,2.5,2005.0,0.0,2.0,450.0,2.0,2.0,0.0,0.0,49.0,0.0,0.0,0.0,0.0,4.0,4.0,0.0,6.0,2007.0,157000.0,1.0,0.0,1.0,0.0,0.0,0.0,0.0,0.0,0.8356164383561644,0.8678082191780822,0.8205479452054795,0.36712328767123287,0.7883561643835616,0.0684931506849315,0.863013698630137,0.9897260273972602,0.7205479452054795,0.7815068493150685,0.9821917808219178,0.3527397260273973,0.3452054794520548,0.44315068493150683,0.9780821917808219,0.914324880054832,0.630891950688905
882,44.0,13758.0,1.0,0.0,0.0,1.0,7.0,5.0,1990.0,1991.0,117.0,1.0,1.0,1.0,2.0,2.0,4.0,902.0,5.0,0.0,254.0,1156.0,0.0,1187.0,530.0,0.0,1717.0,3.0,1.0,1.0,7.0,0.0,1.0,2.0,2.5,1990.0,1.0,2.0,400.0,2.0,2.0,0.0,168.0,36.0,0.0,0.0,0.0,0.0,4.0,4.0,0.0,4.0,2007.0,187500.0,1.0,0.0,1.0,1.0,0.0,0.0,0.0,0.0,0.8356164383561644,0.8678082191780822,0.8205479452054795,0.09863013698630137,0.7883561643835616,0.026027397260273973,0.863013698630137,0.9897260273972602,0.06438356164383562,0.7815068493150685,0.9821917808219178,0.15205479452054796,0.14178082191780822,0.43424657534246575,0.9780821917808219,0.914324880054832,0.630891950688905
883,69.2,9636.0,1.0,0.0,0.0,3.0,6.0,5.0,1992.0,1993.0,0.0,2.0,2.0,1.0,2.0,3.0,5.0,0.0,5.0,0.0,808.0,808.0,1.0,808.0,785.0,0.0,1593.0,3.0,1.0,2.0,7.0,0.0,1.0,2.0,2.5,1993.0,1.0,2.0,389.0,2.0,2.0,0.0,342.0,40.0,0.0,0.0,0.0,0.0,4.0,1.0,0.0,12.0,2009.0,178000.0,1.0,0.0,1.0,0.0,0.0,0.0,0.0,0.0,0.8356164383561644,0.8678082191780822,0.8205479452054795,0.2047945205479452,0.7883561643835616,0.05410958904109589,0.863013698630137,0.9897260273972602,0.18013698630136987,0.7815068493150685,0.9821917808219178,0.3527397260273973,0.3452054794520548,0.44315068493150683,0.9780821917808219,0.914324880054832,0.06381435823060189
884,60.0,6204.0,0.0,1.0,0.0,4.0,4.0,5.0,1912.0,1950.0,0.0,1.0,2.0,2.0,3.0,3.0,5.0,0.0,5.0,0.0,795.0,795.0,2.0,954.0,795.0,481.0,2230.0,5.0,1.0,2.0,10.0,0.0,0.0,5.0,2.0,1997.0,2.0,1.0,440.0,2.0,1.0,0.0,0.0,188.0,0.0,0.0,0.0,0.0,4.0,4.0,0.0,3.0,2006.0,118500.0,1.0,0.0,0.0,0.0,0.0,0.0,0.0,0.0,0.8356164383561644,0.8678082191780822,0.8205479452054795,0.010958904109589041,0.7883561643835616,0.017123287671232876,0.863013698630137,0.9897260273972602,0.7205479452054795,0.7815068493150685,0.9821917808219178,0.1410958904109589,0.13493150684931507,0.44315068493150683,0.9780821917808219,0.914324880054832,0.28063814358230604
885,65.0,7150.0,0.0,0.0,0.0,0.0,5.0,5.0,1967.0,1967.0,60.0,2.0,2.0,2.0,2.0,3.0,2.0,432.0,5.0,0.0,460.0,892.0,2.0,892.0,0.0,0.0,892.0,3.0,1.0,2.0,5.0,0.0,0.0,5.0,1.0,1967.0,1.0,1.0,288.0,2.0,2.0,0.0,0.0,0.0,0.0,0.0,0.0,0.0,4.0,2.0,0.0,7.0,2009.0,100000.0,1.0,0.0,1.0,1.0,0.0,0.0,0.0,0.0,0.8356164383561644,0.8678082191780822,0.8205479452054795,0.36712328767123287,0.7883561643835616,0.1541095890410959,0.863013698630137,0.9897260273972602,0.7205479452054795,0.7815068493150685,0.9821917808219178,0.15205479452054796,0.14178082191780822,0.43424657534246575,0.9780821917808219,0.914324880054832,0.630891950688905
886,50.0,5119.0,1.0,0.0,0.0,0.0,9.0,5.0,1999.0,2000.0,60.0,1.0,2.0,0.0,2.0,1.0,0.0,1238.0,5.0,0.0,460.0,1698.0,0.0,1709.0,0.0,0.0,1709.0,2.0,1.0,1.0,5.0,0.0,1.0,2.0,3.0,1999.0,0.0,2.0,506.0,2.0,2.0,0.0,97.0,65.0,0.0,0.0,0.0,0.0,4.0,4.0,0.0,1.0,2008.0,328900.0,1.0,0.0,1.0,1.0,0.0,0.0,0.0,0.0,0.07808219178082192,0.0027397260273972603,0.06917808219178082,0.05958904109589041,0.04452054794520548,0.0589041095890411,0.863013698630137,0.9897260273972602,0.06438356164383562,0.7815068493150685,0.9821917808219178,0.1506849315068493,0.14657534246575343,0.44315068493150683,0.9780821917808219,0.914324880054832,0.630891950688905
887,70.0,8393.0,0.0,0.0,0.0,0.0,5.0,5.0,1959.0,2005.0,122.0,2.0,2.0,2.0,2.0,3.0,4.0,528.0,5.0,0.0,1098.0,1626.0,0.0,1712.0,0.0,0.0,1712.0,4.0,2.0,2.0,8.0,0.0,0.0,5.0,2.0,2005.0,0.0,2.0,588.0,2.0,2.0,0.0,272.0,54.0,0.0,0.0,0.0,0.0,4.0,4.0,0.0,6.0,2006.0,145000.0,1.0,0.0,1.0,1.0,0.0,0.0,0.0,0.0,0.03561643835616438,0.8678082191780822,0.0136986301369863,0.03561643835616438,0.7883561643835616,0.1541095890410959,0.863013698630137,0.9897260273972602,0.18013698630136987,0.7815068493150685,0.9821917808219178,0.1506849315068493,0.14657534246575343,0.43424657534246575,0.9780821917808219,0.914324880054832,0.630891950688905
888,59.0,16466.0,1.0,0.0,0.0,1.0,5.0,7.0,1955.0,1955.0,0.0,2.0,1.0,2.0,2.0,3.0,5.0,0.0,5.0,0.0,816.0,816.0,2.0,872.0,521.0,0.0,1393.0,3.0,1.0,2.0,8.0,0.0,0.0,5.0,1.5,1955.0,2.0,1.0,300.0,2.0,2.0,0.0,121.0,0.0,0.0,0.0,265.0,0.0,4.0,4.0,0.0,4.0,2008.0,135500.0,1.0,0.0,1.0,0.0,0.0,0.0,0.0,0.0,0.8356164383561644,0.8678082191780822,0.8205479452054795,0.09863013698630137,0.7883561643835616,0.0684931506849315,0.863013698630137,0.9897260273972602,0.7205479452054795,0.7815068493150685,0.9821917808219178,0.1506849315068493,0.14657534246575343,0.44315068493150683,0.9780821917808219,0.914324880054832,0.630891950688905
889,95.0,15865.0,1.0,0.0,1.0,0.0,8.0,6.0,1970.0,1970.0,0.0,1.0,1.0,2.0,1.0,0.0,1.0,351.0,3.0,823.0,1043.0,2217.0,0.0,2217.0,0.0,0.0,2217.0,4.0,1.0,1.0,8.0,0.0,1.0,2.0,3.0,1970.0,2.0,2.0,621.0,2.0,2.0,0.0,81.0,207.0,0.0,0.0,224.0,0.0,4.0,4.0,0.0,10.0,2007.0,268000.0,1.0,0.0,1.0,0.0,0.0,0.0,0.0,0.0,0.8356164383561644,0.8678082191780822,0.8205479452054795,0.36712328767123287,0.7883561643835616,0.1541095890410959,0.863013698630137,0.9897260273972602,0.7205479452054795,0.008904109589041096,0.007534246575342466,0.1410958904109589,0.13493150684931507,0.44315068493150683,0.9780821917808219,0.914324880054832,0.630891950688905
890,128.0,12160.0,0.0,0.0,0.0,0.0,6.0,4.0,1953.0,1953.0,90.0,2.0,2.0,2.0,2.0,3.0,2.0,1024.0,5.0,0.0,481.0,1505.0,0.0,1505.0,0.0,0.0,1505.0,2.0,1.0,2.0,6.0,0.0,1.0,2.0,2.0,1953.0,1.0,2.0,505.0,2.0,2.0,0.0,0.0,0.0,0.0,162.0,0.0,0.0,4.0,4.0,0.0,2.0,2009.0,149500.0,1.0,0.0,1.0,1.0,0.0,0.0,0.0,0.0,0.8356164383561644,0.8678082191780822,0.8205479452054795,0.36712328767123287,0.7883561643835616,0.1541095890410959,0.05547945205479452,0.9897260273972602,0.7205479452054795,0.1958904109589041,0.9821917808219178,0.1410958904109589,0.13493150684931507,0.43424657534246575,0.9780821917808219,0.914324880054832,0.630891950688905
891,60.0,8064.0,0.0,0.0,0.0,1.0,5.0,7.0,1949.0,2006.0,0.0,2.0,1.0,2.0,2.0,2.0,5.0,0.0,5.0,0.0,672.0,672.0,0.0,672.0,252.0,0.0,924.0,3.0,1.0,2.0,6.0,0.0,1.0,4.0,1.0,2003.0,2.0,2.0,576.0,2.0,2.0,0.0,0.0,0.0,0.0,0.0,0.0,0.0,4.0,1.0,2000.0,7.0,2007.0,122900.0,1.0,0.0,1.0,0.0,0.0,0.0,1.0,0.0,0.8356164383561644,0.8678082191780822,0.8205479452054795,0.09863013698630137,0.7883561643835616,0.1541095890410959,0.03287671232876712,0.9897260273972602,0.18013698630136987,0.7815068493150685,0.9821917808219178,0.1506849315068493,0.14657534246575343,0.43424657534246575,0.9780821917808219,0.914324880054832,0.28063814358230604
892,70.0,11184.0,0.0,0.0,0.0,3.0,6.0,5.0,1978.0,1978.0,92.0,2.0,2.0,2.0,2.0,3.0,4.0,226.0,3.0,500.0,192.0,918.0,1.0,918.0,765.0,0.0,1683.0,3.0,1.0,2.0,7.0,0.0,1.0,2.0,2.5,1978.0,1.0,2.0,440.0,2.0,2.0,0.0,243.0,0.0,0.0,0.0,0.0,0.0,4.0,4.0,0.0,7.0,2009.0,172500.0,1.0,0.0,1.0,1.0,0.0,0.0,0.0,0.0,0.8356164383561644,0.8678082191780822,0.8205479452054795,0.2047945205479452,0.7883561643835616,0.050684931506849315,0.863013698630137,0.9897260273972602,0.7205479452054795,0.1958904109589041,0.9821917808219178,0.15205479452054796,0.14178082191780822,0.43424657534246575,0.9780821917808219,0.914324880054832,0.630891950688905
893,70.0,8414.0,0.0,0.0,0.0,0.0,6.0,8.0,1963.0,2003.0,0.0,2.0,2.0,2.0,2.0,3.0,0.0,663.0,5.0,0.0,396.0,1059.0,2.0,1068.0,0.0,0.0,1068.0,3.0,1.0,2.0,6.0,0.0,0.0,5.0,1.5,1963.0,1.0,1.0,264.0,2.0,2.0,0.0,192.0,0.0,0.0,0.0,0.0,0.0,4.0,1.0,0.0,2.0,2006.0,154500.0,1.0,0.0,1.0,0.0,0.0,0.0,0.0,0.0,0.8356164383561644,0.8678082191780822,0.8205479452054795,0.36712328767123287,0.7883561643835616,0.050684931506849315,0.863013698630137,0.9897260273972602,0.7205479452054795,0.1958904109589041,0.9821917808219178,0.15205479452054796,0.14178082191780822,0.43424657534246575,0.9780821917808219,0.914324880054832,0.630891950688905
894,96.6,13284.0,0.0,0.0,0.0,0.0,5.0,5.0,1954.0,1954.0,0.0,2.0,2.0,1.0,2.0,2.0,2.0,1064.0,5.0,0.0,319.0,1383.0,2.0,1383.0,0.0,0.0,1383.0,3.0,1.0,2.0,6.0,0.0,1.0,1.0,2.0,1954.0,2.0,1.0,354.0,2.0,2.0,0.0,511.0,116.0,0.0,0.0,0.0,0.0,4.0,0.0,0.0,6.0,2008.0,165000.0,1.0,0.0,1.0,0.0,0.0,0.0,0.0,0.0,0.8356164383561644,0.8678082191780822,0.8205479452054795,0.36712328767123287,0.7883561643835616,0.050684931506849315,0.013013698630136987,0.9897260273972602,0.7205479452054795,0.7815068493150685,0.9821917808219178,0.1410958904109589,0.09726027397260274,0.44315068493150683,0.9780821917808219,0.914324880054832,0.630891950688905
895,64.0,7018.0,0.0,1.0,0.0,0.0,5.0,5.0,1979.0,1979.0,0.0,2.0,2.0,5.0,5.0,4.0,6.0,0.0,6.0,0.0,0.0,0.0,2.0,1535.0,0.0,0.0,1535.0,4.0,2.0,2.0,8.0,0.0,0.0,5.0,2.0,1979.0,2.0,2.0,400.0,2.0,2.0,0.0,0.0,0.0,0.0,0.0,0.0,0.0,4.0,4.0,0.0,6.0,2009.0,118858.0,1.0,0.0,1.0,0.0,0.0,0.0,0.0,0.0,0.03561643835616438,0.8678082191780822,0.00821917808219178,0.03561643835616438,0.7883561643835616,0.04041095890410959,0.863013698630137,0.9897260273972602,0.7205479452054795,0.7815068493150685,0.9821917808219178,0.07397260273972603,0.09726027397260274,0.01643835616438356,0.9780821917808219,0.914324880054832,0.630891950688905
896,71.0,7056.0,0.0,0.0,0.0,3.0,6.0,5.0,1963.0,1963.0,415.0,2.0,2.0,2.0,2.0,3.0,2.0,400.0,5.0,0.0,380.0,780.0,2.0,983.0,813.0,0.0,1796.0,4.0,1.0,2.0,8.0,0.0,1.0,2.0,2.5,1963.0,1.0,2.0,483.0,2.0,2.0,0.0,0.0,50.0,0.0,0.0,0.0,0.0,4.0,4.0,0.0,10.0,2008.0,140000.0,1.0,0.0,1.0,1.0,0.0,0.0,0.0,0.0,0.8356164383561644,0.8678082191780822,0.8205479452054795,0.2047945205479452,0.7883561643835616,0.1541095890410959,0.863013698630137,0.9897260273972602,0.7205479452054795,0.1958904109589041,0.9821917808219178,0.15205479452054796,0.14178082191780822,0.43424657534246575,0.9780821917808219,0.914324880054832,0.630891950688905
897,50.0,8765.0,0.0,0.0,0.0,0.0,4.0,6.0,1936.0,1950.0,0.0,2.0,2.0,2.0,2.0,3.0,1.0,285.0,5.0,0.0,666.0,951.0,0.0,951.0,0.0,0.0,951.0,2.0,1.0,2.0,6.0,0.0,0.0,5.0,1.0,1936.0,2.0,1.0,327.0,2.0,2.0,0.0,0.0,28.0,0.0,0.0,0.0,0.0,4.0,4.0,0.0,4.0,2006.0,106500.0,1.0,0.0,0.0,0.0,0.0,0.0,0.0,0.0,0.8356164383561644,0.8678082191780822,0.06917808219178082,0.04726027397260274,0.14931506849315068,0.025342465753424658,0.863013698630137,0.9897260273972602,0.7205479452054795,0.7815068493150685,0.9821917808219178,0.1410958904109589,0.13493150684931507,0.1,0.9780821917808219,0.914324880054832,0.28063814358230604
898,64.0,7018.0,0.0,0.0,0.0,3.0,5.0,5.0,1979.0,1979.0,0.0,2.0,2.0,5.0,5.0,4.0,6.0,0.0,6.0,0.0,0.0,0.0,2.0,1120.0,1120.0,0.0,2240.0,6.0,2.0,2.0,12.0,0.0,0.0,5.0,2.0,1979.0,2.0,2.0,528.0,2.0,2.0,0.0,154.0,0.0,0.0,0.0,0.0,0.0,4.0,4.0,0.0,6.0,2009.0,142953.0,1.0,0.0,1.0,0.0,0.0,0.0,0.0,0.0,0.03561643835616438,0.8678082191780822,0.00821917808219178,0.03561643835616438,0.7883561643835616,0.04041095890410959,0.05547945205479452,0.9897260273972602,0.7205479452054795,0.7815068493150685,0.9821917808219178,0.07397260273972603,0.09726027397260274,0.01643835616438356,0.9780821917808219,0.914324880054832,0.28063814358230604
899,100.0,12919.0,1.0,0.0,0.0,0.0,9.0,5.0,2009.0,2010.0,760.0,0.0,2.0,0.0,2.0,0.0,0.0,2188.0,5.0,0.0,142.0,2330.0,0.0,2364.0,0.0,0.0,2364.0,2.0,1.0,0.0,11.0,0.0,2.0,1.0,3.5,2009.0,0.0,3.0,820.0,2.0,2.0,0.0,0.0,67.0,0.0,0.0,0.0,0.0,4.0,4.0,0.0,3.0,2010.0,611657.0,1.0,0.0,1.0,0.0,1.0,0.0,0.0,0.0,0.8356164383561644,0.08356164383561644,0.08561643835616438,0.36712328767123287,0.7883561643835616,0.05273972602739726,0.863013698630137,0.9897260273972602,0.7205479452054795,0.1958904109589041,0.9821917808219178,0.3527397260273973,0.3452054794520548,0.44315068493150683,0.9780821917808219,0.914324880054832,0.630891950688905
900,65.0,6993.0,0.0,0.0,0.0,0.0,5.0,7.0,1961.0,1994.0,0.0,2.0,2.0,2.0,2.0,3.0,2.0,465.0,5.0,0.0,447.0,912.0,2.0,1236.0,0.0,0.0,1236.0,3.0,1.0,2.0,6.0,0.0,1.0,2.0,1.0,1961.0,2.0,1.0,288.0,2.0,2.0,0.0,0.0,0.0,0.0,0.0,0.0,0.0,4.0,4.0,0.0,6.0,2006.0,135000.0,1.0,0.0,1.0,0.0,0.0,0.0,0.0,0.0,0.8356164383561644,0.8678082191780822,0.8205479452054795,0.36712328767123287,0.7883561643835616,0.050684931506849315,0.05547945205479452,0.9897260273972602,0.7205479452054795,0.7815068493150685,0.9821917808219178,0.15205479452054796,0.09726027397260274,0.43424657534246575,0.9780821917808219,0.914324880054832,0.630891950688905
901,65.0,7340.0,1.0,0.0,0.0,0.0,4.0,6.0,1971.0,1971.0,0.0,2.0,2.0,2.0,2.0,3.0,1.0,322.0,5.0,0.0,536.0,858.0,2.0,858.0,0.0,0.0,858.0,2.0,1.0,2.0,4.0,0.0,0.0,5.0,1.0,1979.0,2.0,1.0,684.0,2.0,2.0,0.0,0.0,0.0,0.0,0.0,0.0,0.0,4.0,4.0,0.0,6.0,2007.0,110000.0,1.0,0.0,1.0,0.0,0.0,0.0,0.0,0.0,0.8356164383561644,0.8678082191780822,0.8205479452054795,0.36712328767123287,0.7883561643835616,0.1541095890410959,0.863013698630137,0.9897260273972602,0.7205479452054795,0.7815068493150685,0.9821917808219178,0.15205479452054796,0.14178082191780822,0.43424657534246575,0.9780821917808219,0.914324880054832,0.28063814358230604
902,64.0,8712.0,1.0,0.0,0.0,0.0,5.0,7.0,1957.0,2000.0,0.0,2.0,1.0,2.0,2.0,2.0,2.0,860.0,5.0,0.0,132.0,992.0,2.0,1306.0,0.0,0.0,1306.0,2.0,1.0,2.0,5.0,0.0,0.0,5.0,2.0,1968.0,2.0,1.0,756.0,2.0,2.0,0.0,0.0,0.0,0.0,0.0,0.0,0.0,4.0,4.0,0.0,5.0,2009.0,153000.0,1.0,0.0,1.0,0.0,0.0,0.0,0.0,0.0,0.8356164383561644,0.8678082191780822,0.8205479452054795,0.36712328767123287,0.7883561643835616,0.1541095890410959,0.863013698630137,0.9897260273972602,0.7205479452054795,0.1958904109589041,0.9821917808219178,0.1506849315068493,0.14657534246575343,0.43424657534246575,0.9780821917808219,0.914324880054832,0.28063814358230604
903,63.0,7875.0,0.0,0.0,0.0,3.0,7.0,5.0,2003.0,2003.0,0.0,1.0,2.0,1.0,2.0,3.0,5.0,0.0,5.0,0.0,783.0,783.0,0.0,807.0,702.0,0.0,1509.0,3.0,1.0,1.0,8.0,0.0,1.0,1.0,2.5,2003.0,0.0,2.0,393.0,2.0,2.0,0.0,0.0,75.0,0.0,0.0,0.0,0.0,4.0,4.0,0.0,7.0,2006.0,180000.0,1.0,0.0,1.0,0.0,0.0,0.0,0.0,0.0,0.8356164383561644,0.8678082191780822,0.8205479452054795,0.2047945205479452,0.7883561643835616,0.05410958904109589,0.863013698630137,0.9897260273972602,0.7205479452054795,0.7815068493150685,0.9821917808219178,0.3527397260273973,0.3452054794520548,0.44315068493150683,0.9780821917808219,0.914324880054832,0.630891950688905
904,50.0,14859.0,1.0,2.0,0.0,0.0,7.0,5.0,2006.0,2006.0,27.0,1.0,2.0,1.0,2.0,3.0,5.0,0.0,5.0,0.0,1670.0,1670.0,0.0,1670.0,0.0,0.0,1670.0,3.0,1.0,1.0,7.0,0.0,1.0,1.0,2.0,2006.0,1.0,3.0,690.0,2.0,2.0,0.0,144.0,60.0,0.0,0.0,0.0,0.0,4.0,4.0,0.0,8.0,2006.0,240000.0,1.0,0.0,1.0,1.0,0.0,0.0,0.0,0.0,0.8356164383561644,0.08356164383561644,0.08561643835616438,0.36712328767123287,0.7883561643835616,0.05410958904109589,0.863013698630137,0.9897260273972602,0.06438356164383562,0.1958904109589041,0.9821917808219178,0.3527397260273973,0.3452054794520548,0.44315068493150683,0.9780821917808219,0.914324880054832,0.630891950688905
905,62.0,6173.0,1.0,0.0,0.0,0.0,5.0,6.0,1967.0,1967.0,75.0,2.0,2.0,2.0,2.0,3.0,0.0,599.0,5.0,0.0,277.0,876.0,2.0,902.0,0.0,0.0,902.0,3.0,1.0,2.0,6.0,0.0,0.0,5.0,1.0,1967.0,2.0,1.0,288.0,2.0,2.0,0.0,0.0,0.0,0.0,0.0,0.0,0.0,4.0,1.0,0.0,8.0,2007.0,125500.0,1.0,0.0,1.0,1.0,0.0,0.0,0.0,0.0,0.8356164383561644,0.8678082191780822,0.8205479452054795,0.36712328767123287,0.7883561643835616,0.050684931506849315,0.863013698630137,0.9897260273972602,0.7205479452054795,0.7815068493150685,0.9821917808219178,0.15205479452054796,0.13493150684931507,0.43424657534246575,0.9780821917808219,0.914324880054832,0.630891950688905
906,80.0,9920.0,0.0,0.0,0.0,0.0,5.0,5.0,1954.0,1954.0,110.0,2.0,2.0,2.0,2.0,3.0,3.0,354.0,4.0,290.0,412.0,1056.0,2.0,1063.0,0.0,0.0,1063.0,3.0,1.0,2.0,6.0,0.0,0.0,5.0,2.0,1954.0,1.0,1.0,280.0,2.0,2.0,0.0,0.0,0.0,164.0,0.0,0.0,0.0,4.0,1.0,0.0,2.0,2010.0,128000.0,1.0,0.0,1.0,0.0,1.0,0.0,0.0,0.0,0.8356164383561644,0.8678082191780822,0.8205479452054795,0.36712328767123287,0.7883561643835616,0.1541095890410959,0.863013698630137,0.9897260273972602,0.7205479452054795,0.7815068493150685,0.9821917808219178,0.15205479452054796,0.14178082191780822,0.43424657534246575,0.9780821917808219,0.914324880054832,0.630891950688905
907,116.0,13501.0,1.0,0.0,0.0,0.0,8.0,5.0,2006.0,2006.0,208.0,1.0,2.0,1.0,2.0,3.0,0.0,63.0,5.0,0.0,1560.0,1623.0,0.0,1636.0,0.0,0.0,1636.0,3.0,1.0,1.0,8.0,0.0,1.0,1.0,3.0,2006.0,1.0,3.0,865.0,2.0,2.0,0.0,0.0,60.0,0.0,0.0,0.0,0.0,4.0,4.0,0.0,6.0,2007.0,255000.0,1.0,0.0,1.0,0.0,1.0,0.0,0.0,0.0,0.8356164383561644,0.8678082191780822,0.8205479452054795,0.36712328767123287,0.7883561643835616,0.0589041095890411,0.863013698630137,0.9897260273972602,0.18013698630136987,0.7815068493150685,0.9821917808219178,0.3527397260273973,0.3452054794520548,0.44315068493150683,0.9780821917808219,0.914324880054832,0.630891950688905
908,86.0,11500.0,1.0,0.0,0.0,1.0,7.0,7.0,1936.0,1987.0,0.0,1.0,2.0,1.0,2.0,3.0,3.0,223.0,5.0,0.0,794.0,1017.0,1.0,1020.0,1037.0,0.0,2057.0,3.0,1.0,1.0,6.0,0.0,1.0,1.0,1.5,1936.0,0.0,1.0,180.0,3.0,2.0,0.0,0.0,0.0,0.0,0.0,322.0,0.0,4.0,4.0,0.0,6.0,2006.0,250000.0,1.0,0.0,1.0,0.0,0.0,0.0,0.0,0.0,0.8356164383561644,0.8678082191780822,0.8205479452054795,0.09863013698630137,0.7883561643835616,0.03493150684931507,0.863013698630137,0.9897260273972602,0.7205479452054795,0.7815068493150685,0.9821917808219178,0.03424657534246575,0.017123287671232876,0.43424657534246575,0.9780821917808219,0.914324880054832,0.630891950688905
909,64.4,8885.0,1.0,3.0,1.0,0.0,5.0,5.0,1983.0,1983.0,0.0,2.0,2.0,1.0,2.0,1.0,2.0,301.0,1.0,324.0,239.0,864.0,2.0,902.0,0.0,0.0,902.0,2.0,1.0,2.0,5.0,0.0,0.0,5.0,2.0,1983.0,2.0,2.0,484.0,2.0,2.0,0.0,164.0,0.0,0.0,0.0,0.0,0.0,4.0,1.0,0.0,6.0,2006.0,131000.0,1.0,0.0,1.0,0.0,0.0,0.0,0.0,0.0,0.8356164383561644,0.8678082191780822,0.8205479452054795,0.36712328767123287,0.7883561643835616,0.03356164383561644,0.863013698630137,0.9897260273972602,0.7205479452054795,0.7815068493150685,0.9821917808219178,0.15205479452054796,0.14178082191780822,0.43424657534246575,0.9780821917808219,0.914324880054832,0.630891950688905
910,149.0,12589.0,2.0,0.0,0.0,3.0,6.0,5.0,2005.0,2005.0,0.0,1.0,2.0,1.0,2.0,3.0,5.0,0.0,5.0,0.0,742.0,742.0,0.0,742.0,742.0,0.0,1484.0,3.0,1.0,1.0,8.0,0.0,1.0,1.0,2.5,2005.0,0.0,2.0,390.0,2.0,2.0,0.0,36.0,24.0,0.0,0.0,0.0,0.0,4.0,4.0,0.0,6.0,2009.0,174000.0,1.0,0.0,1.0,0.0,0.0,0.0,0.0,0.0,0.8356164383561644,0.8678082191780822,0.8205479452054795,0.2047945205479452,0.7883561643835616,0.05410958904109589,0.863013698630137,0.9897260273972602,0.7205479452054795,0.7815068493150685,0.9821917808219178,0.3527397260273973,0.3452054794520548,0.44315068493150683,0.9780821917808219,0.914324880054832,0.630891950688905
911,80.0,11600.0,0.0,0.0,0.0,3.0,5.0,5.0,1960.0,1960.0,361.0,2.0,2.0,2.0,2.0,3.0,3.0,443.0,5.0,0.0,662.0,1105.0,2.0,1105.0,1169.0,0.0,2274.0,5.0,2.0,2.0,12.0,0.0,0.0,5.0,2.0,1960.0,2.0,2.0,480.0,2.0,2.0,0.0,0.0,0.0,0.0,0.0,0.0,0.0,4.0,4.0,0.0,1.0,2010.0,154300.0,1.0,0.0,1.0,1.0,0.0,0.0,0.0,0.0,0.03561643835616438,0.8678082191780822,0.8205479452054795,0.03561643835616438,0.7883561643835616,0.1541095890410959,0.05547945205479452,0.9897260273972602,0.18013698630136987,0.7815068493150685,0.9821917808219178,0.1506849315068493,0.14657534246575343,0.43424657534246575,0.9780821917808219,0.06442769019876628,0.28063814358230604
912,75.4,9286.0,1.0,0.0,1.0,0.0,5.0,7.0,1977.0,1989.0,0.0,2.0,2.0,1.0,1.0,1.0,1.0,196.0,5.0,0.0,1072.0,1268.0,2.0,1268.0,0.0,0.0,1268.0,3.0,1.0,1.0,5.0,0.0,0.0,5.0,1.5,1978.0,2.0,1.0,252.0,2.0,2.0,0.0,173.0,0.0,0.0,0.0,0.0,0.0,4.0,4.0,0.0,10.0,2009.0,143500.0,1.0,0.0,1.0,0.0,0.0,0.0,0.0,0.0,0.8356164383561644,0.8678082191780822,0.8205479452054795,0.36712328767123287,0.7883561643835616,0.10273972602739725,0.863013698630137,0.9897260273972602,0.06438356164383562,0.7815068493150685,0.9821917808219178,0.15205479452054796,0.09726027397260274,0.43424657534246575,0.9780821917808219,0.914324880054832,0.28063814358230604
913,51.0,6120.0,0.0,0.0,0.0,0.0,5.0,7.0,1925.0,1950.0,0.0,2.0,2.0,2.0,2.0,3.0,3.0,489.0,5.0,0.0,279.0,768.0,2.0,1015.0,0.0,0.0,1015.0,3.0,1.0,2.0,6.0,1.0,0.0,5.0,1.0,1925.0,2.0,1.0,450.0,2.0,2.0,0.0,0.0,0.0,112.0,0.0,120.0,0.0,4.0,1.0,620.0,7.0,2006.0,88000.0,1.0,0.0,0.0,0.0,0.0,0.0,1.0,0.0,0.8356164383561644,0.8678082191780822,0.06917808219178082,0.04726027397260274,0.14931506849315068,0.03972602739726028,0.863013698630137,0.9897260273972602,0.7205479452054795,0.7815068493150685,0.9821917808219178,0.1506849315068493,0.14657534246575343,0.1,0.9780821917808219,0.914324880054832,0.28063814358230604
914,82.0,6270.0,0.0,2.0,0.0,3.0,5.0,6.0,1949.0,1950.0,0.0,2.0,2.0,2.0,2.0,3.0,2.0,284.0,5.0,0.0,717.0,1001.0,2.0,1001.0,1001.0,0.0,2002.0,4.0,2.0,2.0,8.0,0.0,0.0,5.0,2.0,1949.0,2.0,3.0,871.0,2.0,2.0,0.0,0.0,0.0,0.0,0.0,0.0,0.0,4.0,4.0,0.0,8.0,2007.0,145000.0,1.0,0.0,0.0,0.0,0.0,0.0,0.0,0.0,0.03561643835616438,0.8678082191780822,0.8205479452054795,0.03561643835616438,0.010958904109589041,0.03493150684931507,0.863013698630137,0.9897260273972602,0.7205479452054795,0.7815068493150685,0.9821917808219178,0.1506849315068493,0.14657534246575343,0.43424657534246575,0.9780821917808219,0.06442769019876628,0.00435097897026831
915,30.0,3000.0,0.0,0.0,0.0,3.0,6.0,5.0,2009.0,2009.0,76.0,1.0,2.0,1.0,2.0,1.0,0.0,294.0,5.0,0.0,318.0,612.0,0.0,612.0,612.0,0.0,1224.0,2.0,1.0,1.0,4.0,0.0,0.0,5.0,2.5,2009.0,1.0,2.0,528.0,2.0,2.0,0.0,0.0,234.0,0.0,0.0,0.0,0.0,4.0,4.0,0.0,6.0,2009.0,173733.0,1.0,1.0,1.0,0.0,1.0,0.0,0.0,0.0,0.07808219178082192,0.08356164383561644,0.08561643835616438,0.04315068493150685,0.04452054794520548,0.0589041095890411,0.863013698630137,0.9897260273972602,0.7205479452054795,0.7815068493150685,0.9821917808219178,0.3527397260273973,0.3452054794520548,0.44315068493150683,0.9780821917808219,0.914324880054832,0.28063814358230604
916,21.0,2001.0,0.0,0.0,0.0,3.0,4.0,5.0,1970.0,1970.0,80.0,2.0,2.0,2.0,2.0,3.0,5.0,0.0,5.0,0.0,546.0,546.0,3.0,546.0,546.0,0.0,1092.0,3.0,1.0,2.0,6.0,0.0,0.0,5.0,1.5,1970.0,2.0,1.0,286.0,2.0,2.0,0.0,0.0,0.0,0.0,0.0,0.0,0.0,4.0,4.0,0.0,1.0,2007.0,75000.0,1.0,0.0,1.0,1.0,0.0,0.0,0.0,0.0,0.02945205479452055,0.8678082191780822,0.8205479452054795,0.04315068493150685,0.14931506849315068,0.011643835616438357,0.863013698630137,0.9897260273972602,0.7205479452054795,0.7815068493150685,0.9821917808219178,0.04178082191780822,0.0410958904109589,0.43424657534246575,0.9780821917808219,0.914324880054832,0.630891950688905
917,50.0,9000.0,0.0,0.0,0.0,0.0,2.0,3.0,1949.0,1950.0,0.0,2.0,2.0,2.0,2.0,1.0,2.0,50.0,5.0,0.0,430.0,480.0,2.0,480.0,0.0,0.0,480.0,1.0,1.0,2.0,4.0,0.0,0.0,5.0,1.0,1958.0,2.0,1.0,308.0,2.0,2.0,0.0,0.0,0.0,0.0,0.0,0.0,0.0,4.0,4.0,0.0,10.0,2006.0,35311.0,1.0,0.0,0.0,0.0,0.0,0.0,0.0,0.0,0.8356164383561644,0.8678082191780822,0.06917808219178082,0.36712328767123287,0.00684931506849315,0.025342465753424658,0.863013698630137,0.9897260273972602,0.7205479452054795,0.7815068493150685,0.9821917808219178,0.0136986301369863,0.0136986301369863,0.43424657534246575,0.9780821917808219,0.06442769019876628,0.28063814358230604
918,72.0,17140.0,0.0,0.0,0.0,0.0,4.0,6.0,1956.0,1956.0,0.0,2.0,2.0,2.0,2.0,3.0,1.0,1059.0,5.0,0.0,75.0,1134.0,0.0,1229.0,0.0,0.0,1229.0,3.0,1.0,2.0,6.0,0.0,0.0,5.0,1.0,1956.0,1.0,1.0,284.0,2.0,2.0,0.0,0.0,0.0,0.0,0.0,0.0,0.0,4.0,4.0,0.0,4.0,2009.0,135000.0,1.0,0.0,1.0,0.0,0.0,0.0,0.0,0.0,0.8356164383561644,0.8678082191780822,0.8205479452054795,0.36712328767123287,0.7883561643835616,0.0684931506849315,0.863013698630137,0.9897260273972602,0.7205479452054795,0.7815068493150685,0.9821917808219178,0.3527397260273973,0.3452054794520548,0.43424657534246575,0.9780821917808219,0.06442769019876628,0.630891950688905
919,103.0,13125.0,1.0,0.0,0.0,3.0,7.0,5.0,1991.0,1991.0,0.0,1.0,2.0,0.0,2.0,2.0,2.0,48.0,0.0,634.0,422.0,1104.0,0.0,912.0,1215.0,0.0,2127.0,4.0,1.0,1.0,8.0,0.0,1.0,2.0,3.5,1991.0,1.0,3.0,833.0,2.0,2.0,0.0,72.0,192.0,224.0,0.0,0.0,0.0,4.0,0.0,0.0,11.0,2007.0,238000.0,1.0,0.0,1.0,0.0,0.0,0.0,0.0,0.0,0.8356164383561644,0.8678082191780822,0.8205479452054795,0.2047945205479452,0.7883561643835616,0.04041095890410959,0.863013698630137,0.9897260273972602,0.18013698630136987,0.7815068493150685,0.9821917808219178,0.15205479452054796,0.14178082191780822,0.44315068493150683,0.9780821917808219,0.914324880054832,0.630891950688905
920,87.0,11029.0,1.0,0.0,0.0,0.0,6.0,8.0,1958.0,2002.0,0.0,0.0,2.0,1.0,2.0,3.0,1.0,528.0,2.0,411.0,245.0,1184.0,0.0,1414.0,0.0,0.0,1414.0,3.0,1.0,2.0,6.0,1.0,1.0,2.0,2.0,1990.0,2.0,2.0,601.0,2.0,2.0,0.0,0.0,51.0,0.0,0.0,190.0,0.0,4.0,4.0,0.0,5.0,2008.0,176500.0,1.0,0.0,1.0,0.0,0.0,0.0,0.0,0.0,0.8356164383561644,0.8678082191780822,0.8205479452054795,0.36712328767123287,0.7883561643835616,0.1541095890410959,0.863013698630137,0.9897260273972602,0.18013698630136987,0.1958904109589041,0.9821917808219178,0.1506849315068493,0.14657534246575343,0.43424657534246575,0.9780821917808219,0.914324880054832,0.630891950688905
921,70.0,8462.0,1.0,0.0,0.0,3.0,6.0,5.0,1994.0,1994.0,105.0,1.0,1.0,1.0,1.0,3.0,0.0,814.0,5.0,0.0,114.0,928.0,0.0,936.0,785.0,0.0,1721.0,3.0,1.0,1.0,7.0,0.0,0.0,5.0,3.0,1994.0,1.0,2.0,471.0,2.0,2.0,0.0,300.0,87.0,0.0,0.0,0.0,0.0,4.0,4.0,0.0,7.0,2007.0,201000.0,1.0,0.0,1.0,1.0,0.0,0.0,0.0,0.0,0.8356164383561644,0.8678082191780822,0.8205479452054795,0.2047945205479452,0.7883561643835616,0.04041095890410959,0.863013698630137,0.9897260273972602,0.7205479452054795,0.7815068493150685,0.9821917808219178,0.15205479452054796,0.14178082191780822,0.44315068493150683,0.9780821917808219,0.914324880054832,0.630891950688905
922,67.0,8777.0,0.0,0.0,0.0,1.0,5.0,7.0,1900.0,2003.0,0.0,2.0,2.0,2.0,2.0,3.0,1.0,1084.0,5.0,0.0,188.0,1272.0,1.0,1272.0,928.0,0.0,2200.0,4.0,2.0,2.0,9.0,0.0,0.0,5.0,5.0,1964.2,3.0,0.0,0.0,5.0,5.0,2.0,0.0,70.0,0.0,0.0,0.0,0.0,4.0,0.0,0.0,9.0,2008.0,145900.0,1.0,0.0,1.0,0.0,0.0,0.0,0.0,0.0,0.03561643835616438,0.8678082191780822,0.8205479452054795,0.03561643835616438,0.7883561643835616,0.0684931506849315,0.05547945205479452,0.9897260273972602,0.7205479452054795,0.7815068493150685,0.9821917808219178,0.1506849315068493,0.14657534246575343,0.43424657534246575,0.9780821917808219,0.914324880054832,0.4907904278462654
923,65.0,10237.0,0.0,0.0,0.0,0.0,6.0,5.0,2005.0,2006.0,0.0,1.0,2.0,1.0,2.0,3.0,0.0,28.0,5.0,0.0,1288.0,1316.0,0.0,1316.0,0.0,0.0,1316.0,3.0,1.0,1.0,6.0,0.0,1.0,1.0,2.0,2005.0,0.0,2.0,397.0,2.0,2.0,0.0,100.0,0.0,0.0,23.0,0.0,0.0,4.0,4.0,0.0,10.0,2006.0,169990.0,1.0,0.0,1.0,0.0,0.0,0.0,0.0,0.0,0.8356164383561644,0.08356164383561644,0.08561643835616438,0.36712328767123287,0.7883561643835616,0.05410958904109589,0.01780821917808219,0.9897260273972602,0.7205479452054795,0.7815068493150685,0.9821917808219178,0.3527397260273973,0.3452054794520548,0.44315068493150683,0.9780821917808219,0.914324880054832,0.630891950688905
924,50.0,8012.0,0.0,0.0,0.0,0.0,6.0,5.0,1993.0,1994.0,0.0,1.0,2.0,1.0,2.0,3.0,4.0,165.0,0.0,841.0,598.0,1604.0,0.0,1617.0,0.0,0.0,1617.0,2.0,1.0,1.0,5.0,0.0,1.0,3.0,3.0,1993.0,1.0,2.0,533.0,2.0,2.0,0.0,0.0,69.0,0.0,0.0,0.0,0.0,4.0,4.0,0.0,7.0,2008.0,193000.0,1.0,0.0,1.0,0.0,0.0,0.0,0.0,0.0,0.07808219178082192,0.8678082191780822,0.8205479452054795,0.05958904109589041,0.7883561643835616,0.04041095890410959,0.863013698630137,0.9897260273972602,0.7205479452054795,0.7815068493150685,0.9821917808219178,0.07397260273972603,0.09726027397260274,0.44315068493150683,0.9780821917808219,0.914324880054832,0.630891950688905
925,79.0,10240.0,0.0,0.0,0.0,0.0,6.0,6.0,1980.0,1980.0,157.0,2.0,1.0,1.0,2.0,3.0,2.0,625.0,4.0,1061.0,0.0,1686.0,2.0,1686.0,0.0,0.0,1686.0,3.0,1.0,2.0,7.0,0.0,1.0,2.0,3.0,1980.0,2.0,2.0,612.0,2.0,2.0,0.0,384.0,131.0,0.0,0.0,0.0,0.0,4.0,4.0,0.0,5.0,2006.0,207500.0,1.0,0.0,1.0,1.0,0.0,0.0,0.0,0.0,0.8356164383561644,0.8678082191780822,0.8205479452054795,0.36712328767123287,0.7883561643835616,0.05,0.863013698630137,0.9897260273972602,0.7205479452054795,0.7815068493150685,0.9821917808219178,0.07397260273972603,0.09726027397260274,0.43424657534246575,0.9780821917808219,0.914324880054832,0.630891950688905
926,88.2,15611.0,1.0,0.0,0.0,0.0,5.0,6.0,1977.0,1977.0,0.0,2.0,2.0,1.0,2.0,1.0,1.0,767.0,4.0,93.0,266.0,1126.0,2.0,1126.0,0.0,0.0,1126.0,3.0,1.0,0.0,6.0,0.0,0.0,5.0,2.5,1977.0,1.0,2.0,540.0,2.0,2.0,0.0,180.0,0.0,0.0,0.0,0.0,0.0,4.0,4.0,0.0,3.0,2008.0,175000.0,1.0,0.0,1.0,0.0,0.0,0.0,0.0,0.0,0.8356164383561644,0.8678082191780822,0.06917808219178082,0.36712328767123287,0.7883561643835616,0.05,0.863013698630137,0.9897260273972602,0.18013698630136987,0.7815068493150685,0.9821917808219178,0.3527397260273973,0.3452054794520548,0.44315068493150683,0.9780821917808219,0.914324880054832,0.630891950688905
927,93.0,11999.0,0.0,0.0,0.0,3.0,8.0,5.0,2003.0,2004.0,340.0,1.0,2.0,1.0,2.0,3.0,5.0,0.0,5.0,0.0,1181.0,1181.0,0.0,1234.0,1140.0,0.0,2374.0,4.0,1.0,0.0,10.0,0.0,1.0,1.0,2.5,2003.0,0.0,3.0,656.0,2.0,2.0,0.0,104.0,100.0,0.0,0.0,0.0,0.0,4.0,4.0,0.0,5.0,2007.0,285000.0,1.0,0.0,1.0,1.0,0.0,0.0,0.0,0.0,0.8356164383561644,0.8678082191780822,0.8205479452054795,0.2047945205479452,0.7883561643835616,0.05273972602739726,0.863013698630137,0.9897260273972602,0.7205479452054795,0.1958904109589041,0.9821917808219178,0.3527397260273973,0.3452054794520548,0.44315068493150683,0.9780821917808219,0.914324880054832,0.06381435823060189
928,78.6,9900.0,0.0,0.0,0.0,3.0,7.0,5.0,1968.0,1968.0,342.0,2.0,2.0,2.0,2.0,3.0,2.0,552.0,5.0,0.0,280.0,832.0,1.0,1098.0,880.0,0.0,1978.0,4.0,1.0,2.0,9.0,0.0,1.0,1.0,2.5,1968.0,1.0,2.0,486.0,2.0,2.0,0.0,0.0,43.0,0.0,0.0,0.0,0.0,4.0,0.0,0.0,4.0,2008.0,176000.0,1.0,0.0,1.0,1.0,0.0,0.0,0.0,0.0,0.8356164383561644,0.8678082191780822,0.8205479452054795,0.2047945205479452,0.7883561643835616,0.05,0.05547945205479452,0.9897260273972602,0.7205479452054795,0.7815068493150685,0.9821917808219178,0.1506849315068493,0.14657534246575343,0.43424657534246575,0.9780821917808219,0.914324880054832,0.630891950688905
929,87.2,11838.0,0.0,0.0,0.0,0.0,8.0,5.0,2001.0,2001.0,0.0,1.0,2.0,1.0,2.0,1.0,5.0,0.0,5.0,0.0,1753.0,1753.0,0.0,1788.0,0.0,0.0,1788.0,3.0,1.0,0.0,7.0,0.0,1.0,2.0,2.0,2001.0,1.0,2.0,522.0,2.0,2.0,0.0,202.0,151.0,0.0,0.0,0.0,0.0,4.0,4.0,0.0,6.0,2009.0,236500.0,1.0,0.0,1.0,0.0,0.0,0.0,0.0,0.0,0.8356164383561644,0.8678082191780822,0.8205479452054795,0.36712328767123287,0.7883561643835616,0.10273972602739725,0.863013698630137,0.9897260273972602,0.7205479452054795,0.1958904109589041,0.9821917808219178,0.3527397260273973,0.3452054794520548,0.44315068493150683,0.9780821917808219,0.914324880054832,0.630891950688905
930,80.0,13006.0,1.0,0.0,0.0,3.0,7.0,5.0,1997.0,1997.0,285.0,2.0,2.0,1.0,2.0,3.0,5.0,0.0,5.0,0.0,964.0,964.0,1.0,993.0,1243.0,0.0,2236.0,4.0,1.0,1.0,8.0,0.0,1.0,2.0,2.5,1997.0,0.0,2.0,642.0,2.0,2.0,0.0,0.0,0.0,0.0,0.0,0.0,0.0,4.0,4.0,0.0,11.0,2006.0,222000.0,1.0,0.0,1.0,1.0,0.0,0.0,0.0,0.0,0.8356164383561644,0.8678082191780822,0.8205479452054795,0.2047945205479452,0.7883561643835616,0.05410958904109589,0.863013698630137,0.9897260273972602,0.18013698630136987,0.7815068493150685,0.9821917808219178,0.15205479452054796,0.14178082191780822,0.44315068493150683,0.9780821917808219,0.914324880054832,0.06381435823060189
931,73.0,8925.0,1.0,2.0,0.0,0.0,8.0,5.0,2007.0,2007.0,0.0,1.0,2.0,1.0,2.0,1.0,0.0,16.0,5.0,0.0,1450.0,1466.0,0.0,1466.0,0.0,0.0,1466.0,3.0,1.0,1.0,7.0,0.0,0.0,5.0,2.0,2007.0,0.0,3.0,610.0,2.0,2.0,0.0,100.0,18.0,0.0,0.0,0.0,0.0,4.0,4.0,0.0,7.0,2009.0,201000.0,1.0,0.0,1.0,0.0,0.0,0.0,0.0,0.0,0.8356164383561644,0.8678082191780822,0.8205479452054795,0.36712328767123287,0.7883561643835616,0.026027397260273973,0.863013698630137,0.9897260273972602,0.7205479452054795,0.7815068493150685,0.9821917808219178,0.3527397260273973,0.3452054794520548,0.44315068493150683,0.9780821917808219,0.914324880054832,0.630891950688905
932,70.0,9100.0,0.0,0.0,0.0,0.0,5.0,6.0,1965.0,1965.0,0.0,2.0,2.0,2.0,2.0,3.0,2.0,338.0,3.0,466.0,121.0,925.0,0.0,925.0,0.0,0.0,925.0,2.0,1.0,2.0,5.0,0.0,0.0,5.0,1.5,1965.0,2.0,1.0,429.0,2.0,2.0,0.0,0.0,0.0,0.0,0.0,0.0,0.0,4.0,2.0,0.0,7.0,2009.0,117500.0,1.0,0.0,1.0,0.0,0.0,0.0,0.0,0.0,0.8356164383561644,0.8678082191780822,0.8205479452054795,0.36712328767123287,0.7883561643835616,0.1541095890410959,0.863013698630137,0.9897260273972602,0.7205479452054795,0.7815068493150685,0.9821917808219178,0.3527397260273973,0.3452054794520548,0.43424657534246575,0.9780821917808219,0.914324880054832,0.28063814358230604
933,84.0,11670.0,1.0,0.0,0.0,0.0,9.0,5.0,2006.0,2006.0,302.0,0.0,2.0,0.0,1.0,3.0,5.0,0.0,5.0,0.0,1905.0,1905.0,0.0,1905.0,0.0,0.0,1905.0,3.0,1.0,0.0,8.0,0.0,1.0,1.0,2.0,2006.0,0.0,3.0,788.0,2.0,2.0,0.0,0.0,191.0,0.0,0.0,0.0,0.0,4.0,4.0,0.0,3.0,2007.0,320000.0,1.0,0.0,1.0,0.0,1.0,0.0,0.0,0.0,0.8356164383561644,0.8678082191780822,0.8205479452054795,0.36712328767123287,0.7883561643835616,0.0589041095890411,0.003424657534246575,0.9897260273972602,0.18013698630136987,0.1958904109589041,0.9821917808219178,0.3527397260273973,0.00684931506849315,0.44315068493150683,0.9780821917808219,0.914324880054832,0.630891950688905
934,63.0,8487.0,0.0,0.0,0.0,0.0,7.0,5.0,2004.0,2004.0,210.0,1.0,2.0,1.0,2.0,1.0,0.0,20.0,5.0,0.0,1480.0,1500.0,0.0,1500.0,0.0,0.0,1500.0,3.0,1.0,1.0,6.0,0.0,0.0,5.0,2.0,2004.0,1.0,2.0,570.0,2.0,2.0,0.0,192.0,36.0,0.0,0.0,0.0,0.0,4.0,4.0,0.0,8.0,2009.0,190000.0,1.0,0.0,1.0,1.0,0.0,0.0,0.0,0.0,0.8356164383561644,0.8678082191780822,0.8205479452054795,0.36712328767123287,0.7883561643835616,0.10273972602739725,0.863013698630137,0.9897260273972602,0.03219178082191781,0.7815068493150685,0.9821917808219178,0.3527397260273973,0.3452054794520548,0.44315068493150683,0.9780821917808219,0.914324880054832,0.630891950688905
935,313.0,27650.0,2.0,2.0,1.0,0.0,7.0,7.0,1960.0,2007.0,0.0,2.0,2.0,1.0,2.0,0.0,0.0,425.0,5.0,0.0,160.0,585.0,0.0,2069.0,0.0,0.0,2069.0,4.0,1.0,1.0,9.0,0.0,1.0,1.0,3.0,1960.0,1.0,2.0,505.0,2.0,2.0,0.0,0.0,0.0,0.0,0.0,0.0,0.0,4.0,4.0,0.0,11.0,2008.0,242000.0,1.0,0.0,1.0,0.0,0.0,0.0,0.0,0.0,0.8356164383561644,0.8678082191780822,0.8205479452054795,0.36712328767123287,0.7883561643835616,0.1541095890410959,0.005479452054794521,0.9897260273972602,0.7205479452054795,0.008904109589041096,0.007534246575342466,0.1410958904109589,0.13493150684931507,0.43424657534246575,0.9780821917808219,0.914324880054832,0.630891950688905
936,52.0,5825.0,1.0,0.0,0.0,0.0,4.0,5.0,1926.0,1953.0,108.0,2.0,1.0,3.0,2.0,2.0,5.0,0.0,5.0,0.0,600.0,600.0,1.0,747.0,0.0,0.0,747.0,1.0,1.0,2.0,5.0,0.0,0.0,5.0,1.0,1953.0,2.0,2.0,528.0,2.0,2.0,0.0,0.0,0.0,32.0,0.0,0.0,0.0,4.0,4.0,0.0,6.0,2006.0,79900.0,1.0,0.0,1.0,1.0,0.0,0.0,0.0,0.0,0.8356164383561644,0.8678082191780822,0.8205479452054795,0.04726027397260274,0.7883561643835616,0.03972602739726028,0.863013698630137,0.9897260273972602,0.7205479452054795,0.7815068493150685,0.9821917808219178,0.1506849315068493,0.14657534246575343,0.44315068493150683,0.9780821917808219,0.914324880054832,0.28063814358230604
937,67.0,10083.0,0.0,0.0,0.0,0.0,7.0,5.0,2003.0,2003.0,75.6,1.0,2.0,1.0,2.0,3.0,0.0,833.0,5.0,0.0,343.0,1176.0,0.0,1200.0,0.0,0.0,1200.0,2.0,1.0,1.0,5.0,0.0,0.0,5.0,3.0,2003.0,1.0,2.0,555.0,2.0,2.0,0.0,0.0,41.0,0.0,0.0,0.0,0.0,4.0,4.0,0.0,8.0,2009.0,184900.0,1.0,0.0,1.0,0.0,0.0,0.0,0.0,0.0,0.8356164383561644,0.8678082191780822,0.8205479452054795,0.36712328767123287,0.7883561643835616,0.04041095890410959,0.863013698630137,0.9897260273972602,0.7205479452054795,0.7815068493150685,0.9821917808219178,0.3527397260273973,0.3452054794520548,0.44315068493150683,0.9780821917808219,0.914324880054832,0.630891950688905
938,75.0,9675.0,0.0,0.0,0.0,3.0,7.0,5.0,2005.0,2005.0,0.0,1.0,2.0,1.0,2.0,2.0,0.0,341.0,5.0,0.0,772.0,1113.0,0.0,1113.0,858.0,0.0,1971.0,3.0,1.0,1.0,8.0,0.0,1.0,1.0,2.5,2005.0,1.0,2.0,689.0,2.0,2.0,0.0,0.0,48.0,0.0,0.0,0.0,0.0,4.0,4.0,0.0,2.0,2009.0,253000.0,1.0,0.0,1.0,0.0,0.0,0.0,0.0,0.0,0.8356164383561644,0.8678082191780822,0.8205479452054795,0.2047945205479452,0.7883561643835616,0.0589041095890411,0.863013698630137,0.9897260273972602,0.7205479452054795,0.7815068493150685,0.9821917808219178,0.3527397260273973,0.3452054794520548,0.44315068493150683,0.9780821917808219,0.914324880054832,0.630891950688905
939,73.0,8760.0,0.0,0.0,0.0,3.0,7.0,5.0,2006.0,2006.0,0.0,1.0,2.0,1.0,1.0,2.0,0.0,464.0,5.0,0.0,927.0,1391.0,0.0,1391.0,571.0,0.0,1962.0,3.0,1.0,1.0,7.0,0.0,0.0,5.0,2.5,2006.0,1.0,3.0,868.0,2.0,2.0,0.0,0.0,90.0,0.0,0.0,0.0,0.0,4.0,4.0,0.0,8.0,2006.0,239799.0,1.0,0.0,1.0,0.0,0.0,0.0,0.0,0.0,0.8356164383561644,0.08356164383561644,0.08561643835616438,0.2047945205479452,0.7883561643835616,0.10273972602739725,0.863013698630137,0.9897260273972602,0.7205479452054795,0.7815068493150685,0.9821917808219178,0.3527397260273973,0.3452054794520548,0.44315068493150683,0.9780821917808219,0.914324880054832,0.630891950688905
940,119.4,24090.0,0.0,0.0,0.0,3.0,7.0,7.0,1940.0,1950.0,0.0,2.0,1.0,2.0,2.0,2.0,5.0,0.0,5.0,0.0,1032.0,1032.0,0.0,1207.0,1196.0,0.0,2403.0,4.0,1.0,2.0,10.0,0.0,2.0,2.0,2.0,1940.0,2.0,1.0,349.0,2.0,2.0,0.0,56.0,0.0,318.0,0.0,0.0,0.0,4.0,4.0,0.0,6.0,2010.0,244400.0,1.0,0.0,1.0,0.0,0.0,0.0,0.0,0.0,0.8356164383561644,0.02945205479452055,0.8205479452054795,0.0410958904109589,0.7883561643835616,0.019178082191780823,0.863013698630137,0.9897260273972602,0.7205479452054795,0.7815068493150685,0.9821917808219178,0.1506849315068493,0.14657534246575343,0.43424657534246575,0.9780821917808219,0.914324880054832,0.630891950688905
941,55.0,12640.0,1.0,0.0,0.0,0.0,6.0,5.0,1976.0,1976.0,0.0,2.0,2.0,2.0,2.0,0.0,3.0,936.0,4.0,396.0,396.0,1728.0,2.0,1728.0,0.0,0.0,1728.0,4.0,2.0,2.0,8.0,0.0,0.0,5.0,2.0,1976.0,2.0,2.0,574.0,2.0,2.0,0.0,40.0,0.0,0.0,0.0,0.0,0.0,4.0,4.0,0.0,7.0,2006.0,150900.0,1.0,0.0,1.0,0.0,0.0,0.0,0.0,0.0,0.03561643835616438,0.8678082191780822,0.8205479452054795,0.03561643835616438,0.7883561643835616,0.03356164383561644,0.863013698630137,0.9897260273972602,0.7205479452054795,0.7815068493150685,0.9821917808219178,0.07397260273972603,0.09726027397260274,0.43424657534246575,0.9780821917808219,0.914324880054832,0.630891950688905
942,75.2,8755.0,1.0,0.0,0.0,3.0,7.0,5.0,1999.0,1999.0,298.0,1.0,2.0,1.0,2.0,3.0,1.0,772.0,5.0,0.0,220.0,992.0,0.0,1022.0,1038.0,0.0,2060.0,3.0,1.0,1.0,8.0,0.0,1.0,2.0,3.5,1999.0,1.0,2.0,390.0,2.0,2.0,0.0,0.0,0.0,0.0,168.0,0.0,0.0,4.0,0.0,0.0,6.0,2009.0,214000.0,1.0,0.0,1.0,1.0,0.0,0.0,0.0,0.0,0.8356164383561644,0.8678082191780822,0.8205479452054795,0.2047945205479452,0.7883561643835616,0.05410958904109589,0.003424657534246575,0.9897260273972602,0.03219178082191781,0.7815068493150685,0.9821917808219178,0.3527397260273973,0.3452054794520548,0.44315068493150683,0.9780821917808219,0.914324880054832,0.06381435823060189
943,42.0,7711.0,1.0,0.0,0.0,0.0,4.0,3.0,1977.0,1977.0,0.0,2.0,2.0,1.0,2.0,0.0,0.0,1440.0,5.0,0.0,0.0,1440.0,2.0,1440.0,0.0,0.0,1440.0,4.0,2.0,2.0,8.0,0.0,0.0,5.0,4.0,1972.6,3.0,0.0,0.0,5.0,5.0,2.0,321.0,0.0,0.0,0.0,0.0,0.0,4.0,4.0,0.0,8.0,2007.0,150000.0,1.0,0.0,1.0,0.0,0.0,0.0,0.0,0.0,0.03561643835616438,0.002054794520547945,0.06917808219178082,0.03561643835616438,0.7883561643835616,0.0684931506849315,0.863013698630137,0.9897260273972602,0.7205479452054795,0.7815068493150685,0.9821917808219178,0.1506849315068493,0.14657534246575343,0.44315068493150683,0.9780821917808219,0.914324880054832,0.4907904278462654
944,100.0,25000.0,0.0,3.0,0.0,0.0,5.0,4.0,1967.0,1967.0,0.0,2.0,2.0,2.0,2.0,1.0,5.0,0.0,5.0,0.0,1632.0,1632.0,2.0,1632.0,0.0,0.0,1632.0,4.0,2.0,2.0,8.0,0.0,0.0,5.0,2.0,1967.0,2.0,2.0,576.0,2.0,2.0,1.0,0.0,0.0,0.0,0.0,0.0,0.0,4.0,4.0,0.0,6.0,2007.0,143000.0,1.0,0.0,1.0,0.0,0.0,0.0,0.0,0.0,0.03561643835616438,0.8678082191780822,0.8205479452054795,0.03561643835616438,0.7883561643835616,0.03356164383561644,0.863013698630137,0.9897260273972602,0.7205479452054795,0.7815068493150685,0.9821917808219178,0.15205479452054796,0.09726027397260274,0.43424657534246575,0.9780821917808219,0.914324880054832,0.630891950688905
945,83.0,14375.0,1.0,0.0,0.0,7.0,6.0,6.0,1958.0,1958.0,541.0,2.0,2.0,2.0,2.0,3.0,0.0,111.0,3.0,354.0,354.0,819.0,1.0,1344.0,0.0,0.0,1344.0,3.0,1.0,1.0,7.0,0.0,1.0,1.0,1.5,1958.0,1.0,2.0,525.0,2.0,2.0,0.0,0.0,118.0,0.0,0.0,233.0,0.0,4.0,4.0,0.0,1.0,2009.0,137500.0,1.0,0.0,1.0,1.0,0.0,0.0,0.0,0.0,0.8356164383561644,0.02945205479452055,0.06917808219178082,0.36712328767123287,0.7883561643835616,0.026027397260273973,0.863013698630137,0.9897260273972602,0.06438356164383562,0.7815068493150685,0.9821917808219178,0.15205479452054796,0.14178082191780822,0.43424657534246575,0.9780821917808219,0.06442769019876628,0.013778100072516316
946,98.0,8820.0,0.0,0.0,0.0,1.0,5.0,6.0,1890.0,1996.0,0.0,2.0,2.0,2.0,2.0,3.0,4.0,1088.0,5.0,0.0,0.0,1088.0,2.0,1188.0,561.0,120.0,1869.0,2.0,1.0,2.0,7.0,0.0,0.0,5.0,1.0,1963.0,2.0,2.0,456.0,2.0,2.0,0.0,48.0,0.0,244.0,0.0,0.0,0.0,4.0,3.0,0.0,9.0,2009.0,124900.0,1.0,0.0,1.0,0.0,0.0,0.0,0.0,0.0,0.8356164383561644,0.8678082191780822,0.8205479452054795,0.09863013698630137,0.14931506849315068,0.0773972602739726,0.863013698630137,0.9897260273972602,0.18013698630136987,0.1958904109589041,0.9821917808219178,0.3527397260273973,0.3452054794520548,0.1,0.9780821917808219,0.914324880054832,0.28063814358230604
947,70.0,8163.0,0.0,0.0,0.0,7.0,5.0,6.0,1959.0,1959.0,128.0,2.0,1.0,2.0,2.0,1.0,1.0,748.0,2.0,294.0,102.0,1144.0,2.0,1144.0,0.0,0.0,1144.0,3.0,1.0,2.0,6.0,0.0,1.0,2.0,2.0,1959.0,1.0,1.0,796.0,2.0,2.0,0.0,86.0,0.0,0.0,0.0,0.0,0.0,4.0,4.0,0.0,3.0,2006.0,143000.0,1.0,0.0,1.0,1.0,0.0,0.0,0.0,0.0,0.8356164383561644,0.8678082191780822,0.8205479452054795,0.03972602739726028,0.7883561643835616,0.1541095890410959,0.863013698630137,0.9897260273972602,0.7205479452054795,0.7815068493150685,0.9821917808219178,0.15205479452054796,0.14178082191780822,0.43424657534246575,0.9780821917808219,0.914324880054832,0.630891950688905
948,85.0,14536.0,0.0,0.0,0.0,0.0,8.0,5.0,2002.0,2003.0,236.0,1.0,2.0,1.0,2.0,1.0,0.0,1300.0,5.0,0.0,316.0,1616.0,0.0,1629.0,0.0,0.0,1629.0,3.0,1.0,1.0,9.0,0.0,1.0,1.0,3.0,2002.0,0.0,3.0,808.0,2.0,2.0,0.0,0.0,252.0,0.0,0.0,0.0,0.0,4.0,4.0,0.0,11.0,2007.0,270000.0,1.0,0.0,1.0,1.0,0.0,0.0,0.0,0.0,0.8356164383561644,0.8678082191780822,0.8205479452054795,0.36712328767123287,0.7883561643835616,0.026027397260273973,0.863013698630137,0.9897260273972602,0.7205479452054795,0.1958904109589041,0.9821917808219178,0.3527397260273973,0.3452054794520548,0.44315068493150683,0.9780821917808219,0.914324880054832,0.630891950688905
949,65.0,14006.0,1.0,0.0,0.0,3.0,7.0,5.0,2002.0,2002.0,144.0,1.0,2.0,1.0,2.0,4.0,5.0,0.0,5.0,0.0,936.0,936.0,0.0,936.0,840.0,0.0,1776.0,3.0,1.0,1.0,7.0,0.0,1.0,2.0,2.5,2002.0,1.0,2.0,474.0,2.0,2.0,0.0,144.0,96.0,0.0,0.0,0.0,0.0,4.0,4.0,0.0,2.0,2006.0,192500.0,1.0,0.0,1.0,1.0,0.0,0.0,0.0,0.0,0.8356164383561644,0.8678082191780822,0.8205479452054795,0.2047945205479452,0.7883561643835616,0.10273972602739725,0.863013698630137,0.9897260273972602,0.7205479452054795,0.7815068493150685,0.9821917808219178,0.3527397260273973,0.3452054794520548,0.44315068493150683,0.9780821917808219,0.914324880054832,0.630891950688905
950,78.0,9360.0,0.0,0.0,0.0,0.0,6.0,7.0,1972.0,2006.0,0.0,2.0,2.0,2.0,2.0,3.0,1.0,982.0,5.0,0.0,179.0,1161.0,2.0,1381.0,0.0,0.0,1381.0,3.0,1.0,1.0,5.0,0.0,1.0,2.0,2.5,1972.0,1.0,2.0,676.0,2.0,2.0,0.0,0.0,0.0,0.0,0.0,0.0,0.0,4.0,4.0,0.0,3.0,2010.0,197500.0,1.0,0.0,1.0,0.0,0.0,0.0,0.0,0.0,0.8356164383561644,0.8678082191780822,0.8205479452054795,0.36712328767123287,0.7883561643835616,0.05,0.863013698630137,0.9897260273972602,0.7205479452054795,0.1958904109589041,0.9821917808219178,0.07397260273972603,0.09726027397260274,0.43424657534246575,0.9780821917808219,0.914324880054832,0.630891950688905
951,60.0,7200.0,0.0,0.0,0.0,0.0,5.0,8.0,1950.0,2002.0,0.0,2.0,2.0,2.0,2.0,3.0,1.0,398.0,2.0,149.0,317.0,864.0,1.0,864.0,0.0,0.0,864.0,3.0,1.0,1.0,5.0,0.0,0.0,5.0,2.0,1980.0,1.0,2.0,720.0,2.0,2.0,0.0,194.0,0.0,0.0,0.0,0.0,0.0,4.0,4.0,0.0,7.0,2007.0,129000.0,1.0,0.0,1.0,0.0,0.0,0.0,0.0,0.0,0.8356164383561644,0.8678082191780822,0.8205479452054795,0.36712328767123287,0.7883561643835616,0.1541095890410959,0.863013698630137,0.9897260273972602,0.7205479452054795,0.7815068493150685,0.9821917808219178,0.3527397260273973,0.3452054794520548,0.43424657534246575,0.9780821917808219,0.914324880054832,0.28063814358230604
952,60.0,7800.0,0.0,0.0,0.0,0.0,5.0,5.0,1965.0,1965.0,0.0,2.0,2.0,2.0,2.0,3.0,2.0,641.0,5.0,0.0,187.0,828.0,1.0,965.0,0.0,0.0,965.0,3.0,1.0,2.0,6.0,0.0,0.0,5.0,2.0,1979.0,2.0,1.0,300.0,2.0,2.0,0.0,421.0,0.0,0.0,0.0,0.0,0.0,4.0,1.0,0.0,7.0,2006.0,119900.0,1.0,0.0,1.0,0.0,0.0,0.0,0.0,0.0,0.8356164383561644,0.8678082191780822,0.06917808219178082,0.36712328767123287,0.010958904109589041,0.04041095890410959,0.863013698630137,0.9897260273972602,0.18013698630136987,0.7815068493150685,0.9821917808219178,0.3527397260273973,0.3452054794520548,0.43424657534246575,0.9780821917808219,0.914324880054832,0.28063814358230604
953,60.0,7200.0,0.0,0.0,0.0,6.0,5.0,8.0,1972.0,2003.0,0.0,2.0,1.0,1.0,2.0,1.0,0.0,660.0,5.0,0.0,108.0,768.0,1.0,768.0,0.0,0.0,768.0,2.0,1.0,2.0,5.0,0.0,0.0,5.0,1.5,1974.0,0.0,1.0,396.0,2.0,2.0,0.0,192.0,0.0,0.0,0.0,0.0,0.0,4.0,1.0,0.0,4.0,2009.0,133900.0,1.0,0.0,1.0,0.0,0.0,0.0,0.0,0.0,0.8356164383561644,0.8678082191780822,0.8205479452054795,0.0136986301369863,0.7883561643835616,0.10273972602739725,0.863013698630137,0.9897260273972602,0.7205479452054795,0.7815068493150685,0.9821917808219178,0.01780821917808219,0.14178082191780822,0.43424657534246575,0.9780821917808219,0.914324880054832,0.28063814358230604
954,67.8,11075.0,1.0,0.0,1.0,3.0,5.0,4.0,1969.0,1969.0,232.0,2.0,2.0,2.0,2.0,1.0,1.0,562.0,4.0,193.0,29.0,784.0,0.0,1168.0,800.0,0.0,1968.0,4.0,1.0,2.0,7.0,2.0,1.0,4.0,3.0,1969.0,1.0,2.0,530.0,2.0,2.0,0.0,305.0,189.0,0.0,0.0,0.0,0.0,4.0,1.0,400.0,9.0,2008.0,172000.0,1.0,0.0,1.0,1.0,0.0,0.0,1.0,0.0,0.8356164383561644,0.8678082191780822,0.8205479452054795,0.2047945205479452,0.7883561643835616,0.03356164383561644,0.863013698630137,0.9897260273972602,0.7205479452054795,0.7815068493150685,0.9821917808219178,0.15205479452054796,0.14178082191780822,0.43424657534246575,0.9780821917808219,0.914324880054832,0.630891950688905
955,35.0,9400.0,1.0,0.0,0.0,6.0,6.0,5.0,1975.0,1975.0,250.0,2.0,2.0,1.0,1.0,0.0,0.0,945.0,5.0,0.0,0.0,945.0,2.0,980.0,0.0,0.0,980.0,4.0,0.0,2.0,4.0,0.0,0.0,5.0,3.0,1978.0,3.0,0.0,0.0,5.0,5.0,0.0,0.0,0.0,0.0,0.0,0.0,0.0,4.0,4.0,0.0,10.0,2006.0,127500.0,1.0,0.0,1.0,1.0,0.0,0.0,0.0,0.0,0.03561643835616438,0.8678082191780822,0.0027397260273972603,0.03561643835616438,0.7883561643835616,0.0684931506849315,0.863013698630137,0.9897260273972602,0.06438356164383562,0.008904109589041096,0.007534246575342466,0.01780821917808219,0.09726027397260274,0.43424657534246575,0.9780821917808219,0.914324880054832,0.4907904278462654
956,82.0,7136.0,1.0,2.0,0.0,3.0,6.0,6.0,1946.0,1950.0,423.0,2.0,2.0,1.0,2.0,3.0,3.0,484.0,5.0,0.0,495.0,979.0,2.0,979.0,979.0,0.0,1958.0,4.0,2.0,2.0,8.0,0.0,0.0,5.0,2.0,1946.0,2.0,2.0,492.0,2.0,2.0,0.0,0.0,0.0,0.0,0.0,0.0,0.0,4.0,4.0,0.0,8.0,2007.0,145000.0,1.0,0.0,0.0,1.0,0.0,0.0,0.0,0.0,0.03561643835616438,0.8678082191780822,0.8205479452054795,0.03561643835616438,0.010958904109589041,0.03493150684931507,0.863013698630137,0.9897260273972602,0.7205479452054795,0.7815068493150685,0.9821917808219178,0.1506849315068493,0.14657534246575343,0.43424657534246575,0.9780821917808219,0.018505825908156272,0.630891950688905
957,24.0,1300.0,0.0,0.0,0.0,3.0,6.0,6.0,1980.0,1980.0,0.0,2.0,2.0,1.0,2.0,3.0,1.0,285.0,5.0,0.0,276.0,561.0,2.0,561.0,668.0,0.0,1229.0,2.0,1.0,2.0,5.0,0.0,1.0,2.0,1.5,1980.0,0.0,2.0,462.0,2.0,2.0,0.0,150.0,0.0,0.0,0.0,0.0,0.0,4.0,0.0,0.0,5.0,2009.0,124000.0,1.0,0.0,1.0,0.0,0.0,0.0,0.0,0.0,0.07808219178082192,0.8678082191780822,0.8205479452054795,0.04315068493150685,0.14931506849315068,0.0013698630136986301,0.863013698630137,0.9897260273972602,0.7205479452054795,0.7815068493150685,0.9821917808219178,0.1506849315068493,0.14657534246575343,0.43424657534246575,0.9780821917808219,0.914324880054832,0.630891950688905
958,70.0,7420.0,0.0,0.0,0.0,0.0,5.0,5.0,1962.0,1962.0,0.0,2.0,2.0,2.0,2.0,3.0,3.0,417.0,5.0,0.0,640.0,1057.0,2.0,1057.0,0.0,0.0,1057.0,3.0,1.0,2.0,6.0,0.0,0.0,5.0,1.0,1977.0,0.0,2.0,576.0,2.0,2.0,0.0,0.0,0.0,0.0,0.0,0.0,0.0,4.0,4.0,0.0,4.0,2007.0,132000.0,1.0,0.0,1.0,0.0,0.0,0.0,0.0,0.0,0.8356164383561644,0.8678082191780822,0.8205479452054795,0.36712328767123287,0.7883561643835616,0.050684931506849315,0.863013698630137,0.9897260273972602,0.7205479452054795,0.1958904109589041,0.9821917808219178,0.1506849315068493,0.14657534246575343,0.43424657534246575,0.9780821917808219,0.914324880054832,0.28063814358230604
959,65.0,8450.0,0.0,0.0,0.0,0.0,7.0,5.0,2003.0,2003.0,0.0,1.0,2.0,1.0,2.0,2.0,0.0,699.0,5.0,0.0,638.0,1337.0,0.0,1337.0,0.0,0.0,1337.0,3.0,1.0,1.0,6.0,0.0,0.0,5.0,3.0,2003.0,1.0,2.0,531.0,2.0,2.0,0.0,0.0,39.0,0.0,0.0,0.0,0.0,4.0,4.0,0.0,10.0,2007.0,185000.0,1.0,0.0,1.0,0.0,0.0,0.0,0.0,0.0,0.8356164383561644,0.8678082191780822,0.8205479452054795,0.36712328767123287,0.7883561643835616,0.10273972602739725,0.863013698630137,0.9897260273972602,0.7205479452054795,0.7815068493150685,0.9821917808219178,0.3527397260273973,0.3452054794520548,0.44315068493150683,0.9780821917808219,0.914324880054832,0.630891950688905
960,24.0,2572.0,0.0,0.0,0.0,3.0,7.0,5.0,1999.0,1999.0,0.0,1.0,2.0,1.0,2.0,3.0,1.0,604.0,5.0,0.0,92.0,696.0,0.0,696.0,720.0,0.0,1416.0,3.0,1.0,1.0,6.0,0.0,0.0,5.0,3.5,1999.0,2.0,2.0,484.0,2.0,2.0,0.0,0.0,44.0,0.0,0.0,0.0,0.0,4.0,4.0,0.0,5.0,2010.0,155000.0,1.0,0.0,1.0,0.0,0.0,0.0,0.0,0.0,0.02945205479452055,0.8678082191780822,0.8205479452054795,0.04315068493150685,0.04452054794520548,0.0589041095890411,0.863013698630137,0.9897260273972602,0.03219178082191781,0.1958904109589041,0.9821917808219178,0.1506849315068493,0.14657534246575343,0.44315068493150683,0.9780821917808219,0.914324880054832,0.28063814358230604
961,50.0,7207.0,1.0,0.0,0.0,0.0,5.0,7.0,1958.0,2008.0,0.0,2.0,1.0,2.0,2.0,0.0,2.0,696.0,5.0,0.0,162.0,858.0,1.0,858.0,0.0,0.0,858.0,2.0,1.0,2.0,4.0,0.0,0.0,5.0,2.0,1954.6,3.0,0.0,0.0,5.0,5.0,0.0,117.0,0.0,0.0,0.0,0.0,0.0,4.0,4.0,0.0,2.0,2010.0,116500.0,1.0,0.0,1.0,0.0,0.0,0.0,0.0,0.0,0.8356164383561644,0.8678082191780822,0.8205479452054795,0.36712328767123287,0.7883561643835616,0.03972602739726028,0.863013698630137,0.9897260273972602,0.7205479452054795,0.7815068493150685,0.9821917808219178,0.1410958904109589,0.09726027397260274,0.43424657534246575,0.9780821917808219,0.914324880054832,0.42073966642494565
962,83.4,12227.0,1.0,0.0,0.0,3.0,6.0,7.0,1977.0,1995.0,424.0,2.0,1.0,1.0,1.0,3.0,1.0,896.0,5.0,0.0,434.0,1330.0,2.0,1542.0,1330.0,0.0,2872.0,4.0,1.0,2.0,11.0,0.0,1.0,2.0,3.5,1977.0,0.0,2.0,619.0,2.0,2.0,0.0,550.0,282.0,0.0,0.0,0.0,0.0,4.0,4.0,0.0,7.0,2008.0,272000.0,1.0,0.0,1.0,1.0,0.0,0.0,0.0,0.0,0.8356164383561644,0.8678082191780822,0.8205479452054795,0.2047945205479452,0.7883561643835616,0.05,0.013013698630136987,0.9897260273972602,0.18013698630136987,0.7815068493150685,0.9821917808219178,0.15205479452054796,0.14178082191780822,0.43424657534246575,0.9780821917808219,0.914324880054832,0.630891950688905
963,24.0,2308.0,0.0,0.0,0.0,3.0,6.0,6.0,1976.0,1976.0,0.0,2.0,2.0,1.0,2.0,3.0,1.0,556.0,5.0,0.0,248.0,804.0,2.0,804.0,744.0,0.0,1548.0,3.0,1.0,1.0,7.0,0.0,1.0,2.0,3.5,1976.0,2.0,2.0,440.0,2.0,2.0,0.0,48.0,0.0,0.0,0.0,0.0,0.0,4.0,4.0,0.0,7.0,2007.0,155000.0,1.0,0.0,1.0,0.0,0.0,0.0,0.0,0.0,0.07808219178082192,0.8678082191780822,0.8205479452054795,0.04315068493150685,0.7883561643835616,0.0061643835616438354,0.863013698630137,0.9897260273972602,0.18013698630136987,0.7815068493150685,0.9821917808219178,0.07397260273972603,0.004794520547945206,0.43424657534246575,0.9780821917808219,0.914324880054832,0.28063814358230604
964,122.0,11923.0,1.0,0.0,0.0,0.0,9.0,5.0,2007.0,2007.0,0.0,1.0,2.0,0.0,2.0,3.0,5.0,0.0,5.0,0.0,1800.0,1800.0,0.0,1800.0,0.0,0.0,1800.0,2.0,1.0,0.0,7.0,0.0,0.0,5.0,2.0,2007.0,0.0,2.0,702.0,2.0,2.0,0.0,288.0,136.0,0.0,0.0,0.0,0.0,4.0,4.0,0.0,5.0,2009.0,239000.0,1.0,0.0,1.0,0.0,0.0,0.0,0.0,0.0,0.8356164383561644,0.8678082191780822,0.8205479452054795,0.36712328767123287,0.7883561643835616,0.10273972602739725,0.863013698630137,0.9897260273972602,0.18013698630136987,0.7815068493150685,0.9821917808219178,0.3527397260273973,0.3452054794520548,0.44315068493150683,0.9780821917808219,0.914324880054832,0.630891950688905
965,80.0,11316.0,0.0,0.0,0.0,3.0,7.0,5.0,2002.0,2003.0,44.0,1.0,2.0,1.0,2.0,3.0,0.0,624.0,5.0,0.0,193.0,817.0,0.0,824.0,1070.0,0.0,1894.0,4.0,1.0,1.0,8.0,0.0,1.0,1.0,3.5,2002.0,0.0,2.0,510.0,2.0,2.0,0.0,0.0,40.0,0.0,0.0,0.0,0.0,4.0,4.0,0.0,2.0,2010.0,214900.0,1.0,0.0,1.0,1.0,0.0,0.0,0.0,0.0,0.8356164383561644,0.8678082191780822,0.8205479452054795,0.2047945205479452,0.7883561643835616,0.026027397260273973,0.863013698630137,0.9897260273972602,0.18013698630136987,0.7815068493150685,0.9821917808219178,0.3527397260273973,0.3452054794520548,0.44315068493150683,0.9780821917808219,0.914324880054832,0.06381435823060189
966,65.0,10237.0,0.0,0.0,0.0,3.0,6.0,5.0,2005.0,2007.0,0.0,1.0,2.0,1.0,2.0,3.0,5.0,0.0,5.0,0.0,783.0,783.0,0.0,783.0,701.0,0.0,1484.0,3.0,1.0,1.0,8.0,0.0,1.0,1.0,2.5,2005.0,0.0,2.0,393.0,2.0,2.0,0.0,0.0,72.0,0.0,0.0,0.0,0.0,4.0,4.0,0.0,7.0,2007.0,178900.0,1.0,0.0,1.0,0.0,0.0,0.0,0.0,0.0,0.8356164383561644,0.08356164383561644,0.08561643835616438,0.2047945205479452,0.7883561643835616,0.05410958904109589,0.01780821917808219,0.9897260273972602,0.7205479452054795,0.7815068493150685,0.9821917808219178,0.3527397260273973,0.3452054794520548,0.44315068493150683,0.9780821917808219,0.914324880054832,0.630891950688905
967,130.0,9600.0,1.0,2.0,0.0,1.0,5.0,7.0,1940.0,1950.0,0.0,1.0,1.0,2.0,3.0,3.0,3.0,428.0,5.0,0.0,300.0,728.0,0.0,976.0,332.0,0.0,1308.0,2.0,1.0,2.0,7.0,2.0,2.0,2.0,2.5,1940.0,2.0,1.0,256.0,2.0,2.0,0.0,0.0,70.0,0.0,0.0,0.0,0.0,4.0,4.0,0.0,6.0,2009.0,160000.0,1.0,0.0,1.0,0.0,0.0,0.0,0.0,0.0,0.8356164383561644,0.8678082191780822,0.8205479452054795,0.09863013698630137,0.7883561643835616,0.03493150684931507,0.863013698630137,0.9897260273972602,0.7205479452054795,0.7815068493150685,0.9821917808219178,0.1506849315068493,0.14657534246575343,0.1,0.9780821917808219,0.914324880054832,0.28063814358230604
968,65.2,7390.0,1.0,0.0,0.0,0.0,5.0,7.0,1955.0,1955.0,151.0,2.0,2.0,2.0,2.0,3.0,1.0,902.0,5.0,0.0,196.0,1098.0,2.0,1098.0,0.0,0.0,1098.0,3.0,1.0,2.0,6.0,0.0,0.0,5.0,2.0,1955.0,2.0,1.0,260.0,2.0,2.0,0.0,0.0,0.0,0.0,0.0,0.0,0.0,4.0,4.0,0.0,7.0,2008.0,135000.0,1.0,0.0,1.0,1.0,0.0,0.0,0.0,0.0,0.8356164383561644,0.8678082191780822,0.8205479452054795,0.36712328767123287,0.7883561643835616,0.1541095890410959,0.863013698630137,0.9897260273972602,0.7205479452054795,0.1958904109589041,0.9821917808219178,0.1410958904109589,0.13493150684931507,0.43424657534246575,0.9780821917808219,0.914324880054832,0.630891950688905
969,50.0,5925.0,0.0,0.0,0.0,1.0,3.0,6.0,1910.0,1950.0,0.0,2.0,2.0,2.0,2.0,3.0,5.0,0.0,5.0,0.0,600.0,600.0,3.0,600.0,368.0,0.0,968.0,2.0,1.0,2.0,6.0,0.0,0.0,5.0,1.0,1939.6,3.0,0.0,0.0,5.0,5.0,0.0,0.0,0.0,0.0,0.0,0.0,0.0,4.0,2.0,0.0,5.0,2009.0,37900.0,1.0,0.0,0.0,0.0,0.0,0.0,0.0,0.0,0.8356164383561644,0.8678082191780822,0.06917808219178082,0.09863013698630137,0.14931506849315068,0.0773972602739726,0.863013698630137,0.9897260273972602,0.7205479452054795,0.7815068493150685,0.9821917808219178,0.3527397260273973,0.3452054794520548,0.1,0.004794520547945206,0.914324880054832,0.2272661348803481
970,75.0,10382.0,0.0,0.0,0.0,7.0,6.0,5.0,1958.0,1958.0,105.0,2.0,3.0,2.0,2.0,0.0,1.0,513.0,5.0,0.0,75.0,588.0,2.0,1095.0,0.0,0.0,1095.0,2.0,1.0,2.0,6.0,0.0,0.0,5.0,2.0,1958.0,1.0,1.0,264.0,2.0,2.0,0.0,0.0,0.0,0.0,0.0,0.0,0.0,4.0,4.0,0.0,3.0,2006.0,140000.0,1.0,0.0,1.0,1.0,0.0,0.0,0.0,0.0,0.021232876712328767,0.0061643835616438354,0.8205479452054795,0.02054794520547945,0.7883561643835616,0.1541095890410959,0.863013698630137,0.9897260273972602,0.7205479452054795,0.1958904109589041,0.9821917808219178,0.15205479452054796,0.14178082191780822,0.43424657534246575,0.9780821917808219,0.914324880054832,0.630891950688905
971,60.0,10800.0,0.0,0.0,0.0,1.0,4.0,4.0,1949.0,1950.0,0.0,2.0,2.0,2.0,2.0,3.0,5.0,0.0,5.0,0.0,720.0,720.0,2.0,720.0,472.0,0.0,1192.0,4.0,1.0,2.0,6.0,0.0,0.0,5.0,1.5,1945.0,3.0,0.0,0.0,5.0,5.0,0.0,0.0,0.0,0.0,0.0,0.0,0.0,4.0,4.0,0.0,12.0,2006.0,135000.0,1.0,0.0,0.0,0.0,0.0,0.0,0.0,0.0,0.8356164383561644,0.8678082191780822,0.06917808219178082,0.09863013698630137,0.7883561643835616,0.1541095890410959,0.863013698630137,0.9897260273972602,0.7205479452054795,0.7815068493150685,0.9821917808219178,0.0136986301369863,0.0136986301369863,0.43424657534246575,0.9780821917808219,0.06442769019876628,0.42073966642494565
972,36.0,2268.0,0.0,0.0,0.0,3.0,7.0,5.0,2003.0,2004.0,106.0,1.0,2.0,1.0,2.0,3.0,0.0,567.0,5.0,0.0,197.0,764.0,0.0,764.0,862.0,0.0,1626.0,2.0,1.0,1.0,6.0,0.0,0.0,5.0,2.0,2003.0,1.0,2.0,474.0,2.0,2.0,0.0,0.0,27.0,0.0,0.0,0.0,0.0,4.0,4.0,0.0,7.0,2009.0,173000.0,1.0,0.0,1.0,0.0,1.0,0.0,0.0,0.0,0.02945205479452055,0.8678082191780822,0.8205479452054795,0.04315068493150685,0.7883561643835616,0.05273972602739726,0.863013698630137,0.9897260273972602,0.7205479452054795,0.7815068493150685,0.9821917808219178,0.3527397260273973,0.026027397260273973,0.44315068493150683,0.9780821917808219,0.914324880054832,0.06381435823060189
973,55.0,7892.0,0.0,0.0,0.0,0.0,6.0,5.0,1979.0,1979.0,0.0,2.0,2.0,1.0,2.0,3.0,5.0,0.0,5.0,0.0,918.0,918.0,2.0,918.0,0.0,0.0,918.0,2.0,1.0,2.0,5.0,0.0,1.0,2.0,2.0,1979.0,2.0,1.0,264.0,2.0,2.0,0.0,28.0,0.0,0.0,0.0,0.0,0.0,4.0,4.0,0.0,4.0,2010.0,99500.0,1.0,0.0,1.0,0.0,0.0,0.0,0.0,0.0,0.07808219178082192,0.8678082191780822,0.8205479452054795,0.05958904109589041,0.7883561643835616,0.04041095890410959,0.863013698630137,0.9897260273972602,0.7205479452054795,0.7815068493150685,0.9821917808219178,0.07397260273972603,0.09726027397260274,0.43424657534246575,0.9780821917808219,0.914324880054832,0.630891950688905
974,95.0,11639.0,0.0,0.0,0.0,0.0,7.0,5.0,2007.0,2008.0,94.0,1.0,2.0,1.0,2.0,3.0,5.0,0.0,5.0,0.0,1428.0,1428.0,0.0,1428.0,0.0,0.0,1428.0,3.0,1.0,1.0,6.0,0.0,0.0,5.0,2.0,2007.0,0.0,2.0,480.0,2.0,2.0,0.0,0.0,120.0,0.0,0.0,0.0,0.0,4.0,4.0,0.0,12.0,2008.0,182000.0,1.0,0.0,1.0,0.0,0.0,0.0,0.0,0.0,0.8356164383561644,0.08356164383561644,0.08561643835616438,0.36712328767123287,0.04452054794520548,0.0589041095890411,0.863013698630137,0.9897260273972602,0.18013698630136987,0.7815068493150685,0.9821917808219178,0.04178082191780822,0.0410958904109589,0.44315068493150683,0.9780821917808219,0.914324880054832,0.630891950688905
975,60.0,11414.0,1.0,0.0,0.0,3.0,7.0,8.0,1910.0,1993.0,0.0,2.0,1.0,1.0,2.0,3.0,5.0,0.0,5.0,0.0,728.0,728.0,2.0,1136.0,883.0,0.0,2019.0,3.0,1.0,1.0,8.0,0.0,0.0,5.0,1.0,1997.0,2.0,2.0,532.0,2.0,2.0,0.0,509.0,135.0,0.0,0.0,0.0,0.0,4.0,0.0,0.0,10.0,2009.0,167500.0,1.0,0.0,0.0,0.0,0.0,0.0,0.0,0.0,0.8356164383561644,0.8678082191780822,0.8205479452054795,0.0410958904109589,0.7883561643835616,0.03972602739726028,0.01780821917808219,0.00410958904109589,0.18013698630136987,0.7815068493150685,0.9821917808219178,0.15205479452054796,0.14178082191780822,0.1,0.9780821917808219,0.914324880054832,0.28063814358230604
976,36.4,2651.0,0.0,0.0,0.0,3.0,7.0,5.0,2000.0,2000.0,0.0,1.0,2.0,1.0,2.0,3.0,0.0,641.0,5.0,0.0,32.0,673.0,0.0,673.0,709.0,0.0,1382.0,3.0,1.0,1.0,6.0,0.0,0.0,5.0,3.5,2000.0,2.0,2.0,490.0,2.0,2.0,0.0,153.0,50.0,0.0,0.0,0.0,0.0,4.0,4.0,0.0,4.0,2006.0,165000.0,1.0,0.0,1.0,0.0,0.0,0.0,0.0,0.0,0.02945205479452055,0.8678082191780822,0.8205479452054795,0.04315068493150685,0.04452054794520548,0.0589041095890411,0.863013698630137,0.9897260273972602,0.03219178082191781,0.7815068493150685,0.9821917808219178,0.1506849315068493,0.14657534246575343,0.44315068493150683,0.9780821917808219,0.914324880054832,0.28063814358230604
977,51.0,5900.0,1.0,1.0,0.0,0.0,4.0,7.0,1923.0,1958.0,0.0,2.0,2.0,1.0,2.0,3.0,5.0,0.0,5.0,0.0,440.0,440.0,2.0,869.0,0.0,0.0,869.0,2.0,1.0,3.0,4.0,0.0,0.0,5.0,1.0,1938.2,3.0,0.0,0.0,5.0,5.0,0.0,0.0,0.0,0.0,0.0,0.0,0.0,4.0,4.0,0.0,8.0,2006.0,85500.0,1.0,0.0,1.0,0.0,0.0,0.0,0.0,0.0,0.8356164383561644,0.8678082191780822,0.8205479452054795,0.04726027397260274,0.7883561643835616,0.03972602739726028,0.863013698630137,0.9897260273972602,0.7205479452054795,0.7815068493150685,0.9821917808219178,0.1410958904109589,0.13493150684931507,0.44315068493150683,0.9780821917808219,0.06442769019876628,0.28063814358230604
978,35.0,4274.0,1.0,0.0,0.0,0.0,7.0,5.0,2006.0,2007.0,81.4,1.0,2.0,1.0,2.0,3.0,0.0,1106.0,5.0,0.0,135.0,1241.0,0.0,1241.0,0.0,0.0,1241.0,1.0,1.0,1.0,4.0,0.0,0.0,5.0,2.5,2007.0,0.0,2.0,569.0,2.0,2.0,0.0,0.0,116.0,0.0,0.0,0.0,0.0,4.0,4.0,0.0,11.0,2007.0,199900.0,1.0,1.0,1.0,0.0,0.0,0.0,0.0,0.0,0.07808219178082192,0.08356164383561644,0.08561643835616438,0.05958904109589041,0.04452054794520548,0.0589041095890411,0.863013698630137,0.9897260273972602,0.7205479452054795,0.7815068493150685,0.9821917808219178,0.3527397260273973,0.3452054794520548,0.44315068493150683,0.9780821917808219,0.914324880054832,0.630891950688905
979,68.0,9450.0,0.0,1.0,1.0,0.0,4.0,5.0,1954.0,1954.0,0.0,2.0,2.0,2.0,2.0,3.0,4.0,552.0,5.0,0.0,342.0,894.0,0.0,894.0,0.0,0.0,894.0,3.0,1.0,2.0,5.0,0.0,0.0,5.0,1.0,1999.0,2.0,2.0,400.0,2.0,2.0,0.0,0.0,0.0,0.0,0.0,0.0,0.0,4.0,4.0,0.0,5.0,2007.0,110000.0,1.0,0.0,1.0,0.0,0.0,0.0,0.0,0.0,0.8356164383561644,0.8678082191780822,0.06917808219178082,0.36712328767123287,0.7883561643835616,0.0684931506849315,0.863013698630137,0.9897260273972602,0.7205479452054795,0.7815068493150685,0.9821917808219178,0.1506849315068493,0.14657534246575343,0.43424657534246575,0.9780821917808219,0.914324880054832,0.28063814358230604
980,80.0,8816.0,0.0,0.0,0.0,0.0,5.0,6.0,1963.0,1963.0,0.0,2.0,2.0,2.0,2.0,3.0,3.0,651.0,5.0,0.0,470.0,1121.0,2.0,1121.0,0.0,0.0,1121.0,3.0,1.0,2.0,5.0,0.0,0.0,5.0,2.0,1963.0,2.0,2.0,480.0,2.0,2.0,0.0,0.0,80.0,0.0,0.0,0.0,0.0,4.0,1.0,0.0,6.0,2009.0,139000.0,1.0,0.0,1.0,0.0,0.0,0.0,0.0,0.0,0.8356164383561644,0.8678082191780822,0.8205479452054795,0.36712328767123287,0.7883561643835616,0.050684931506849315,0.05547945205479452,0.9897260273972602,0.18013698630136987,0.7815068493150685,0.9821917808219178,0.3527397260273973,0.3452054794520548,0.44315068493150683,0.9780821917808219,0.914324880054832,0.28063814358230604
981,91.4,12122.0,1.0,0.0,0.0,6.0,7.0,9.0,1961.0,2007.0,210.0,0.0,2.0,2.0,2.0,1.0,1.0,867.0,5.0,0.0,77.0,944.0,1.0,999.0,0.0,0.0,999.0,3.0,1.0,0.0,6.0,0.0,0.0,5.0,2.0,1961.0,1.0,2.0,588.0,2.0,2.0,0.0,144.0,76.0,0.0,0.0,0.0,0.0,4.0,4.0,0.0,7.0,2008.0,178400.0,1.0,0.0,1.0,0.0,1.0,0.0,0.0,0.0,0.8356164383561644,0.8678082191780822,0.8205479452054795,0.0136986301369863,0.7883561643835616,0.1541095890410959,0.863013698630137,0.9897260273972602,0.18013698630136987,0.7815068493150685,0.9821917808219178,0.04178082191780822,0.0410958904109589,0.43424657534246575,0.9780821917808219,0.914324880054832,0.630891950688905
982,98.0,12203.0,1.0,0.0,0.0,3.0,8.0,5.0,1998.0,1999.0,975.0,1.0,2.0,1.0,2.0,3.0,0.0,854.0,5.0,0.0,371.0,1225.0,0.0,1276.0,1336.0,0.0,2612.0,4.0,1.0,1.0,8.0,0.0,1.0,2.0,3.5,1998.0,0.0,3.0,676.0,2.0,2.0,0.0,250.0,0.0,0.0,0.0,0.0,0.0,4.0,4.0,0.0,7.0,2009.0,336000.0,1.0,0.0,1.0,1.0,0.0,0.0,0.0,0.0,0.8356164383561644,0.8678082191780822,0.8205479452054795,0.2047945205479452,0.7883561643835616,0.028082191780821917,0.863013698630137,0.9897260273972602,0.18013698630136987,0.1958904109589041,0.9821917808219178,0.3527397260273973,0.3452054794520548,0.44315068493150683,0.9780821917808219,0.914324880054832,0.630891950688905
983,43.0,3182.0,0.0,0.0,0.0,0.0,7.0,5.0,2007.0,2007.0,16.0,1.0,2.0,1.0,2.0,1.0,5.0,0.0,5.0,0.0,1266.0,1266.0,0.0,1266.0,0.0,0.0,1266.0,2.0,1.0,1.0,6.0,0.0,1.0,1.0,2.0,2007.0,0.0,2.0,388.0,2.0,2.0,0.0,100.0,16.0,0.0,0.0,0.0,0.0,4.0,4.0,0.0,3.0,2008.0,159895.0,1.0,0.0,1.0,1.0,0.0,0.0,0.0,0.0,0.8356164383561644,0.8678082191780822,0.8205479452054795,0.36712328767123287,0.7883561643835616,0.011643835616438357,0.863013698630137,0.9897260273972602,0.7205479452054795,0.7815068493150685,0.9821917808219178,0.3527397260273973,0.3452054794520548,0.44315068493150683,0.9780821917808219,0.914324880054832,0.630891950688905
984,85.0,11250.0,0.0,0.0,0.0,3.0,8.0,5.0,2002.0,2002.0,0.0,1.0,2.0,1.0,2.0,2.0,5.0,0.0,5.0,0.0,1128.0,1128.0,0.0,1149.0,1141.0,0.0,2290.0,4.0,1.0,1.0,9.0,0.0,1.0,1.0,2.5,2002.0,2.0,2.0,779.0,2.0,2.0,0.0,0.0,0.0,0.0,0.0,0.0,0.0,4.0,4.0,0.0,5.0,2008.0,255900.0,1.0,0.0,1.0,0.0,0.0,0.0,0.0,0.0,0.8356164383561644,0.8678082191780822,0.8205479452054795,0.2047945205479452,0.7883561643835616,0.10273972602739725,0.863013698630137,0.9897260273972602,0.18013698630136987,0.7815068493150685,0.9821917808219178,0.04178082191780822,0.0410958904109589,0.44315068493150683,0.9780821917808219,0.914324880054832,0.630891950688905
985,75.0,10125.0,0.0,0.0,0.0,1.0,5.0,5.0,1977.0,1977.0,0.0,2.0,2.0,5.0,5.0,4.0,6.0,0.0,6.0,0.0,0.0,0.0,2.0,1302.0,432.0,0.0,1734.0,4.0,2.0,1.0,8.0,0.0,0.0,5.0,2.0,1977.0,2.0,2.0,539.0,2.0,2.0,0.0,0.0,0.0,0.0,0.0,0.0,0.0,4.0,4.0,0.0,8.0,2009.0,126000.0,1.0,0.0,1.0,0.0,0.0,0.0,0.0,0.0,0.03561643835616438,0.02945205479452055,0.8205479452054795,0.03561643835616438,0.7883561643835616,0.03356164383561644,0.863013698630137,0.9897260273972602,0.7205479452054795,0.7815068493150685,0.9821917808219178,0.07397260273972603,0.09726027397260274,0.43424657534246575,0.9780821917808219,0.914324880054832,0.630891950688905
986,68.0,10880.0,0.0,0.0,0.0,0.0,5.0,5.0,1950.0,1950.0,0.0,2.0,2.0,2.0,2.0,3.0,1.0,1040.0,5.0,0.0,124.0,1164.0,2.0,1164.0,0.0,0.0,1164.0,3.0,1.0,2.0,5.0,0.0,0.0,5.0,2.0,1950.0,2.0,1.0,240.0,2.0,2.0,0.0,0.0,48.0,0.0,0.0,0.0,0.0,4.0,4.0,0.0,8.0,2008.0,125000.0,1.0,0.0,0.0,0.0,0.0,0.0,0.0,0.0,0.021232876712328767,0.0061643835616438354,0.8205479452054795,0.02054794520547945,0.7883561643835616,0.0684931506849315,0.863013698630137,0.9897260273972602,0.7205479452054795,0.7815068493150685,0.9821917808219178,0.1506849315068493,0.14657534246575343,0.43424657534246575,0.012328767123287671,0.914324880054832,0.28063814358230604
987,59.0,5310.0,0.0,0.0,0.0,1.0,6.0,8.0,1910.0,2003.0,0.0,2.0,1.0,2.0,3.0,3.0,5.0,0.0,5.0,0.0,485.0,485.0,1.0,1001.0,634.0,0.0,1635.0,2.0,1.0,1.0,5.0,0.0,0.0,5.0,1.0,1950.0,2.0,1.0,255.0,3.0,2.0,0.0,394.0,0.0,0.0,0.0,0.0,0.0,4.0,4.0,0.0,6.0,2006.0,117000.0,1.0,0.0,1.0,0.0,0.0,0.0,0.0,0.0,0.8356164383561644,0.8678082191780822,0.8205479452054795,0.09863013698630137,0.14931506849315068,0.0773972602739726,0.05547945205479452,0.9897260273972602,0.18013698630136987,0.1958904109589041,0.9821917808219178,0.3527397260273973,0.3452054794520548,0.43424657534246575,0.9780821917808219,0.914324880054832,0.630891950688905
988,83.0,10159.0,1.0,0.0,0.0,0.0,9.0,5.0,2009.0,2010.0,450.0,0.0,2.0,0.0,2.0,1.0,0.0,1646.0,5.0,0.0,284.0,1930.0,0.0,1940.0,0.0,0.0,1940.0,3.0,1.0,0.0,8.0,0.0,1.0,1.0,3.5,2010.0,0.0,3.0,606.0,2.0,2.0,0.0,168.0,95.0,0.0,0.0,0.0,0.0,4.0,4.0,0.0,4.0,2010.0,395192.0,1.0,0.0,1.0,0.0,1.0,0.0,0.0,0.0,0.8356164383561644,0.08356164383561644,0.08561643835616438,0.36712328767123287,0.7883561643835616,0.05273972602739726,0.863013698630137,0.9897260273972602,0.7205479452054795,0.1958904109589041,0.9821917808219178,0.3527397260273973,0.3452054794520548,0.44315068493150683,0.9780821917808219,0.914324880054832,0.630891950688905
989,78.0,12046.0,1.0,0.0,0.0,3.0,6.0,6.0,1976.0,1976.0,298.0,2.0,2.0,2.0,2.0,3.0,4.0,156.0,5.0,0.0,692.0,848.0,2.0,1118.0,912.0,0.0,2030.0,4.0,1.0,1.0,8.0,0.0,1.0,2.0,2.5,1976.0,0.0,2.0,551.0,2.0,2.0,0.0,0.0,224.0,0.0,0.0,0.0,0.0,4.0,4.0,0.0,6.0,2007.0,195000.0,1.0,0.0,1.0,1.0,0.0,0.0,0.0,0.0,0.8356164383561644,0.8678082191780822,0.8205479452054795,0.2047945205479452,0.7883561643835616,0.05,0.863013698630137,0.9897260273972602,0.7205479452054795,0.7815068493150685,0.9821917808219178,0.07397260273972603,0.09726027397260274,0.43424657534246575,0.9780821917808219,0.914324880054832,0.630891950688905
990,65.0,8125.0,0.0,0.0,0.0,3.0,7.0,5.0,2006.0,2006.0,0.0,1.0,2.0,1.0,1.0,3.0,5.0,0.0,5.0,0.0,770.0,770.0,0.0,778.0,798.0,0.0,1576.0,3.0,1.0,1.0,6.0,0.0,0.0,5.0,2.5,2006.0,1.0,2.0,614.0,2.0,2.0,0.0,0.0,50.0,0.0,0.0,0.0,0.0,4.0,4.0,0.0,8.0,2006.0,197000.0,1.0,0.0,1.0,0.0,0.0,0.0,0.0,0.0,0.8356164383561644,0.08356164383561644,0.08561643835616438,0.2047945205479452,0.04452054794520548,0.0589041095890411,0.863013698630137,0.9897260273972602,0.7205479452054795,0.7815068493150685,0.9821917808219178,0.3527397260273973,0.3452054794520548,0.44315068493150683,0.9780821917808219,0.914324880054832,0.630891950688905
991,82.0,9452.0,0.0,0.0,0.0,3.0,8.0,5.0,1997.0,1998.0,423.0,1.0,2.0,1.0,2.0,3.0,0.0,1074.0,5.0,0.0,322.0,1396.0,0.0,1407.0,985.0,0.0,2392.0,3.0,1.0,1.0,7.0,0.0,1.0,2.0,3.5,1997.0,0.0,3.0,870.0,2.0,2.0,0.0,0.0,70.0,0.0,0.0,0.0,0.0,4.0,4.0,0.0,6.0,2006.0,348000.0,1.0,0.0,1.0,1.0,0.0,0.0,0.0,0.0,0.8356164383561644,0.8678082191780822,0.8205479452054795,0.2047945205479452,0.7883561643835616,0.028082191780821917,0.863013698630137,0.9897260273972602,0.7205479452054795,0.7815068493150685,0.9821917808219178,0.3527397260273973,0.3452054794520548,0.44315068493150683,0.9780821917808219,0.914324880054832,0.630891950688905
992,121.0,17671.0,0.0,0.0,0.0,3.0,8.0,9.0,1882.0,1986.0,0.0,1.0,1.0,2.0,2.0,3.0,2.0,216.0,5.0,0.0,700.0,916.0,1.0,916.0,826.0,0.0,1742.0,4.0,1.0,1.0,8.0,0.0,1.0,1.0,1.5,1925.0,2.0,2.0,424.0,2.0,2.0,1.0,0.0,169.0,0.0,0.0,0.0,0.0,4.0,4.0,0.0,11.0,2009.0,168000.0,1.0,0.0,1.0,0.0,0.0,0.0,0.0,0.0,0.8356164383561644,0.8678082191780822,0.8205479452054795,0.0410958904109589,0.14931506849315068,0.0773972602739726,0.03287671232876712,0.9897260273972602,0.18013698630136987,0.7815068493150685,0.9821917808219178,0.1410958904109589,0.13493150684931507,0.1,0.9780821917808219,0.914324880054832,0.630891950688905
993,80.0,9760.0,0.0,0.0,1.0,3.0,6.0,8.0,1964.0,1993.0,340.0,2.0,2.0,2.0,2.0,0.0,2.0,536.0,3.0,117.0,169.0,822.0,1.0,1020.0,831.0,0.0,1851.0,3.0,1.0,1.0,7.0,0.0,1.0,3.0,2.5,1964.0,1.0,2.0,440.0,2.0,2.0,0.0,239.0,42.0,0.0,0.0,0.0,0.0,4.0,3.0,0.0,7.0,2007.0,187000.0,1.0,0.0,1.0,1.0,0.0,0.0,0.0,0.0,0.8356164383561644,0.8678082191780822,0.8205479452054795,0.2047945205479452,0.7883561643835616,0.1541095890410959,0.863013698630137,0.9897260273972602,0.7205479452054795,0.1958904109589041,0.9821917808219178,0.1410958904109589,0.13493150684931507,0.43424657534246575,0.9780821917808219,0.914324880054832,0.630891950688905
994,68.0,8846.0,0.0,0.0,0.0,3.0,6.0,5.0,2005.0,2006.0,0.0,2.0,2.0,1.0,2.0,3.0,5.0,0.0,5.0,0.0,750.0,750.0,0.0,750.0,750.0,0.0,1500.0,3.0,1.0,1.0,6.0,0.0,0.0,5.0,2.5,2005.0,1.0,2.0,564.0,2.0,2.0,0.0,0.0,35.0,0.0,0.0,0.0,0.0,4.0,4.0,0.0,8.0,2006.0,173900.0,1.0,0.0,1.0,0.0,0.0,0.0,0.0,0.0,0.8356164383561644,0.08356164383561644,0.08561643835616438,0.2047945205479452,0.7883561643835616,0.10273972602739725,0.863013698630137,0.9897260273972602,0.7205479452054795,0.7815068493150685,0.9821917808219178,0.3527397260273973,0.3452054794520548,0.44315068493150683,0.9780821917808219,0.914324880054832,0.630891950688905
995,96.0,12456.0,0.0,0.0,0.0,0.0,10.0,5.0,2006.0,2007.0,230.0,0.0,2.0,0.0,2.0,0.0,0.0,1172.0,5.0,0.0,528.0,1700.0,0.0,1718.0,0.0,0.0,1718.0,3.0,1.0,0.0,7.0,0.0,1.0,1.0,3.0,2008.0,0.0,3.0,786.0,2.0,2.0,0.0,216.0,48.0,0.0,0.0,0.0,0.0,4.0,4.0,0.0,7.0,2009.0,337500.0,1.0,0.0,1.0,0.0,1.0,0.0,0.0,0.0,0.8356164383561644,0.8678082191780822,0.8205479452054795,0.36712328767123287,0.7883561643835616,0.05273972602739726,0.863013698630137,0.9897260273972602,0.03219178082191781,0.1958904109589041,0.9821917808219178,0.04178082191780822,0.0410958904109589,0.44315068493150683,0.9780821917808219,0.914324880054832,0.630891950688905
996,51.0,4712.0,1.0,0.0,1.0,1.0,4.0,7.0,1946.0,1950.0,0.0,2.0,2.0,2.0,2.0,3.0,1.0,384.0,5.0,0.0,363.0,747.0,2.0,774.0,456.0,0.0,1230.0,3.0,1.0,2.0,5.0,0.0,0.0,5.0,2.5,1946.0,2.0,1.0,305.0,2.0,2.0,0.0,0.0,57.0,0.0,0.0,63.0,0.0,4.0,1.0,0.0,8.0,2006.0,121600.0,1.0,0.0,1.0,0.0,0.0,0.0,0.0,0.0,0.8356164383561644,0.8678082191780822,0.06917808219178082,0.09863013698630137,0.7883561643835616,0.03972602739726028,0.05547945205479452,0.9897260273972602,0.7205479452054795,0.7815068493150685,0.9821917808219178,0.1506849315068493,0.14657534246575343,0.43424657534246575,0.9780821917808219,0.914324880054832,0.28063814358230604
997,78.0,10659.0,1.0,0.0,0.0,0.0,5.0,6.0,1961.0,1961.0,0.0,2.0,2.0,2.0,2.0,3.0,3.0,915.0,5.0,0.0,135.0,1050.0,2.0,1050.0,0.0,0.0,1050.0,3.0,1.0,2.0,6.0,0.0,0.0,5.0,2.0,1961.0,2.0,1.0,368.0,2.0,2.0,0.0,0.0,319.0,0.0,0.0,0.0,0.0,4.0,4.0,0.0,1.0,2006.0,136500.0,1.0,0.0,1.0,0.0,0.0,0.0,0.0,0.0,0.8356164383561644,0.02945205479452055,0.8205479452054795,0.36712328767123287,0.7883561643835616,0.1541095890410959,0.863013698630137,0.9897260273972602,0.7205479452054795,0.1958904109589041,0.9821917808219178,0.1410958904109589,0.13493150684931507,0.43424657534246575,0.9780821917808219,0.914324880054832,0.630891950688905
998,77.4,11717.0,1.0,0.0,0.0,0.0,6.0,6.0,1970.0,1970.0,571.0,2.0,2.0,2.0,2.0,3.0,5.0,0.0,5.0,0.0,1442.0,1442.0,2.0,1442.0,0.0,0.0,1442.0,2.0,1.0,2.0,6.0,0.0,1.0,2.0,2.0,1970.0,1.0,2.0,615.0,2.0,2.0,0.0,371.0,0.0,0.0,0.0,0.0,0.0,4.0,4.0,0.0,2.0,2009.0,185000.0,1.0,0.0,1.0,1.0,0.0,0.0,0.0,0.0,0.8356164383561644,0.8678082191780822,0.8205479452054795,0.36712328767123287,0.7883561643835616,0.05,0.005479452054794521,0.9897260273972602,0.7205479452054795,0.1958904109589041,0.9821917808219178,0.15205479452054796,0.14178082191780822,0.43424657534246575,0.9780821917808219,0.914324880054832,0.630891950688905
999,60.0,9786.0,0.0,0.0,0.0,0.0,3.0,4.0,1922.0,1950.0,0.0,2.0,2.0,2.0,3.0,3.0,5.0,0.0,5.0,0.0,1007.0,1007.0,3.0,1077.0,0.0,0.0,1077.0,3.0,1.0,2.0,6.0,0.0,1.0,1.0,1.0,1922.0,2.0,1.0,210.0,2.0,3.0,1.0,0.0,100.0,48.0,0.0,0.0,0.0,4.0,4.0,0.0,5.0,2006.0,91000.0,1.0,0.0,0.0,0.0,0.0,0.0,0.0,0.0,0.8356164383561644,0.8678082191780822,0.8205479452054795,0.04726027397260274,0.14931506849315068,0.025342465753424658,0.863013698630137,0.9897260273972602,0.7205479452054795,0.1958904109589041,0.9821917808219178,0.1410958904109589,0.13493150684931507,0.1,0.9780821917808219,0.914324880054832,0.28063814358230604
1000,64.0,6762.0,0.0,0.0,0.0,0.0,7.0,5.0,2006.0,2006.0,24.0,1.0,2.0,1.0,2.0,1.0,0.0,686.0,5.0,0.0,501.0,1187.0,0.0,1208.0,0.0,0.0,1208.0,2.0,1.0,1.0,6.0,0.0,0.0,5.0,3.0,2006.0,1.0,2.0,632.0,2.0,2.0,0.0,105.0,61.0,0.0,0.0,0.0,0.0,4.0,4.0,0.0,2.0,2010.0,206000.0,1.0,0.0,1.0,0.0,1.0,0.0,0.0,0.0,0.8356164383561644,0.8678082191780822,0.8205479452054795,0.36712328767123287,0.7883561643835616,0.10273972602739725,0.863013698630137,0.9897260273972602,0.7205479452054795,0.7815068493150685,0.9821917808219178,0.3527397260273973,0.3452054794520548,0.44315068493150683,0.9780821917808219,0.914324880054832,0.630891950688905
1001,74.0,10206.0,0.0,0.0,0.0,0.0,3.0,3.0,1952.0,1952.0,0.0,2.0,2.0,5.0,5.0,4.0,6.0,0.0,6.0,0.0,0.0,0.0,3.0,944.0,0.0,0.0,944.0,2.0,1.0,3.0,4.0,1.0,0.0,5.0,1.0,1956.0,2.0,2.0,528.0,2.0,3.0,0.0,0.0,0.0,0.0,0.0,0.0,0.0,4.0,4.0,0.0,7.0,2009.0,82000.0,1.0,0.0,0.0,0.0,0.0,0.0,0.0,0.0,0.8356164383561644,0.8678082191780822,0.8205479452054795,0.36712328767123287,0.7883561643835616,0.0684931506849315,0.863013698630137,0.9897260273972602,0.18013698630136987,0.008904109589041096,0.007534246575342466,0.0013698630136986301,0.004794520547945206,0.01643835616438356,0.012328767123287671,0.018505825908156272,0.28063814358230604
1002,60.0,5400.0,0.0,0.0,0.0,0.0,5.0,6.0,1920.0,1950.0,0.0,2.0,2.0,3.0,2.0,3.0,5.0,0.0,5.0,0.0,691.0,691.0,0.0,691.0,0.0,0.0,691.0,2.0,1.0,0.0,4.0,0.0,0.0,5.0,1.0,1920.0,2.0,1.0,216.0,3.0,2.0,2.0,0.0,20.0,94.0,0.0,0.0,0.0,4.0,4.0,0.0,1.0,2007.0,86000.0,1.0,0.0,1.0,0.0,0.0,0.0,0.0,0.0,0.8356164383561644,0.8678082191780822,0.06917808219178082,0.04726027397260274,0.7883561643835616,0.0773972602739726,0.863013698630137,0.9897260273972602,0.18013698630136987,0.7815068493150685,0.9821917808219178,0.1410958904109589,0.13493150684931507,0.1,0.9780821917808219,0.06442769019876628,0.28063814358230604
1003,75.0,11957.0,1.0,0.0,0.0,0.0,8.0,5.0,2006.0,2006.0,53.0,1.0,2.0,1.0,2.0,3.0,0.0,24.0,5.0,0.0,1550.0,1574.0,0.0,1574.0,0.0,0.0,1574.0,3.0,1.0,1.0,7.0,0.0,1.0,1.0,2.0,2006.0,1.0,3.0,824.0,2.0,2.0,0.0,144.0,104.0,0.0,0.0,0.0,0.0,4.0,4.0,0.0,7.0,2008.0,232000.0,1.0,0.0,1.0,1.0,0.0,0.0,0.0,0.0,0.8356164383561644,0.8678082191780822,0.8205479452054795,0.36712328767123287,0.7883561643835616,0.0589041095890411,0.01780821917808219,0.9897260273972602,0.7205479452054795,0.7815068493150685,0.9821917808219178,0.3527397260273973,0.3452054794520548,0.44315068493150683,0.9780821917808219,0.914324880054832,0.630891950688905
1004,85.2,11500.0,1.0,0.0,0.0,0.0,5.0,6.0,1976.0,1976.0,164.0,2.0,2.0,2.0,2.0,3.0,5.0,0.0,5.0,0.0,1680.0,1680.0,3.0,1680.0,0.0,0.0,1680.0,4.0,2.0,2.0,8.0,0.0,0.0,5.0,2.0,1976.0,2.0,2.0,528.0,2.0,2.0,0.0,0.0,0.0,0.0,0.0,0.0,0.0,4.0,4.0,0.0,6.0,2007.0,136905.0,1.0,0.0,1.0,1.0,0.0,0.0,0.0,0.0,0.03561643835616438,0.8678082191780822,0.8205479452054795,0.03561643835616438,0.7883561643835616,0.05,0.05547945205479452,0.0006849315068493151,0.18013698630136987,0.7815068493150685,0.9821917808219178,0.3527397260273973,0.3452054794520548,0.43424657534246575,0.9780821917808219,0.914324880054832,0.28063814358230604
1005,43.0,3182.0,0.0,0.0,0.0,0.0,7.0,5.0,2005.0,2006.0,16.0,1.0,2.0,1.0,2.0,3.0,0.0,16.0,5.0,0.0,1330.0,1346.0,0.0,1504.0,0.0,0.0,1504.0,1.0,1.0,1.0,7.0,0.0,1.0,1.0,2.0,2005.0,0.0,2.0,457.0,2.0,2.0,0.0,156.0,0.0,0.0,0.0,0.0,0.0,4.0,4.0,0.0,5.0,2009.0,181000.0,1.0,0.0,1.0,1.0,0.0,0.0,0.0,0.0,0.07808219178082192,0.8678082191780822,0.8205479452054795,0.05958904109589041,0.7883561643835616,0.011643835616438357,0.863013698630137,0.9897260273972602,0.7205479452054795,0.7815068493150685,0.9821917808219178,0.3527397260273973,0.3452054794520548,0.44315068493150683,0.9780821917808219,0.914324880054832,0.630891950688905
1006,65.0,8385.0,0.0,0.0,0.0,7.0,5.0,8.0,1977.0,1977.0,220.0,1.0,2.0,1.0,1.0,1.0,0.0,595.0,5.0,0.0,390.0,985.0,2.0,985.0,0.0,0.0,985.0,3.0,1.0,2.0,6.0,0.0,0.0,5.0,2.0,1977.0,2.0,1.0,328.0,2.0,2.0,0.0,210.0,0.0,0.0,0.0,0.0,0.0,4.0,4.0,0.0,11.0,2008.0,149900.0,1.0,0.0,1.0,1.0,0.0,0.0,0.0,0.0,0.8356164383561644,0.8678082191780822,0.8205479452054795,0.03972602739726028,0.7883561643835616,0.10273972602739725,0.863013698630137,0.9897260273972602,0.7205479452054795,0.7815068493150685,0.9821917808219178,0.15205479452054796,0.14178082191780822,0.43424657534246575,0.9780821917808219,0.914324880054832,0.630891950688905
1007,89.6,12155.0,3.0,0.0,0.0,0.0,6.0,3.0,1970.0,1970.0,0.0,2.0,2.0,1.0,2.0,3.0,4.0,1237.0,5.0,0.0,420.0,1657.0,1.0,1657.0,0.0,0.0,1657.0,3.0,1.0,2.0,7.0,0.0,1.0,2.0,2.5,1970.0,2.0,2.0,484.0,2.0,2.0,0.0,0.0,0.0,0.0,0.0,147.0,0.0,4.0,4.0,0.0,3.0,2007.0,163500.0,1.0,0.0,1.0,0.0,0.0,0.0,0.0,0.0,0.8356164383561644,0.8678082191780822,0.8205479452054795,0.36712328767123287,0.7883561643835616,0.1541095890410959,0.013013698630136987,0.9897260273972602,0.7205479452054795,0.7815068493150685,0.9821917808219178,0.07397260273972603,0.09726027397260274,0.43424657534246575,0.9780821917808219,0.914324880054832,0.630891950688905
1008,21.0,2217.0,0.0,0.0,0.0,3.0,4.0,4.0,1970.0,1970.0,0.0,2.0,2.0,2.0,2.0,3.0,2.0,273.0,4.0,273.0,0.0,546.0,2.0,546.0,546.0,0.0,1092.0,3.0,1.0,2.0,6.0,0.0,0.0,5.0,1.5,1970.0,1.0,1.0,286.0,2.0,2.0,0.0,238.0,0.0,0.0,0.0,0.0,0.0,4.0,4.0,0.0,8.0,2009.0,88000.0,1.0,0.0,1.0,0.0,0.0,0.0,0.0,0.0,0.07808219178082192,0.8678082191780822,0.8205479452054795,0.04315068493150685,0.14931506849315068,0.011643835616438357,0.863013698630137,0.9897260273972602,0.7205479452054795,0.7815068493150685,0.9821917808219178,0.04178082191780822,0.0410958904109589,0.43424657534246575,0.9780821917808219,0.914324880054832,0.630891950688905
1009,43.0,12118.0,1.0,0.0,0.0,0.0,7.0,5.0,2004.0,2005.0,108.0,1.0,2.0,0.0,2.0,2.0,5.0,0.0,5.0,0.0,1710.0,1710.0,0.0,1710.0,0.0,0.0,1710.0,3.0,1.0,1.0,7.0,0.0,1.0,1.0,2.0,2004.0,0.0,2.0,550.0,2.0,2.0,0.0,100.0,48.0,0.0,0.0,180.0,0.0,4.0,4.0,0.0,4.0,2009.0,240000.0,1.0,0.0,1.0,0.0,1.0,0.0,0.0,0.0,0.8356164383561644,0.8678082191780822,0.8205479452054795,0.36712328767123287,0.7883561643835616,0.03356164383561644,0.863013698630137,0.9897260273972602,0.06438356164383562,0.1958904109589041,0.9821917808219178,0.3527397260273973,0.3452054794520548,0.44315068493150683,0.9780821917808219,0.914324880054832,0.630891950688905
1010,60.0,6000.0,0.0,0.0,0.0,1.0,5.0,5.0,1926.0,1950.0,0.0,2.0,3.0,2.0,2.0,3.0,5.0,0.0,5.0,0.0,1008.0,1008.0,0.0,1008.0,0.0,514.0,1522.0,4.0,1.0,2.0,7.0,0.0,0.0,5.0,2.0,1946.4,3.0,0.0,0.0,5.0,5.0,1.0,0.0,0.0,138.0,0.0,0.0,0.0,4.0,4.0,0.0,6.0,2006.0,102000.0,1.0,0.0,1.0,0.0,0.0,0.0,0.0,0.0,0.8356164383561644,0.8678082191780822,0.8205479452054795,0.09863013698630137,0.7883561643835616,0.017123287671232876,0.863013698630137,0.9897260273972602,0.7205479452054795,0.7815068493150685,0.9821917808219178,0.1410958904109589,0.13493150684931507,0.1,0.9780821917808219,0.914324880054832,0.28063814358230604
1011,115.0,21286.0,0.0,0.0,0.0,1.0,5.0,5.0,1948.0,1950.0,0.0,2.0,2.0,2.0,2.0,3.0,5.0,0.0,5.0,0.0,720.0,720.0,2.0,720.0,551.0,0.0,1271.0,4.0,1.0,2.0,7.0,0.0,1.0,1.0,2.0,1948.0,2.0,1.0,312.0,2.0,2.0,0.0,0.0,0.0,108.0,0.0,0.0,0.0,4.0,4.0,0.0,8.0,2008.0,135000.0,1.0,0.0,1.0,0.0,0.0,0.0,0.0,0.0,0.8356164383561644,0.8678082191780822,0.8205479452054795,0.09863013698630137,0.7883561643835616,0.050684931506849315,0.863013698630137,0.9897260273972602,0.7205479452054795,0.7815068493150685,0.9821917808219178,0.1410958904109589,0.13493150684931507,0.43424657534246575,0.9780821917808219,0.914324880054832,0.630891950688905
1012,75.0,9825.0,0.0,0.0,0.0,0.0,5.0,5.0,1965.0,1965.0,0.0,2.0,2.0,5.0,5.0,4.0,6.0,0.0,6.0,0.0,0.0,0.0,2.0,1664.0,0.0,0.0,1664.0,4.0,2.0,2.0,8.0,0.0,0.0,5.0,2.0,1950.8,3.0,0.0,0.0,5.0,5.0,0.0,0.0,0.0,0.0,0.0,0.0,0.0,4.0,4.0,0.0,5.0,2010.0,100000.0,1.0,0.0,0.0,0.0,0.0,0.0,0.0,0.0,0.03561643835616438,0.8678082191780822,0.8205479452054795,0.03561643835616438,0.7883561643835616,0.0684931506849315,0.863013698630137,0.9897260273972602,0.7205479452054795,0.1958904109589041,0.9821917808219178,0.0006849315068493151,0.002054794520547945,0.43424657534246575,0.9780821917808219,0.914324880054832,0.2258158085569253
1013,55.0,10592.0,0.0,0.0,0.0,3.0,6.0,7.0,1923.0,1996.0,0.0,2.0,1.0,2.0,3.0,3.0,5.0,0.0,5.0,0.0,602.0,602.0,2.0,900.0,602.0,0.0,1502.0,3.0,1.0,1.0,7.0,0.0,2.0,2.0,1.5,1923.0,2.0,1.0,180.0,2.0,2.0,0.0,96.0,0.0,112.0,0.0,53.0,0.0,4.0,4.0,0.0,8.0,2007.0,165000.0,1.0,0.0,1.0,0.0,0.0,0.0,0.0,0.0,0.8356164383561644,0.8678082191780822,0.8205479452054795,0.0410958904109589,0.7883561643835616,0.03493150684931507,0.863013698630137,0.9897260273972602,0.7205479452054795,0.1958904109589041,0.9821917808219178,0.1410958904109589,0.13493150684931507,0.44315068493150683,0.9780821917808219,0.914324880054832,0.28063814358230604
1014,60.0,7200.0,0.0,0.0,0.0,0.0,5.0,4.0,1910.0,2006.0,0.0,2.0,2.0,2.0,2.0,3.0,1.0,247.0,3.0,465.0,310.0,1022.0,2.0,1022.0,0.0,0.0,1022.0,2.0,1.0,2.0,4.0,5.0,0.0,5.0,2.0,1956.0,2.0,1.0,280.0,2.0,2.0,0.0,0.0,30.0,226.0,0.0,0.0,0.0,4.0,4.0,0.0,6.0,2009.0,85000.0,1.0,0.0,0.0,0.0,0.0,0.0,0.0,0.0,0.8356164383561644,0.8678082191780822,0.8205479452054795,0.04726027397260274,0.14931506849315068,0.0773972602739726,0.863013698630137,0.9897260273972602,0.7205479452054795,0.1958904109589041,0.9821917808219178,0.1506849315068493,0.01780821917808219,0.1,0.012328767123287671,0.914324880054832,0.28063814358230604
1015,60.0,11664.0,0.0,0.0,0.0,0.0,6.0,5.0,1948.0,1950.0,206.0,2.0,2.0,2.0,3.0,3.0,2.0,336.0,5.0,0.0,746.0,1082.0,2.0,1082.0,0.0,0.0,1082.0,2.0,1.0,2.0,5.0,0.0,1.0,1.0,1.0,1948.0,2.0,1.0,240.0,2.0,2.0,0.0,0.0,130.0,0.0,0.0,0.0,0.0,4.0,4.0,0.0,11.0,2007.0,119200.0,1.0,0.0,1.0,1.0,0.0,0.0,0.0,0.0,0.8356164383561644,0.8678082191780822,0.8205479452054795,0.36712328767123287,0.7883561643835616,0.1541095890410959,0.03287671232876712,0.9897260273972602,0.7205479452054795,0.7815068493150685,0.9821917808219178,0.1506849315068493,0.14657534246575343,0.43424657534246575,0.9780821917808219,0.914324880054832,0.28063814358230604
1016,70.0,8400.0,0.0,0.0,0.0,3.0,8.0,6.0,2001.0,2001.0,0.0,1.0,2.0,1.0,2.0,3.0,0.0,643.0,5.0,0.0,167.0,810.0,0.0,810.0,855.0,0.0,1665.0,3.0,1.0,1.0,6.0,0.0,0.0,5.0,3.5,2001.0,0.0,2.0,528.0,2.0,2.0,0.0,0.0,45.0,0.0,0.0,0.0,0.0,4.0,4.0,0.0,11.0,2009.0,227000.0,1.0,0.0,1.0,0.0,0.0,0.0,0.0,0.0,0.8356164383561644,0.8678082191780822,0.8205479452054795,0.2047945205479452,0.7883561643835616,0.05,0.863013698630137,0.9897260273972602,0.7205479452054795,0.7815068493150685,0.9821917808219178,0.3527397260273973,0.3452054794520548,0.44315068493150683,0.9780821917808219,0.914324880054832,0.630891950688905
1017,73.0,11883.0,0.0,0.0,0.0,0.0,7.0,5.0,1996.0,1996.0,196.0,1.0,2.0,1.0,2.0,0.0,0.0,690.0,5.0,0.0,814.0,1504.0,0.0,1504.0,0.0,0.0,1504.0,3.0,1.0,1.0,6.0,0.0,1.0,2.0,3.0,1996.0,0.0,2.0,478.0,2.0,2.0,0.0,115.0,66.0,0.0,0.0,0.0,0.0,4.0,4.0,0.0,6.0,2009.0,203000.0,1.0,0.0,1.0,1.0,0.0,0.0,0.0,0.0,0.8356164383561644,0.8678082191780822,0.8205479452054795,0.36712328767123287,0.7883561643835616,0.10273972602739725,0.863013698630137,0.9897260273972602,0.7205479452054795,0.1958904109589041,0.9821917808219178,0.3527397260273973,0.3452054794520548,0.44315068493150683,0.9780821917808219,0.914324880054832,0.630891950688905
1018,54.8,5814.0,1.0,0.0,0.0,0.0,8.0,5.0,1984.0,1984.0,0.0,1.0,2.0,1.0,2.0,1.0,0.0,1036.0,5.0,0.0,184.0,1220.0,1.0,1360.0,0.0,0.0,1360.0,1.0,1.0,1.0,4.0,0.0,1.0,0.0,2.0,1984.0,1.0,2.0,565.0,2.0,2.0,0.0,63.0,0.0,0.0,0.0,0.0,0.0,4.0,4.0,0.0,8.0,2009.0,187500.0,1.0,0.0,1.0,0.0,0.0,0.0,0.0,0.0,0.07808219178082192,0.02945205479452055,0.06917808219178082,0.05958904109589041,0.7883561643835616,0.017123287671232876,0.863013698630137,0.9897260273972602,0.06438356164383562,0.7815068493150685,0.9821917808219178,0.15205479452054796,0.14178082191780822,0.43424657534246575,0.9780821917808219,0.914324880054832,0.630891950688905
1019,79.4,10784.0,1.0,0.0,0.0,7.0,7.0,5.0,1991.0,1992.0,76.0,1.0,2.0,1.0,2.0,3.0,5.0,0.0,5.0,0.0,384.0,384.0,1.0,802.0,670.0,0.0,1472.0,3.0,1.0,1.0,7.0,0.0,1.0,2.0,2.5,1991.0,1.0,2.0,402.0,2.0,2.0,0.0,164.0,0.0,0.0,0.0,0.0,0.0,4.0,4.0,0.0,5.0,2007.0,160000.0,1.0,0.0,1.0,1.0,0.0,0.0,0.0,0.0,0.8356164383561644,0.8678082191780822,0.8205479452054795,0.03972602739726028,0.7883561643835616,0.05410958904109589,0.863013698630137,0.9897260273972602,0.03219178082191781,0.7815068493150685,0.9821917808219178,0.15205479452054796,0.14178082191780822,0.44315068493150683,0.9780821917808219,0.914324880054832,0.630891950688905
1020,43.0,3013.0,0.0,0.0,0.0,0.0,7.0,5.0,2005.0,2005.0,145.0,1.0,2.0,1.0,2.0,0.0,0.0,16.0,5.0,0.0,1346.0,1362.0,0.0,1506.0,0.0,0.0,1506.0,2.0,1.0,1.0,6.0,0.0,1.0,1.0,2.0,2005.0,0.0,2.0,440.0,2.0,2.0,0.0,142.0,20.0,0.0,0.0,0.0,0.0,4.0,4.0,0.0,4.0,2006.0,213490.0,1.0,0.0,1.0,1.0,0.0,0.0,0.0,0.0,0.07808219178082192,0.8678082191780822,0.8205479452054795,0.05958904109589041,0.7883561643835616,0.011643835616438357,0.863013698630137,0.9897260273972602,0.7205479452054795,0.7815068493150685,0.9821917808219178,0.3527397260273973,0.3452054794520548,0.44315068493150683,0.9780821917808219,0.914324880054832,0.630891950688905
1021,60.0,7024.0,0.0,0.0,0.0,0.0,4.0,5.0,2005.0,2005.0,0.0,2.0,2.0,1.0,2.0,3.0,0.0,1024.0,5.0,0.0,108.0,1132.0,0.0,1132.0,0.0,0.0,1132.0,2.0,1.0,1.0,5.0,0.0,0.0,5.0,2.5,2005.0,0.0,2.0,451.0,2.0,2.0,0.0,252.0,64.0,0.0,0.0,0.0,0.0,4.0,4.0,0.0,6.0,2008.0,176000.0,1.0,0.0,1.0,0.0,0.0,0.0,0.0,0.0,0.8356164383561644,0.8678082191780822,0.8205479452054795,0.36712328767123287,0.7883561643835616,0.0684931506849315,0.863013698630137,0.9897260273972602,0.7205479452054795,0.7815068493150685,0.9821917808219178,0.3527397260273973,0.3452054794520548,0.44315068493150683,0.9780821917808219,0.914324880054832,0.630891950688905
1022,64.0,7406.0,0.0,0.0,0.0,0.0,7.0,5.0,2006.0,2006.0,84.0,1.0,2.0,1.0,2.0,1.0,0.0,684.0,5.0,0.0,515.0,1199.0,0.0,1220.0,0.0,0.0,1220.0,2.0,1.0,1.0,6.0,0.0,0.0,5.0,3.0,2006.0,1.0,2.0,632.0,2.0,2.0,0.0,105.0,54.0,0.0,0.0,0.0,0.0,4.0,4.0,0.0,7.0,2006.0,194000.0,1.0,0.0,1.0,0.0,1.0,0.0,0.0,0.0,0.8356164383561644,0.08356164383561644,0.08561643835616438,0.36712328767123287,0.7883561643835616,0.10273972602739725,0.863013698630137,0.9897260273972602,0.7205479452054795,0.7815068493150685,0.9821917808219178,0.3527397260273973,0.3452054794520548,0.44315068493150683,0.9780821917808219,0.914324880054832,0.630891950688905
1023,52.0,9439.0,0.0,0.0,0.0,1.0,5.0,5.0,1930.0,1950.0,0.0,2.0,2.0,2.0,2.0,3.0,4.0,324.0,5.0,0.0,588.0,912.0,1.0,912.0,336.0,0.0,1248.0,2.0,1.0,2.0,6.0,0.0,0.0,5.0,1.0,1957.0,2.0,1.0,160.0,3.0,3.0,0.0,0.0,0.0,192.0,0.0,0.0,0.0,4.0,4.0,0.0,3.0,2007.0,87000.0,1.0,0.0,1.0,0.0,0.0,0.0,0.0,0.0,0.8356164383561644,0.8678082191780822,0.8205479452054795,0.09863013698630137,0.14931506849315068,0.0773972602739726,0.863013698630137,0.9897260273972602,0.7205479452054795,0.7815068493150685,0.9821917808219178,0.1410958904109589,0.13493150684931507,0.43424657534246575,0.9780821917808219,0.06442769019876628,0.28063814358230604
1024,43.0,3182.0,0.0,0.0,0.0,0.0,7.0,5.0,2005.0,2006.0,14.0,1.0,2.0,1.0,1.0,3.0,0.0,16.0,5.0,0.0,1330.0,1346.0,0.0,1504.0,0.0,0.0,1504.0,2.0,1.0,1.0,7.0,0.0,1.0,1.0,2.0,2005.0,0.0,2.0,437.0,2.0,2.0,0.0,156.0,20.0,0.0,0.0,0.0,0.0,4.0,4.0,0.0,5.0,2008.0,191000.0,1.0,0.0,1.0,1.0,0.0,0.0,0.0,0.0,0.07808219178082192,0.8678082191780822,0.8205479452054795,0.05958904109589041,0.7883561643835616,0.011643835616438357,0.863013698630137,0.9897260273972602,0.7205479452054795,0.7815068493150685,0.9821917808219178,0.3527397260273973,0.3452054794520548,0.44315068493150683,0.9780821917808219,0.914324880054832,0.630891950688905
1025,85.0,15498.0,1.0,0.0,0.0,0.0,8.0,6.0,1976.0,1976.0,0.0,1.0,2.0,1.0,2.0,1.0,1.0,1165.0,4.0,400.0,0.0,1565.0,2.0,2898.0,0.0,0.0,2898.0,2.0,1.0,1.0,10.0,0.0,1.0,1.0,3.0,1976.0,0.0,2.0,665.0,2.0,2.0,0.0,0.0,72.0,174.0,0.0,0.0,0.0,4.0,4.0,0.0,5.0,2008.0,287000.0,1.0,0.0,1.0,0.0,0.0,0.0,0.0,0.0,0.8356164383561644,0.02945205479452055,0.06917808219178082,0.36712328767123287,0.7883561643835616,0.026027397260273973,0.863013698630137,0.9897260273972602,0.18013698630136987,0.1958904109589041,0.003424657534246575,0.0013698630136986301,0.14178082191780822,0.43424657534246575,0.9780821917808219,0.914324880054832,0.630891950688905
1026,70.0,7700.0,0.0,0.0,0.0,0.0,5.0,5.0,1972.0,1972.0,0.0,2.0,2.0,2.0,2.0,3.0,4.0,138.0,3.0,468.0,276.0,882.0,2.0,882.0,0.0,0.0,882.0,3.0,1.0,2.0,5.0,0.0,0.0,5.0,2.0,1980.0,2.0,2.0,461.0,2.0,2.0,0.0,96.0,0.0,0.0,0.0,0.0,0.0,4.0,1.0,0.0,3.0,2007.0,112500.0,1.0,0.0,1.0,0.0,0.0,0.0,0.0,0.0,0.8356164383561644,0.8678082191780822,0.8205479452054795,0.36712328767123287,0.7883561643835616,0.10273972602739725,0.863013698630137,0.9897260273972602,0.18013698630136987,0.7815068493150685,0.9821917808219178,0.3527397260273973,0.3452054794520548,0.43424657534246575,0.9780821917808219,0.914324880054832,0.28063814358230604
1027,73.0,9300.0,0.0,0.0,0.0,0.0,5.0,5.0,1960.0,1960.0,324.0,2.0,2.0,2.0,2.0,3.0,3.0,697.0,5.0,0.0,571.0,1268.0,2.0,1264.0,0.0,0.0,1264.0,3.0,1.0,2.0,6.0,0.0,2.0,1.0,2.0,1960.0,2.0,2.0,461.0,2.0,2.0,0.0,0.0,0.0,0.0,0.0,143.0,0.0,4.0,4.0,0.0,4.0,2010.0,167500.0,1.0,0.0,1.0,1.0,0.0,0.0,0.0,0.0,0.8356164383561644,0.8678082191780822,0.8205479452054795,0.36712328767123287,0.7883561643835616,0.1541095890410959,0.05547945205479452,0.9897260273972602,0.7205479452054795,0.7815068493150685,0.9821917808219178,0.1506849315068493,0.14178082191780822,0.43424657534246575,0.9780821917808219,0.914324880054832,0.630891950688905
1028,71.0,9520.0,1.0,2.0,0.0,0.0,8.0,5.0,2007.0,2008.0,338.0,1.0,2.0,1.0,2.0,0.0,0.0,1513.0,5.0,0.0,125.0,1638.0,0.0,1646.0,0.0,0.0,1646.0,3.0,1.0,1.0,7.0,0.0,1.0,1.0,3.0,2008.0,1.0,3.0,800.0,2.0,2.0,0.0,192.0,44.0,0.0,0.0,0.0,0.0,4.0,4.0,0.0,4.0,2008.0,293077.0,1.0,0.0,1.0,0.0,1.0,0.0,0.0,0.0,0.8356164383561644,0.08356164383561644,0.08561643835616438,0.36712328767123287,0.7883561643835616,0.026027397260273973,0.863013698630137,0.9897260273972602,0.7205479452054795,0.7815068493150685,0.9821917808219178,0.3527397260273973,0.3452054794520548,0.44315068493150683,0.9780821917808219,0.914324880054832,0.630891950688905
1029,79.0,9492.0,0.0,0.0,0.0,1.0,5.0,5.0,1941.0,1950.0,0.0,2.0,2.0,2.0,2.0,3.0,3.0,368.0,2.0,41.0,359.0,768.0,2.0,968.0,408.0,0.0,1376.0,3.0,1.0,2.0,6.0,0.0,1.0,1.0,2.0,1941.0,2.0,1.0,240.0,2.0,2.0,0.0,0.0,0.0,0.0,0.0,0.0,0.0,4.0,4.0,0.0,4.0,2007.0,105000.0,1.0,0.0,1.0,0.0,0.0,0.0,0.0,0.0,0.8356164383561644,0.8678082191780822,0.8205479452054795,0.09863013698630137,0.7883561643835616,0.1541095890410959,0.03287671232876712,0.9897260273972602,0.7205479452054795,0.7815068493150685,0.9821917808219178,0.01780821917808219,0.026027397260273973,0.43424657534246575,0.9780821917808219,0.914324880054832,0.630891950688905
1030,21.0,1680.0,0.0,0.0,0.0,3.0,6.0,7.0,1972.0,1972.0,281.0,2.0,2.0,2.0,2.0,3.0,2.0,317.0,5.0,0.0,355.0,672.0,1.0,672.0,546.0,0.0,1218.0,3.0,1.0,2.0,7.0,0.0,0.0,5.0,2.0,1972.0,2.0,1.0,264.0,2.0,2.0,0.0,0.0,28.0,0.0,0.0,0.0,0.0,4.0,4.0,0.0,5.0,2006.0,118000.0,1.0,0.0,1.0,1.0,0.0,0.0,0.0,0.0,0.02945205479452055,0.8678082191780822,0.8205479452054795,0.04315068493150685,0.14931506849315068,0.010958904109589041,0.863013698630137,0.9897260273972602,0.7205479452054795,0.7815068493150685,0.9821917808219178,0.15205479452054796,0.14178082191780822,0.43424657534246575,0.9780821917808219,0.914324880054832,0.28063814358230604
1031,73.6,7082.0,0.0,0.0,0.0,3.0,5.0,8.0,1916.0,1995.0,0.0,2.0,2.0,2.0,2.0,2.0,5.0,0.0,5.0,0.0,686.0,686.0,1.0,948.0,980.0,0.0,1928.0,5.0,2.0,2.0,10.0,0.0,0.0,5.0,2.0,1966.8,3.0,0.0,0.0,5.0,5.0,2.0,0.0,0.0,228.0,0.0,0.0,0.0,4.0,4.0,0.0,7.0,2006.0,160000.0,1.0,0.0,1.0,0.0,0.0,0.0,0.0,0.0,0.021232876712328767,0.8678082191780822,0.8205479452054795,0.02054794520547945,0.010958904109589041,0.017123287671232876,0.863013698630137,0.9897260273972602,0.7205479452054795,0.7815068493150685,0.9821917808219178,0.3527397260273973,0.3452054794520548,0.44315068493150683,0.9780821917808219,0.914324880054832,0.5608411892675853
1032,102.0,15863.0,0.0,0.0,0.0,4.0,7.0,3.0,1920.0,1970.0,0.0,2.0,2.0,2.0,2.0,3.0,0.0,523.0,5.0,0.0,301.0,824.0,0.0,1687.0,998.0,397.0,3082.0,5.0,1.0,2.0,12.0,0.0,2.0,2.0,3.5,1970.0,0.0,2.0,672.0,2.0,2.0,0.0,136.0,63.0,0.0,0.0,0.0,0.0,4.0,4.0,0.0,8.0,2009.0,197000.0,1.0,0.0,1.0,0.0,0.0,0.0,0.0,0.0,0.8356164383561644,0.8678082191780822,0.8205479452054795,0.010958904109589041,0.7883561643835616,0.017123287671232876,0.863013698630137,0.9897260273972602,0.18013698630136987,0.7815068493150685,0.9821917808219178,0.1410958904109589,0.09726027397260274,0.1,0.9780821917808219,0.914324880054832,0.013778100072516316
1033,92.2,14541.0,1.0,0.0,0.0,3.0,8.0,7.0,1993.0,1993.0,0.0,1.0,1.0,1.0,1.0,3.0,0.0,1012.0,5.0,0.0,326.0,1338.0,0.0,1352.0,1168.0,0.0,2520.0,5.0,1.0,1.0,10.0,0.0,1.0,2.0,3.5,1993.0,1.0,3.0,796.0,2.0,2.0,0.0,209.0,55.0,0.0,0.0,0.0,0.0,4.0,4.0,0.0,11.0,2006.0,310000.0,1.0,0.0,1.0,0.0,0.0,0.0,0.0,0.0,0.8356164383561644,0.8678082191780822,0.06917808219178082,0.2047945205479452,0.7883561643835616,0.028082191780821917,0.863013698630137,0.9897260273972602,0.18013698630136987,0.7815068493150685,0.9821917808219178,0.1506849315068493,0.14657534246575343,0.44315068493150683,0.9780821917808219,0.914324880054832,0.630891950688905
1034,71.8,8125.0,0.0,0.0,0.0,0.0,7.0,5.0,2002.0,2002.0,295.0,1.0,2.0,1.0,2.0,3.0,0.0,986.0,5.0,0.0,668.0,1654.0,0.0,1654.0,0.0,0.0,1654.0,3.0,1.0,1.0,6.0,0.0,0.0,5.0,3.0,2002.0,2.0,3.0,900.0,2.0,2.0,0.0,0.0,136.0,0.0,0.0,0.0,0.0,4.0,4.0,0.0,2.0,2006.0,230000.0,1.0,0.0,1.0,0.0,1.0,0.0,0.0,0.0,0.8356164383561644,0.8678082191780822,0.8205479452054795,0.36712328767123287,0.7883561643835616,0.10273972602739725,0.863013698630137,0.9897260273972602,0.7205479452054795,0.7815068493150685,0.9821917808219178,0.3527397260273973,0.3452054794520548,0.44315068493150683,0.9780821917808219,0.914324880054832,0.630891950688905
1035,50.0,6305.0,0.0,1.0,0.0,0.0,5.0,7.0,1938.0,1950.0,0.0,2.0,1.0,3.0,3.0,3.0,5.0,0.0,5.0,0.0,920.0,920.0,0.0,954.0,0.0,0.0,954.0,2.0,1.0,3.0,5.0,0.0,1.0,1.0,1.0,1938.0,2.0,1.0,240.0,3.0,2.0,0.0,0.0,0.0,0.0,0.0,0.0,0.0,4.0,1.0,0.0,6.0,2007.0,119750.0,1.0,0.0,1.0,0.0,0.0,0.0,0.0,0.0,0.8356164383561644,0.8678082191780822,0.8205479452054795,0.04726027397260274,0.7883561643835616,0.03493150684931507,0.863013698630137,0.9897260273972602,0.7205479452054795,0.7815068493150685,0.9821917808219178,0.1506849315068493,0.14657534246575343,0.44315068493150683,0.9780821917808219,0.914324880054832,0.013778100072516316
1036,74.2,11500.0,1.0,0.0,0.0,0.0,4.0,3.0,1957.0,1957.0,0.0,2.0,1.0,5.0,5.0,4.0,6.0,0.0,6.0,0.0,0.0,0.0,0.0,845.0,0.0,0.0,845.0,3.0,1.0,2.0,5.0,0.0,0.0,5.0,1.0,1957.0,2.0,1.0,290.0,2.0,2.0,2.0,186.0,0.0,0.0,0.0,0.0,0.0,4.0,4.0,0.0,1.0,2009.0,84000.0,1.0,0.0,0.0,0.0,0.0,0.0,0.0,0.0,0.8356164383561644,0.8678082191780822,0.8205479452054795,0.36712328767123287,0.7883561643835616,0.0684931506849315,0.863013698630137,0.9897260273972602,0.06438356164383562,0.7815068493150685,0.9821917808219178,0.1410958904109589,0.13493150684931507,0.01643835616438356,0.9780821917808219,0.914324880054832,0.28063814358230604
1037,89.0,12898.0,1.0,2.0,0.0,0.0,9.0,5.0,2007.0,2008.0,70.0,1.0,2.0,0.0,2.0,0.0,0.0,1022.0,5.0,0.0,598.0,1620.0,0.0,1620.0,0.0,0.0,1620.0,2.0,1.0,0.0,6.0,0.0,1.0,0.0,3.0,2008.0,0.0,3.0,912.0,2.0,2.0,0.0,228.0,0.0,0.0,0.0,0.0,0.0,4.0,4.0,0.0,9.0,2009.0,315500.0,1.0,0.0,1.0,0.0,1.0,0.0,0.0,0.0,0.8356164383561644,0.8678082191780822,0.8205479452054795,0.36712328767123287,0.7883561643835616,0.026027397260273973,0.863013698630137,0.9897260273972602,0.7205479452054795,0.1958904109589041,0.9821917808219178,0.3527397260273973,0.3452054794520548,0.44315068493150683,0.9780821917808219,0.914324880054832,0.630891950688905
1038,86.0,9240.0,0.0,0.0,0.0,3.0,8.0,5.0,2001.0,2002.0,396.0,1.0,2.0,1.0,2.0,3.0,5.0,0.0,5.0,0.0,1055.0,1055.0,0.0,1055.0,1208.0,0.0,2263.0,3.0,1.0,1.0,7.0,0.0,1.0,2.0,2.5,2001.0,0.0,2.0,905.0,2.0,2.0,0.0,0.0,45.0,0.0,0.0,189.0,0.0,4.0,4.0,0.0,9.0,2008.0,287000.0,1.0,0.0,1.0,1.0,0.0,0.0,0.0,0.0,0.8356164383561644,0.8678082191780822,0.8205479452054795,0.2047945205479452,0.7883561643835616,0.10273972602739725,0.863013698630137,0.9897260273972602,0.7205479452054795,0.7815068493150685,0.9821917808219178,0.3527397260273973,0.3452054794520548,0.44315068493150683,0.9780821917808219,0.914324880054832,0.06381435823060189
1039,21.0,1533.0,0.0,0.0,0.0,3.0,4.0,6.0,1970.0,2008.0,0.0,2.0,2.0,2.0,2.0,3.0,5.0,0.0,5.0,0.0,546.0,546.0,2.0,798.0,546.0,0.0,1344.0,3.0,1.0,2.0,6.0,0.0,1.0,2.0,1.5,1958.0,3.0,0.0,0.0,5.0,5.0,0.0,0.0,0.0,0.0,0.0,0.0,0.0,4.0,4.0,0.0,5.0,2009.0,97000.0,1.0,0.0,1.0,0.0,0.0,0.0,0.0,0.0,0.02945205479452055,0.8678082191780822,0.8205479452054795,0.04315068493150685,0.14931506849315068,0.011643835616438357,0.863013698630137,0.9897260273972602,0.7205479452054795,0.7815068493150685,0.9821917808219178,0.04178082191780822,0.0410958904109589,0.43424657534246575,0.9780821917808219,0.914324880054832,0.3506889050036258
1040,21.0,1477.0,0.0,0.0,0.0,6.0,4.0,4.0,1970.0,1970.0,0.0,2.0,2.0,1.0,2.0,1.0,0.0,509.0,5.0,0.0,121.0,630.0,2.0,630.0,0.0,0.0,630.0,1.0,1.0,2.0,3.0,0.0,0.0,5.0,2.0,1970.0,2.0,1.0,286.0,2.0,2.0,0.0,0.0,0.0,0.0,0.0,0.0,0.0,4.0,4.0,0.0,4.0,2009.0,80000.0,1.0,0.0,1.0,0.0,0.0,0.0,0.0,0.0,0.07808219178082192,0.8678082191780822,0.8205479452054795,0.00684931506849315,0.14931506849315068,0.011643835616438357,0.863013698630137,0.9897260273972602,0.7205479452054795,0.7815068493150685,0.9821917808219178,0.04178082191780822,0.0410958904109589,0.43424657534246575,0.9780821917808219,0.914324880054832,0.630891950688905
1041,88.0,13125.0,0.0,0.0,0.0,0.0,5.0,4.0,1957.0,2000.0,67.0,2.0,2.0,2.0,2.0,3.0,3.0,168.0,2.0,682.0,284.0,1134.0,0.0,1803.0,0.0,0.0,1803.0,3.0,1.0,2.0,8.0,4.0,1.0,2.0,3.0,1957.0,1.0,2.0,484.0,2.0,2.0,0.0,0.0,0.0,0.0,0.0,0.0,0.0,4.0,0.0,0.0,1.0,2006.0,155000.0,1.0,0.0,1.0,0.0,0.0,0.0,0.0,0.0,0.8356164383561644,0.8678082191780822,0.8205479452054795,0.36712328767123287,0.7883561643835616,0.050684931506849315,0.863013698630137,0.9897260273972602,0.18013698630136987,0.7815068493150685,0.9821917808219178,0.1410958904109589,0.13493150684931507,0.43424657534246575,0.9780821917808219,0.914324880054832,0.630891950688905
1042,64.0,9130.0,0.0,0.0,0.0,3.0,6.0,8.0,1966.0,2000.0,252.0,2.0,2.0,2.0,2.0,3.0,0.0,400.0,3.0,64.0,336.0,800.0,1.0,800.0,832.0,0.0,1632.0,4.0,1.0,1.0,7.0,0.0,0.0,5.0,2.0,1966.0,2.0,2.0,484.0,2.0,2.0,0.0,0.0,40.0,0.0,0.0,0.0,0.0,4.0,4.0,0.0,7.0,2008.0,173000.0,1.0,0.0,1.0,1.0,0.0,0.0,0.0,0.0,0.8356164383561644,0.8678082191780822,0.8205479452054795,0.2047945205479452,0.7883561643835616,0.05,0.05547945205479452,0.9897260273972602,0.7205479452054795,0.1958904109589041,0.9821917808219178,0.15205479452054796,0.14178082191780822,0.43424657534246575,0.9780821917808219,0.914324880054832,0.630891950688905
1043,34.0,5381.0,1.0,0.0,0.0,0.0,6.0,5.0,2005.0,2005.0,135.0,1.0,2.0,1.0,2.0,1.0,1.0,900.0,5.0,0.0,406.0,1306.0,0.0,1306.0,0.0,0.0,1306.0,1.0,1.0,1.0,5.0,0.0,1.0,1.0,3.0,2005.0,1.0,2.0,624.0,2.0,2.0,0.0,170.0,63.0,0.0,0.0,0.0,0.0,4.0,4.0,0.0,8.0,2009.0,196000.0,1.0,0.0,1.0,0.0,1.0,0.0,0.0,0.0,0.02945205479452055,0.8678082191780822,0.8205479452054795,0.05958904109589041,0.7883561643835616,0.05273972602739726,0.863013698630137,0.9897260273972602,0.7205479452054795,0.7815068493150685,0.9821917808219178,0.3527397260273973,0.3452054794520548,0.44315068493150683,0.9780821917808219,0.914324880054832,0.630891950688905
1044,86.0,11839.0,0.0,0.0,0.0,3.0,7.0,5.0,1990.0,1990.0,99.0,2.0,2.0,1.0,2.0,3.0,0.0,1085.0,5.0,0.0,390.0,1475.0,0.0,1532.0,797.0,0.0,2329.0,4.0,1.0,1.0,10.0,0.0,1.0,0.0,3.5,1990.0,2.0,2.0,514.0,2.0,2.0,0.0,192.0,121.0,0.0,0.0,0.0,0.0,4.0,4.0,0.0,5.0,2008.0,262280.0,1.0,0.0,1.0,1.0,0.0,0.0,0.0,0.0,0.8356164383561644,0.8678082191780822,0.8205479452054795,0.2047945205479452,0.7883561643835616,0.04041095890410959,0.863013698630137,0.9897260273972602,0.7205479452054795,0.1958904109589041,0.9821917808219178,0.15205479452054796,0.14178082191780822,0.44315068493150683,0.9780821917808219,0.914324880054832,0.630891950688905
1045,80.0,9600.0,0.0,0.0,0.0,0.0,8.0,5.0,1981.0,1981.0,0.0,1.0,2.0,1.0,2.0,3.0,1.0,1104.0,5.0,0.0,1420.0,2524.0,2.0,2524.0,0.0,0.0,2524.0,4.0,1.0,1.0,9.0,0.0,1.0,1.0,3.5,1981.0,0.0,2.0,542.0,2.0,2.0,0.0,474.0,120.0,0.0,0.0,0.0,0.0,4.0,1.0,0.0,7.0,2009.0,278000.0,1.0,0.0,1.0,0.0,0.0,0.0,0.0,0.0,0.8356164383561644,0.8678082191780822,0.8205479452054795,0.36712328767123287,0.7883561643835616,0.05,0.013013698630136987,0.9897260273972602,0.7205479452054795,0.1958904109589041,0.00410958904109589,0.03424657534246575,0.017123287671232876,0.44315068493150683,0.9780821917808219,0.914324880054832,0.630891950688905
1046,77.0,13680.0,1.0,0.0,0.0,0.0,3.0,5.0,1955.0,1955.0,0.0,2.0,2.0,5.0,5.0,4.0,6.0,0.0,6.0,0.0,0.0,0.0,0.0,1733.0,0.0,0.0,1733.0,4.0,1.0,2.0,8.0,2.0,1.0,1.0,2.0,1955.0,2.0,2.0,452.0,2.0,2.0,0.0,0.0,0.0,0.0,0.0,0.0,0.0,4.0,4.0,0.0,6.0,2009.0,139600.0,1.0,0.0,1.0,0.0,0.0,0.0,0.0,0.0,0.8356164383561644,0.8678082191780822,0.8205479452054795,0.36712328767123287,0.7883561643835616,0.0684931506849315,0.863013698630137,0.9897260273972602,0.06438356164383562,0.1958904109589041,0.9821917808219178,0.03424657534246575,0.13493150684931507,0.01643835616438356,0.9780821917808219,0.06442769019876628,0.630891950688905
1047,85.0,16056.0,1.0,0.0,0.0,3.0,9.0,5.0,2005.0,2006.0,208.0,1.0,2.0,0.0,2.0,1.0,0.0,240.0,5.0,0.0,1752.0,1992.0,0.0,1992.0,876.0,0.0,2868.0,4.0,1.0,0.0,11.0,0.0,1.0,1.0,3.5,2005.0,0.0,3.0,716.0,2.0,2.0,0.0,214.0,108.0,0.0,0.0,0.0,0.0,4.0,4.0,0.0,7.0,2006.0,556581.0,1.0,0.0,1.0,0.0,1.0,0.0,0.0,0.0,0.8356164383561644,0.08356164383561644,0.08561643835616438,0.2047945205479452,0.7883561643835616,0.017123287671232876,0.863013698630137,0.9897260273972602,0.7205479452054795,0.1958904109589041,0.9821917808219178,0.04178082191780822,0.0410958904109589,0.44315068493150683,0.9780821917808219,0.914324880054832,0.06381435823060189
1048,57.0,9245.0,2.0,0.0,0.0,0.0,5.0,5.0,1994.0,1995.0,0.0,2.0,2.0,1.0,2.0,3.0,0.0,686.0,5.0,0.0,304.0,990.0,0.0,990.0,0.0,0.0,990.0,3.0,1.0,2.0,5.0,0.0,0.0,5.0,1.5,1996.0,2.0,2.0,672.0,2.0,2.0,0.0,0.0,0.0,0.0,0.0,0.0,0.0,4.0,4.0,0.0,2.0,2008.0,145000.0,1.0,0.0,1.0,0.0,0.0,0.0,0.0,0.0,0.8356164383561644,0.8678082191780822,0.8205479452054795,0.36712328767123287,0.7883561643835616,0.10273972602739725,0.863013698630137,0.9897260273972602,0.7205479452054795,0.7815068493150685,0.9821917808219178,0.3527397260273973,0.3452054794520548,0.44315068493150683,0.9780821917808219,0.914324880054832,0.28063814358230604
1049,100.0,21750.0,0.0,0.0,0.0,0.0,5.0,4.0,1960.0,2006.0,75.0,2.0,3.0,5.0,5.0,4.0,6.0,0.0,6.0,0.0,0.0,0.0,2.0,1771.0,0.0,0.0,1771.0,3.0,1.0,2.0,9.0,1.0,1.0,2.0,1.0,1960.0,2.0,2.0,336.0,2.0,2.0,0.0,0.0,0.0,0.0,0.0,0.0,0.0,4.0,0.0,0.0,11.0,2009.0,115000.0,1.0,0.0,1.0,1.0,0.0,0.0,0.0,0.0,0.8356164383561644,0.8678082191780822,0.8205479452054795,0.36712328767123287,0.7883561643835616,0.03356164383561644,0.863013698630137,0.9897260273972602,0.7205479452054795,0.1958904109589041,0.9821917808219178,0.15205479452054796,0.14178082191780822,0.01643835616438356,0.9780821917808219,0.914324880054832,0.630891950688905
1050,60.0,11100.0,0.0,3.0,0.0,0.0,4.0,7.0,1946.0,2006.0,0.0,2.0,2.0,5.0,5.0,4.0,6.0,0.0,6.0,0.0,0.0,0.0,0.0,930.0,0.0,0.0,930.0,2.0,1.0,1.0,6.0,0.0,0.0,5.0,1.0,1946.0,2.0,1.0,308.0,2.0,2.0,0.0,0.0,0.0,0.0,0.0,0.0,0.0,4.0,4.0,0.0,4.0,2010.0,84900.0,1.0,0.0,1.0,0.0,0.0,0.0,0.0,0.0,0.8356164383561644,0.8678082191780822,0.06917808219178082,0.36712328767123287,0.7883561643835616,0.0684931506849315,0.863013698630137,0.9897260273972602,0.7205479452054795,0.7815068493150685,0.9821917808219178,0.1506849315068493,0.14657534246575343,0.43424657534246575,0.9780821917808219,0.914324880054832,0.28063814358230604
1051,73.0,8993.0,1.0,0.0,0.0,0.0,7.0,5.0,2007.0,2007.0,0.0,1.0,2.0,1.0,2.0,1.0,5.0,0.0,5.0,0.0,1302.0,1302.0,0.0,1302.0,0.0,0.0,1302.0,3.0,1.0,1.0,6.0,0.0,0.0,5.0,2.0,2007.0,0.0,2.0,436.0,2.0,2.0,0.0,0.0,22.0,0.0,0.0,0.0,0.0,4.0,4.0,0.0,8.0,2007.0,176485.0,1.0,0.0,1.0,0.0,0.0,0.0,0.0,0.0,0.8356164383561644,0.08356164383561644,0.08561643835616438,0.36712328767123287,0.7883561643835616,0.05410958904109589,0.863013698630137,0.9897260273972602,0.7205479452054795,0.7815068493150685,0.9821917808219178,0.3527397260273973,0.3452054794520548,0.44315068493150683,0.9780821917808219,0.914324880054832,0.630891950688905
1052,103.0,11175.0,1.0,0.0,0.0,0.0,7.0,5.0,2007.0,2007.0,0.0,1.0,2.0,1.0,2.0,1.0,5.0,0.0,5.0,0.0,1316.0,1316.0,0.0,1316.0,0.0,0.0,1316.0,3.0,1.0,1.0,6.0,0.0,1.0,1.0,2.0,2007.0,0.0,2.0,440.0,2.0,2.0,0.0,0.0,20.0,0.0,0.0,0.0,0.0,4.0,4.0,0.0,10.0,2007.0,200141.0,1.0,0.0,1.0,0.0,0.0,0.0,0.0,0.0,0.8356164383561644,0.08356164383561644,0.08561643835616438,0.36712328767123287,0.7883561643835616,0.10273972602739725,0.863013698630137,0.9897260273972602,0.18013698630136987,0.7815068493150685,0.9821917808219178,0.3527397260273973,0.3452054794520548,0.44315068493150683,0.9780821917808219,0.914324880054832,0.630891950688905
1053,100.0,9500.0,0.0,0.0,0.0,3.0,6.0,6.0,1964.0,1978.0,272.0,2.0,2.0,2.0,2.0,3.0,3.0,442.0,5.0,0.0,374.0,816.0,2.0,1127.0,850.0,0.0,1977.0,4.0,1.0,2.0,9.0,0.0,1.0,2.0,2.0,1964.0,1.0,2.0,540.0,2.0,2.0,0.0,0.0,52.0,0.0,0.0,0.0,0.0,4.0,0.0,0.0,6.0,2007.0,165000.0,1.0,0.0,1.0,0.0,0.0,0.0,0.0,0.0,0.8356164383561644,0.8678082191780822,0.8205479452054795,0.2047945205479452,0.7883561643835616,0.1541095890410959,0.03287671232876712,0.9897260273972602,0.18013698630136987,0.7815068493150685,0.9821917808219178,0.3527397260273973,0.3452054794520548,0.43424657534246575,0.9780821917808219,0.914324880054832,0.630891950688905
1054,68.0,8562.0,0.0,0.0,1.0,0.0,5.0,6.0,1957.0,2002.0,145.0,2.0,2.0,2.0,2.0,1.0,3.0,383.0,5.0,0.0,833.0,1216.0,0.0,1526.0,0.0,0.0,1526.0,4.0,1.0,2.0,7.0,2.0,1.0,1.0,1.0,1957.0,2.0,1.0,364.0,2.0,2.0,0.0,116.0,78.0,0.0,0.0,0.0,0.0,4.0,4.0,0.0,5.0,2010.0,144500.0,1.0,0.0,1.0,0.0,1.0,0.0,0.0,0.0,0.8356164383561644,0.8678082191780822,0.8205479452054795,0.36712328767123287,0.7883561643835616,0.0684931506849315,0.863013698630137,0.9897260273972602,0.7205479452054795,0.1958904109589041,0.9821917808219178,0.15205479452054796,0.14178082191780822,0.43424657534246575,0.9780821917808219,0.06442769019876628,0.013778100072516316
1055,90.0,11367.0,0.0,0.0,0.0,3.0,8.0,5.0,2002.0,2002.0,210.0,1.0,2.0,1.0,2.0,2.0,0.0,932.0,5.0,0.0,133.0,1065.0,0.0,1091.0,898.0,0.0,1989.0,3.0,1.0,1.0,7.0,0.0,1.0,1.0,3.5,2002.0,0.0,2.0,586.0,2.0,2.0,0.0,199.0,60.0,0.0,0.0,0.0,0.0,4.0,4.0,0.0,11.0,2006.0,255000.0,1.0,0.0,1.0,1.0,0.0,0.0,0.0,0.0,0.8356164383561644,0.8678082191780822,0.8205479452054795,0.2047945205479452,0.7883561643835616,0.10273972602739725,0.863013698630137,0.9897260273972602,0.18013698630136987,0.7815068493150685,0.9821917808219178,0.3527397260273973,0.3452054794520548,0.44315068493150683,0.9780821917808219,0.914324880054832,0.630891950688905
1056,104.0,11361.0,0.0,0.0,0.0,0.0,6.0,5.0,1976.0,1976.0,160.0,2.0,2.0,1.0,2.0,3.0,1.0,644.0,5.0,0.0,549.0,1193.0,2.0,1523.0,0.0,0.0,1523.0,3.0,1.0,2.0,7.0,0.0,1.0,2.0,2.5,1976.0,0.0,2.0,478.0,2.0,2.0,0.0,0.0,0.0,0.0,0.0,189.0,0.0,4.0,1.0,0.0,5.0,2008.0,180000.0,1.0,0.0,1.0,1.0,0.0,0.0,0.0,0.0,0.8356164383561644,0.02945205479452055,0.06917808219178082,0.36712328767123287,0.7883561643835616,0.05,0.863013698630137,0.9897260273972602,0.7205479452054795,0.7815068493150685,0.9821917808219178,0.07397260273972603,0.09726027397260274,0.43424657534246575,0.9780821917808219,0.914324880054832,0.630891950688905
1057,43.0,7052.0,1.0,0.0,0.0,0.0,7.0,5.0,2005.0,2005.0,240.0,1.0,2.0,1.0,2.0,1.0,0.0,659.0,5.0,0.0,705.0,1364.0,0.0,1364.0,0.0,0.0,1364.0,2.0,1.0,1.0,6.0,0.0,1.0,1.0,3.0,2005.0,1.0,2.0,484.0,2.0,2.0,0.0,192.0,36.0,0.0,0.0,0.0,0.0,4.0,4.0,0.0,6.0,2006.0,185850.0,1.0,0.0,1.0,0.0,1.0,0.0,0.0,0.0,0.07808219178082192,0.8678082191780822,0.8205479452054795,0.05958904109589041,0.7883561643835616,0.05273972602739726,0.863013698630137,0.9897260273972602,0.7205479452054795,0.7815068493150685,0.9821917808219178,0.3527397260273973,0.3452054794520548,0.44315068493150683,0.9780821917808219,0.914324880054832,0.630891950688905
1058,145.2,29959.0,2.0,0.0,0.0,3.0,7.0,6.0,1994.0,1994.0,0.0,1.0,2.0,1.0,2.0,3.0,0.0,595.0,5.0,0.0,378.0,973.0,0.0,979.0,871.0,0.0,1850.0,3.0,1.0,1.0,7.0,0.0,1.0,1.0,2.5,1994.0,0.0,2.0,467.0,2.0,2.0,0.0,168.0,98.0,0.0,0.0,0.0,0.0,4.0,4.0,0.0,1.0,2009.0,248000.0,1.0,0.0,1.0,0.0,0.0,0.0,0.0,0.0,0.8356164383561644,0.8678082191780822,0.8205479452054795,0.2047945205479452,0.7883561643835616,0.028082191780821917,0.863013698630137,0.9897260273972602,0.03219178082191781,0.7815068493150685,0.9821917808219178,0.15205479452054796,0.14178082191780822,0.44315068493150683,0.9780821917808219,0.914324880054832,0.06381435823060189
1059,96.0,11308.0,1.0,0.0,0.0,3.0,9.0,5.0,2008.0,2008.0,154.0,0.0,2.0,0.0,2.0,1.0,0.0,936.0,5.0,0.0,168.0,1104.0,0.0,1130.0,1054.0,0.0,2184.0,3.0,1.0,0.0,10.0,0.0,1.0,1.0,3.5,2008.0,0.0,3.0,836.0,2.0,2.0,0.0,0.0,102.0,0.0,0.0,0.0,0.0,4.0,4.0,0.0,7.0,2009.0,335000.0,1.0,0.0,1.0,0.0,1.0,0.0,0.0,0.0,0.8356164383561644,0.8678082191780822,0.8205479452054795,0.2047945205479452,0.7883561643835616,0.05273972602739726,0.863013698630137,0.9897260273972602,0.7205479452054795,0.7815068493150685,0.9821917808219178,0.3527397260273973,0.3452054794520548,0.44315068493150683,0.9780821917808219,0.914324880054832,0.630891950688905
1060,85.6,11275.0,1.0,2.0,1.0,1.0,6.0,7.0,1932.0,1950.0,480.0,2.0,2.0,2.0,2.0,2.0,3.0,297.0,4.0,557.0,0.0,854.0,2.0,1096.0,895.0,0.0,1991.0,3.0,1.0,2.0,7.0,0.0,1.0,1.0,1.5,1977.0,2.0,2.0,432.0,2.0,3.0,0.0,0.0,0.0,19.0,0.0,0.0,0.0,4.0,4.0,0.0,3.0,2007.0,220000.0,1.0,0.0,1.0,1.0,0.0,0.0,0.0,0.0,0.8356164383561644,0.8678082191780822,0.8205479452054795,0.09863013698630137,0.7883561643835616,0.03493150684931507,0.863013698630137,0.9897260273972602,0.18013698630136987,0.7815068493150685,0.9821917808219178,0.1506849315068493,0.14657534246575343,0.43424657534246575,0.9780821917808219,0.914324880054832,0.28063814358230604
1061,41.0,4920.0,0.0,0.0,0.0,0.0,8.0,5.0,2001.0,2001.0,0.0,1.0,2.0,1.0,2.0,2.0,0.0,616.0,5.0,0.0,722.0,1338.0,0.0,1338.0,0.0,0.0,1338.0,2.0,1.0,1.0,6.0,0.0,0.0,5.0,3.0,2001.0,0.0,2.0,582.0,2.0,2.0,0.0,0.0,0.0,170.0,0.0,0.0,0.0,4.0,4.0,0.0,4.0,2010.0,213500.0,1.0,0.0,1.0,0.0,0.0,0.0,0.0,0.0,0.07808219178082192,0.8678082191780822,0.8205479452054795,0.05958904109589041,0.7883561643835616,0.017123287671232876,0.863013698630137,0.9897260273972602,0.7205479452054795,0.7815068493150685,0.9821917808219178,0.04178082191780822,0.0410958904109589,0.44315068493150683,0.9780821917808219,0.914324880054832,0.630891950688905
1062,120.0,18000.0,0.0,3.0,0.0,0.0,3.0,4.0,1935.0,1950.0,0.0,3.0,2.0,2.0,2.0,3.0,5.0,0.0,5.0,0.0,894.0,894.0,2.0,894.0,0.0,0.0,894.0,2.0,1.0,2.0,6.0,0.0,0.0,5.0,1.0,1994.0,1.0,3.0,1248.0,2.0,2.0,0.0,0.0,20.0,0.0,0.0,0.0,0.0,4.0,4.0,560.0,8.0,2008.0,81000.0,0.0,0.0,1.0,0.0,0.0,0.0,1.0,0.0,0.8356164383561644,0.0061643835616438354,0.8205479452054795,0.04726027397260274,0.00684931506849315,0.025342465753424658,0.863013698630137,0.9897260273972602,0.7205479452054795,0.7815068493150685,0.9821917808219178,0.1506849315068493,0.14657534246575343,0.43424657534246575,0.9780821917808219,0.914324880054832,0.28063814358230604
1063,85.0,13600.0,0.0,0.0,0.0,3.0,5.0,5.0,1900.0,1950.0,0.0,2.0,2.0,2.0,2.0,3.0,5.0,0.0,5.0,0.0,662.0,662.0,2.0,1422.0,915.0,0.0,2337.0,5.0,2.0,2.0,10.0,2.0,0.0,5.0,2.0,1945.0,2.0,2.0,560.0,2.0,2.0,0.0,0.0,57.0,0.0,0.0,0.0,0.0,4.0,4.0,0.0,9.0,2007.0,90000.0,1.0,0.0,0.0,0.0,0.0,0.0,0.0,0.0,0.021232876712328767,0.8678082191780822,0.8205479452054795,0.02054794520547945,0.14931506849315068,0.0773972602739726,0.863013698630137,0.9897260273972602,0.7205479452054795,0.7815068493150685,0.9821917808219178,0.1410958904109589,0.13493150684931507,0.1,0.9780821917808219,0.914324880054832,0.28063814358230604
1064,50.0,6000.0,0.0,0.0,0.0,0.0,6.0,6.0,1925.0,1980.0,0.0,2.0,1.0,2.0,2.0,3.0,2.0,397.0,5.0,0.0,706.0,1103.0,1.0,1103.0,0.0,0.0,1103.0,2.0,1.0,1.0,5.0,0.0,1.0,1.0,1.0,1976.0,2.0,2.0,440.0,2.0,2.0,0.0,166.0,120.0,0.0,0.0,0.0,0.0,4.0,1.0,0.0,7.0,2006.0,110500.0,1.0,0.0,1.0,0.0,0.0,0.0,0.0,0.0,0.8356164383561644,0.8678082191780822,0.8205479452054795,0.04726027397260274,0.14931506849315068,0.0773972602739726,0.03287671232876712,0.9897260273972602,0.7205479452054795,0.7815068493150685,0.9821917808219178,0.1506849315068493,0.14657534246575343,0.1,0.9780821917808219,0.914324880054832,0.28063814358230604
1065,80.2,11000.0,1.0,0.0,0.0,0.0,5.0,6.0,1966.0,1966.0,200.0,2.0,2.0,2.0,2.0,2.0,2.0,740.0,3.0,230.0,184.0,1154.0,0.0,1154.0,0.0,0.0,1154.0,3.0,1.0,2.0,6.0,0.0,1.0,4.0,1.5,1966.0,1.0,2.0,480.0,2.0,2.0,0.0,0.0,58.0,0.0,0.0,0.0,0.0,4.0,1.0,0.0,11.0,2009.0,154000.0,1.0,0.0,1.0,1.0,0.0,0.0,0.0,0.0,0.8356164383561644,0.8678082191780822,0.8205479452054795,0.36712328767123287,0.7883561643835616,0.1541095890410959,0.863013698630137,0.9897260273972602,0.06438356164383562,0.7815068493150685,0.9821917808219178,0.07397260273972603,0.09726027397260274,0.43424657534246575,0.9780821917808219,0.914324880054832,0.630891950688905
1066,80.0,14000.0,0.0,0.0,1.0,3.0,7.0,5.0,1996.0,1997.0,0.0,1.0,2.0,0.0,2.0,0.0,0.0,1201.0,5.0,0.0,105.0,1306.0,0.0,1306.0,954.0,0.0,2260.0,3.0,1.0,1.0,7.0,0.0,0.0,5.0,3.5,1996.0,1.0,2.0,533.0,2.0,2.0,0.0,296.0,44.0,0.0,0.0,0.0,0.0,4.0,4.0,0.0,4.0,2010.0,328000.0,1.0,0.0,1.0,0.0,0.0,0.0,0.0,0.0,0.8356164383561644,0.8678082191780822,0.8205479452054795,0.2047945205479452,0.7883561643835616,0.019178082191780823,0.863013698630137,0.9897260273972602,0.7205479452054795,0.7815068493150685,0.9821917808219178,0.1410958904109589,0.13493150684931507,0.44315068493150683,0.9780821917808219,0.914324880054832,0.630891950688905
1067,59.0,7837.0,1.0,0.0,0.0,3.0,6.0,7.0,1993.0,1994.0,0.0,1.0,2.0,1.0,2.0,3.0,5.0,0.0,5.0,0.0,799.0,799.0,1.0,799.0,772.0,0.0,1571.0,3.0,1.0,2.0,7.0,0.0,1.0,2.0,2.5,1993.0,1.0,2.0,380.0,2.0,2.0,0.0,0.0,40.0,0.0,0.0,0.0,0.0,4.0,4.0,0.0,5.0,2009.0,178000.0,1.0,0.0,1.0,0.0,0.0,0.0,0.0,0.0,0.8356164383561644,0.8678082191780822,0.8205479452054795,0.2047945205479452,0.7883561643835616,0.05410958904109589,0.863013698630137,0.9897260273972602,0.7205479452054795,0.7815068493150685,0.9821917808219178,0.3527397260273973,0.3452054794520548,0.44315068493150683,0.9780821917808219,0.914324880054832,0.630891950688905
1068,80.0,9760.0,0.0,0.0,1.0,3.0,6.0,6.0,1964.0,1964.0,360.0,2.0,2.0,2.0,2.0,0.0,0.0,674.0,4.0,106.0,0.0,780.0,2.0,798.0,813.0,0.0,1611.0,4.0,1.0,2.0,7.0,0.0,0.0,5.0,2.5,1964.0,1.0,2.0,442.0,2.0,2.0,0.0,328.0,128.0,0.0,0.0,189.0,0.0,4.0,4.0,0.0,6.0,2008.0,167900.0,1.0,0.0,1.0,1.0,0.0,0.0,0.0,0.0,0.8356164383561644,0.8678082191780822,0.8205479452054795,0.2047945205479452,0.7883561643835616,0.1541095890410959,0.863013698630137,0.9897260273972602,0.7205479452054795,0.7815068493150685,0.9821917808219178,0.15205479452054796,0.14178082191780822,0.43424657534246575,0.9780821917808219,0.914324880054832,0.630891950688905
1069,42.0,3964.0,0.0,0.0,0.0,3.0,6.0,4.0,1973.0,1973.0,0.0,2.0,2.0,1.0,2.0,3.0,1.0,837.0,5.0,0.0,105.0,942.0,1.0,1291.0,1230.0,0.0,2521.0,5.0,1.0,2.0,10.0,4.0,1.0,1.0,3.5,1973.0,0.0,2.0,576.0,2.0,2.0,0.0,728.0,20.0,0.0,0.0,0.0,0.0,4.0,0.0,0.0,6.0,2006.0,151400.0,1.0,0.0,1.0,0.0,0.0,0.0,0.0,0.0,0.07808219178082192,0.8678082191780822,0.8205479452054795,0.04315068493150685,0.14931506849315068,0.011643835616438357,0.863013698630137,0.9897260273972602,0.7205479452054795,0.7815068493150685,0.9821917808219178,0.04178082191780822,0.0410958904109589,0.43424657534246575,0.9780821917808219,0.914324880054832,0.630891950688905
1070,60.0,9600.0,0.0,0.0,0.0,2.0,5.0,7.0,1949.0,2003.0,0.0,2.0,2.0,2.0,2.0,3.0,1.0,220.0,5.0,0.0,625.0,845.0,2.0,893.0,0.0,0.0,893.0,2.0,1.0,1.0,4.0,0.0,0.0,5.0,1.5,1985.0,2.0,2.0,576.0,2.0,2.0,0.0,0.0,0.0,0.0,0.0,0.0,0.0,4.0,4.0,0.0,5.0,2007.0,135000.0,1.0,0.0,1.0,0.0,0.0,0.0,0.0,0.0,0.8356164383561644,0.8678082191780822,0.8205479452054795,0.00821917808219178,0.7883561643835616,0.1541095890410959,0.863013698630137,0.9897260273972602,0.7205479452054795,0.7815068493150685,0.9821917808219178,0.1506849315068493,0.14657534246575343,0.43424657534246575,0.9780821917808219,0.914324880054832,0.28063814358230604
1071,72.0,10152.0,0.0,0.0,0.0,0.0,5.0,5.0,1956.0,1956.0,120.0,2.0,2.0,2.0,2.0,3.0,2.0,586.0,5.0,0.0,462.0,1048.0,2.0,1048.0,0.0,0.0,1048.0,3.0,1.0,2.0,6.0,0.0,0.0,5.0,2.0,1956.0,2.0,1.0,286.0,2.0,2.0,0.0,0.0,20.0,0.0,0.0,192.0,0.0,4.0,4.0,0.0,6.0,2007.0,135000.0,1.0,0.0,1.0,1.0,0.0,0.0,0.0,0.0,0.8356164383561644,0.8678082191780822,0.8205479452054795,0.36712328767123287,0.7883561643835616,0.1541095890410959,0.863013698630137,0.9897260273972602,0.7205479452054795,0.1958904109589041,0.9821917808219178,0.1506849315068493,0.14657534246575343,0.43424657534246575,0.9780821917808219,0.914324880054832,0.630891950688905
1072,78.0,11700.0,0.0,0.0,0.0,3.0,6.0,6.0,1968.0,1968.0,0.0,2.0,2.0,2.0,2.0,3.0,3.0,298.0,5.0,0.0,429.0,727.0,0.0,829.0,727.0,0.0,1556.0,4.0,1.0,2.0,8.0,0.0,0.0,5.0,1.5,1968.0,2.0,2.0,441.0,2.0,2.0,0.0,0.0,0.0,0.0,0.0,0.0,0.0,4.0,4.0,0.0,5.0,2009.0,154000.0,1.0,0.0,1.0,0.0,0.0,0.0,0.0,0.0,0.8356164383561644,0.8678082191780822,0.8205479452054795,0.2047945205479452,0.7883561643835616,0.05,0.01780821917808219,0.9897260273972602,0.7205479452054795,0.7815068493150685,0.9821917808219178,0.1506849315068493,0.14657534246575343,0.43424657534246575,0.9780821917808219,0.914324880054832,0.630891950688905
1073,50.0,7585.0,0.0,0.0,0.0,1.0,5.0,3.0,1948.0,1950.0,0.0,2.0,2.0,3.0,3.0,2.0,5.0,0.0,5.0,0.0,810.0,810.0,3.0,1002.0,454.0,0.0,1456.0,4.0,1.0,2.0,7.0,0.0,1.0,2.0,2.5,1954.0,2.0,1.0,280.0,2.0,2.0,1.0,0.0,0.0,0.0,0.0,0.0,0.0,4.0,4.0,0.0,8.0,2006.0,91500.0,1.0,0.0,1.0,0.0,0.0,0.0,0.0,0.0,0.8356164383561644,0.8678082191780822,0.8205479452054795,0.09863013698630137,0.7883561643835616,0.0684931506849315,0.03287671232876712,0.9897260273972602,0.7205479452054795,0.7815068493150685,0.9821917808219178,0.1506849315068493,0.14657534246575343,0.43424657534246575,0.9780821917808219,0.06442769019876628,0.28063814358230604
1074,75.0,7950.0,1.0,1.0,0.0,3.0,6.0,6.0,1977.0,1977.0,140.0,2.0,2.0,2.0,2.0,3.0,2.0,535.0,5.0,0.0,155.0,690.0,2.0,698.0,728.0,0.0,1426.0,3.0,1.0,2.0,6.0,0.0,0.0,5.0,1.5,1977.0,0.0,2.0,440.0,2.0,2.0,0.0,252.0,0.0,0.0,0.0,0.0,0.0,4.0,1.0,0.0,7.0,2009.0,159500.0,1.0,0.0,1.0,1.0,0.0,0.0,0.0,0.0,0.8356164383561644,0.8678082191780822,0.8205479452054795,0.2047945205479452,0.7883561643835616,0.0684931506849315,0.863013698630137,0.9897260273972602,0.18013698630136987,0.1958904109589041,0.9821917808219178,0.15205479452054796,0.09726027397260274,0.43424657534246575,0.9780821917808219,0.914324880054832,0.630891950688905
1075,74.0,8556.0,0.0,0.0,0.0,0.0,7.0,5.0,2006.0,2006.0,0.0,1.0,2.0,1.0,2.0,1.0,5.0,0.0,5.0,0.0,1240.0,1240.0,0.0,1240.0,0.0,0.0,1240.0,2.0,1.0,1.0,5.0,0.0,0.0,5.0,2.0,2006.0,1.0,3.0,826.0,2.0,2.0,0.0,140.0,93.0,0.0,0.0,0.0,0.0,4.0,4.0,0.0,5.0,2007.0,194000.0,1.0,0.0,1.0,0.0,0.0,0.0,0.0,0.0,0.8356164383561644,0.8678082191780822,0.8205479452054795,0.36712328767123287,0.7883561643835616,0.10273972602739725,0.863013698630137,0.9897260273972602,0.7205479452054795,0.7815068493150685,0.9821917808219178,0.3527397260273973,0.3452054794520548,0.44315068493150683,0.9780821917808219,0.914324880054832,0.630891950688905
1076,75.0,13125.0,0.0,0.0,0.0,3.0,7.0,6.0,1940.0,1984.0,0.0,2.0,2.0,2.0,2.0,3.0,2.0,410.0,5.0,0.0,390.0,800.0,2.0,960.0,780.0,0.0,1740.0,3.0,1.0,2.0,6.0,0.0,2.0,1.0,1.5,1940.0,2.0,1.0,240.0,2.0,2.0,0.0,0.0,0.0,0.0,0.0,0.0,0.0,4.0,4.0,0.0,7.0,2007.0,219500.0,1.0,0.0,1.0,0.0,0.0,0.0,0.0,0.0,0.8356164383561644,0.0027397260273972603,0.8205479452054795,0.0410958904109589,0.7883561643835616,0.03493150684931507,0.863013698630137,0.9897260273972602,0.7205479452054795,0.7815068493150685,0.9821917808219178,0.1410958904109589,0.13493150684931507,0.43424657534246575,0.9780821917808219,0.914324880054832,0.630891950688905
1077,60.0,10800.0,0.0,0.0,0.0,1.0,5.0,8.0,1936.0,1989.0,0.0,2.0,2.0,3.0,2.0,3.0,1.0,626.0,5.0,0.0,170.0,796.0,1.0,1096.0,370.0,0.0,1466.0,3.0,1.0,1.0,7.0,1.0,1.0,2.0,2.5,1950.0,2.0,2.0,566.0,2.0,2.0,0.0,436.0,21.0,0.0,0.0,0.0,0.0,4.0,4.0,500.0,4.0,2006.0,170000.0,1.0,0.0,1.0,0.0,0.0,0.0,1.0,0.0,0.8356164383561644,0.8678082191780822,0.8205479452054795,0.09863013698630137,0.7883561643835616,0.0773972602739726,0.863013698630137,0.9897260273972602,0.7205479452054795,0.7815068493150685,0.9821917808219178,0.1410958904109589,0.13493150684931507,0.43424657534246575,0.9780821917808219,0.914324880054832,0.630891950688905
1078,89.8,15870.0,1.0,0.0,0.0,0.0,5.0,5.0,1969.0,1969.0,0.0,2.0,2.0,2.0,2.0,2.0,2.0,75.0,3.0,791.0,230.0,1096.0,0.0,1096.0,0.0,0.0,1096.0,3.0,1.0,2.0,6.0,0.0,0.0,5.0,2.0,1969.0,0.0,1.0,299.0,2.0,2.0,0.0,240.0,32.0,0.0,0.0,0.0,0.0,4.0,4.0,0.0,3.0,2006.0,138800.0,1.0,0.0,1.0,0.0,0.0,0.0,0.0,0.0,0.8356164383561644,0.8678082191780822,0.06917808219178082,0.36712328767123287,0.7883561643835616,0.1541095890410959,0.863013698630137,0.9897260273972602,0.18013698630136987,0.7815068493150685,0.9821917808219178,0.3527397260273973,0.09726027397260274,0.43424657534246575,0.9780821917808219,0.914324880054832,0.630891950688905
1079,37.0,4435.0,0.0,0.0,0.0,0.0,6.0,5.0,2004.0,2004.0,169.0,1.0,2.0,1.0,2.0,2.0,0.0,662.0,5.0,0.0,186.0,848.0,0.0,848.0,0.0,0.0,848.0,1.0,1.0,1.0,3.0,0.0,1.0,1.0,2.0,2004.0,1.0,2.0,420.0,2.0,2.0,0.0,140.0,0.0,0.0,0.0,0.0,0.0,4.0,4.0,0.0,5.0,2006.0,155900.0,1.0,0.0,1.0,1.0,0.0,0.0,0.0,0.0,0.07808219178082192,0.8678082191780822,0.8205479452054795,0.05958904109589041,0.14931506849315068,0.10273972602739725,0.863013698630137,0.9897260273972602,0.7205479452054795,0.7815068493150685,0.9821917808219178,0.3527397260273973,0.3452054794520548,0.44315068493150683,0.9780821917808219,0.914324880054832,0.630891950688905
1080,65.0,8775.0,0.0,0.0,0.0,0.0,5.0,5.0,1994.0,1994.0,0.0,2.0,2.0,1.0,2.0,3.0,0.0,495.0,5.0,0.0,495.0,990.0,1.0,990.0,0.0,0.0,990.0,3.0,1.0,2.0,5.0,0.0,0.0,5.0,1.0,1996.0,2.0,1.0,299.0,2.0,2.0,0.0,0.0,64.0,0.0,0.0,0.0,0.0,4.0,4.0,0.0,4.0,2007.0,126000.0,1.0,0.0,1.0,0.0,0.0,0.0,0.0,0.0,0.8356164383561644,0.8678082191780822,0.8205479452054795,0.36712328767123287,0.7883561643835616,0.10273972602739725,0.863013698630137,0.9897260273972602,0.7205479452054795,0.7815068493150685,0.9821917808219178,0.3527397260273973,0.3452054794520548,0.44315068493150683,0.9780821917808219,0.914324880054832,0.630891950688905
1081,80.0,11040.0,0.0,0.0,0.0,0.0,6.0,7.0,1971.0,2004.0,144.0,1.0,1.0,2.0,2.0,3.0,1.0,656.0,5.0,0.0,602.0,1258.0,0.0,1258.0,0.0,0.0,1258.0,3.0,1.0,1.0,5.0,0.0,0.0,5.0,2.5,1971.0,1.0,2.0,528.0,2.0,2.0,0.0,55.0,0.0,0.0,216.0,0.0,0.0,4.0,4.0,0.0,10.0,2008.0,145000.0,1.0,0.0,1.0,1.0,0.0,0.0,0.0,0.0,0.8356164383561644,0.02945205479452055,0.06917808219178082,0.36712328767123287,0.7883561643835616,0.05,0.863013698630137,0.9897260273972602,0.7205479452054795,0.7815068493150685,0.9821917808219178,0.3527397260273973,0.3452054794520548,0.43424657534246575,0.9780821917808219,0.914324880054832,0.630891950688905
1082,75.0,7500.0,0.0,0.0,0.0,0.0,5.0,5.0,1963.0,1963.0,0.0,2.0,2.0,2.0,2.0,3.0,1.0,824.0,5.0,0.0,216.0,1040.0,3.0,1040.0,0.0,0.0,1040.0,3.0,1.0,2.0,5.0,0.0,0.0,5.0,2.5,1963.0,0.0,1.0,308.0,2.0,2.0,0.0,0.0,0.0,220.0,0.0,0.0,0.0,4.0,1.0,0.0,6.0,2010.0,133000.0,1.0,0.0,1.0,0.0,0.0,0.0,0.0,0.0,0.8356164383561644,0.8678082191780822,0.8205479452054795,0.36712328767123287,0.7883561643835616,0.050684931506849315,0.05547945205479452,0.9897260273972602,0.18013698630136987,0.7815068493150685,0.9821917808219178,0.15205479452054796,0.14178082191780822,0.43424657534246575,0.9780821917808219,0.914324880054832,0.630891950688905
1083,70.0,8749.0,0.0,0.0,0.0,0.0,7.0,5.0,2002.0,2002.0,100.0,1.0,2.0,1.0,2.0,3.0,5.0,0.0,5.0,0.0,1459.0,1459.0,0.0,1459.0,0.0,0.0,1459.0,3.0,1.0,1.0,6.0,0.0,1.0,1.0,2.0,2002.0,1.0,2.0,527.0,2.0,2.0,0.0,192.0,39.0,0.0,0.0,0.0,0.0,4.0,4.0,0.0,9.0,2007.0,192000.0,1.0,0.0,1.0,1.0,0.0,0.0,0.0,0.0,0.8356164383561644,0.8678082191780822,0.8205479452054795,0.36712328767123287,0.7883561643835616,0.10273972602739725,0.863013698630137,0.9897260273972602,0.7205479452054795,0.7815068493150685,0.9821917808219178,0.3527397260273973,0.3452054794520548,0.44315068493150683,0.9780821917808219,0.914324880054832,0.630891950688905
1084,80.0,8800.0,0.0,0.0,0.0,0.0,6.0,6.0,1964.0,1964.0,425.0,2.0,2.0,2.0,2.0,3.0,2.0,553.0,5.0,0.0,698.0,1251.0,2.0,1251.0,0.0,0.0,1251.0,3.0,1.0,2.0,6.0,0.0,2.0,1.0,2.0,1964.0,1.0,1.0,461.0,2.0,2.0,0.0,0.0,116.0,0.0,0.0,0.0,0.0,4.0,1.0,700.0,3.0,2006.0,160000.0,1.0,0.0,1.0,1.0,0.0,0.0,1.0,0.0,0.8356164383561644,0.8678082191780822,0.8205479452054795,0.36712328767123287,0.7883561643835616,0.1541095890410959,0.863013698630137,0.9897260273972602,0.7205479452054795,0.1958904109589041,0.9821917808219178,0.15205479452054796,0.14178082191780822,0.43424657534246575,0.9780821917808219,0.914324880054832,0.630891950688905
1085,74.6,13031.0,2.0,0.0,0.0,3.0,6.0,5.0,1995.0,1996.0,0.0,2.0,2.0,1.0,2.0,3.0,1.0,592.0,5.0,0.0,99.0,691.0,1.0,691.0,807.0,0.0,1498.0,3.0,1.0,2.0,6.0,0.0,1.0,2.0,2.5,1995.0,0.0,2.0,409.0,2.0,2.0,0.0,315.0,44.0,0.0,0.0,0.0,0.0,4.0,4.0,0.0,7.0,2006.0,187500.0,1.0,0.0,1.0,0.0,0.0,0.0,0.0,0.0,0.8356164383561644,0.8678082191780822,0.8205479452054795,0.2047945205479452,0.7883561643835616,0.05410958904109589,0.863013698630137,0.9897260273972602,0.18013698630136987,0.7815068493150685,0.9821917808219178,0.15205479452054796,0.14178082191780822,0.44315068493150683,0.9780821917808219,0.914324880054832,0.630891950688905
1086,73.0,9069.0,0.0,0.0,0.0,6.0,6.0,6.0,1992.0,1992.0,0.0,2.0,2.0,1.0,2.0,1.0,0.0,747.0,5.0,0.0,189.0,936.0,0.0,996.0,0.0,0.0,996.0,2.0,1.0,1.0,5.0,0.0,0.0,5.0,2.0,1992.0,2.0,2.0,564.0,2.0,2.0,0.0,120.0,0.0,0.0,0.0,0.0,0.0,4.0,4.0,0.0,4.0,2010.0,147000.0,1.0,0.0,1.0,0.0,0.0,0.0,0.0,0.0,0.8356164383561644,0.8678082191780822,0.8205479452054795,0.0136986301369863,0.7883561643835616,0.04041095890410959,0.863013698630137,0.9897260273972602,0.7205479452054795,0.7815068493150685,0.9821917808219178,0.15205479452054796,0.14178082191780822,0.44315068493150683,0.9780821917808219,0.914324880054832,0.630891950688905
1087,24.0,1974.0,0.0,0.0,0.0,3.0,4.0,5.0,1973.0,1973.0,0.0,2.0,2.0,2.0,2.0,3.0,2.0,334.0,5.0,0.0,212.0,546.0,2.0,546.0,546.0,0.0,1092.0,3.0,1.0,2.0,6.0,0.0,0.0,5.0,1.5,1973.0,1.0,1.0,286.0,2.0,2.0,0.0,120.0,96.0,0.0,0.0,0.0,0.0,4.0,4.0,0.0,5.0,2010.0,83500.0,1.0,0.0,1.0,0.0,0.0,0.0,0.0,0.0,0.07808219178082192,0.8678082191780822,0.8205479452054795,0.04315068493150685,0.14931506849315068,0.011643835616438357,0.863013698630137,0.9897260273972602,0.7205479452054795,0.7815068493150685,0.9821917808219178,0.04178082191780822,0.0410958904109589,0.43424657534246575,0.9780821917808219,0.914324880054832,0.630891950688905
1088,85.0,10574.0,0.0,0.0,0.0,3.0,8.0,5.0,2005.0,2006.0,0.0,1.0,2.0,1.0,2.0,2.0,5.0,0.0,5.0,0.0,1082.0,1082.0,0.0,1082.0,871.0,0.0,1953.0,3.0,1.0,1.0,9.0,0.0,1.0,1.0,2.5,2005.0,1.0,3.0,1043.0,2.0,2.0,0.0,160.0,50.0,0.0,0.0,0.0,0.0,4.0,4.0,0.0,5.0,2009.0,252000.0,1.0,0.0,1.0,0.0,0.0,0.0,0.0,0.0,0.8356164383561644,0.8678082191780822,0.8205479452054795,0.2047945205479452,0.04452054794520548,0.0589041095890411,0.863013698630137,0.9897260273972602,0.7205479452054795,0.7815068493150685,0.9821917808219178,0.3527397260273973,0.3452054794520548,0.44315068493150683,0.9780821917808219,0.914324880054832,0.630891950688905
1089,24.0,2522.0,0.0,0.0,0.0,3.0,7.0,5.0,2004.0,2004.0,50.0,1.0,2.0,1.0,2.0,3.0,5.0,0.0,5.0,0.0,970.0,970.0,0.0,970.0,739.0,0.0,1709.0,3.0,1.0,1.0,7.0,4.0,0.0,5.0,2.0,2004.0,2.0,2.0,380.0,2.0,2.0,0.0,0.0,40.0,0.0,0.0,0.0,0.0,4.0,4.0,0.0,4.0,2006.0,137500.0,1.0,0.0,1.0,0.0,1.0,0.0,0.0,0.0,0.02945205479452055,0.8678082191780822,0.8205479452054795,0.04315068493150685,0.14931506849315068,0.0684931506849315,0.863013698630137,0.9897260273972602,0.7205479452054795,0.7815068493150685,0.9821917808219178,0.3527397260273973,0.3452054794520548,0.44315068493150683,0.9780821917808219,0.914324880054832,0.28063814358230604
1090,37.0,3316.0,1.0,0.0,0.0,0.0,8.0,5.0,2005.0,2005.0,0.0,1.0,2.0,1.0,2.0,3.0,0.0,1039.0,5.0,0.0,208.0,1247.0,0.0,1247.0,0.0,0.0,1247.0,1.0,1.0,1.0,4.0,0.0,1.0,1.0,2.5,2005.0,0.0,2.0,550.0,2.0,2.0,0.0,0.0,84.0,0.0,0.0,0.0,0.0,4.0,4.0,0.0,4.0,2006.0,197000.0,1.0,1.0,1.0,0.0,0.0,0.0,0.0,0.0,0.07808219178082192,0.8678082191780822,0.8205479452054795,0.05958904109589041,0.04452054794520548,0.0589041095890411,0.863013698630137,0.9897260273972602,0.7205479452054795,0.7815068493150685,0.9821917808219178,0.1506849315068493,0.14657534246575343,0.44315068493150683,0.9780821917808219,0.914324880054832,0.630891950688905
1091,60.0,8544.0,0.0,0.0,0.0,0.0,3.0,4.0,1950.0,1950.0,0.0,2.0,2.0,5.0,5.0,4.0,6.0,0.0,6.0,0.0,0.0,0.0,3.0,1040.0,0.0,0.0,1040.0,2.0,2.0,2.0,6.0,0.0,0.0,5.0,2.0,1987.0,2.0,2.0,400.0,2.0,2.0,0.0,0.0,0.0,0.0,0.0,0.0,0.0,4.0,4.0,0.0,6.0,2009.0,92900.0,1.0,0.0,0.0,0.0,0.0,0.0,0.0,0.0,0.03561643835616438,0.8678082191780822,0.8205479452054795,0.03561643835616438,0.7883561643835616,0.1541095890410959,0.863013698630137,0.9897260273972602,0.18013698630136987,0.7815068493150685,0.9821917808219178,0.03424657534246575,0.017123287671232876,0.01643835616438356,0.0027397260273972603,0.06442769019876628,0.28063814358230604
1092,24.0,2160.0,0.0,0.0,0.0,3.0,7.0,5.0,1999.0,2000.0,212.0,1.0,2.0,1.0,2.0,3.0,2.0,510.0,5.0,0.0,90.0,600.0,0.0,624.0,628.0,0.0,1252.0,2.0,1.0,1.0,4.0,0.0,0.0,5.0,3.5,1999.0,2.0,2.0,462.0,2.0,2.0,0.0,0.0,48.0,0.0,0.0,0.0,0.0,4.0,4.0,0.0,3.0,2008.0,160000.0,1.0,1.0,1.0,1.0,0.0,0.0,0.0,0.0,0.02945205479452055,0.8678082191780822,0.8205479452054795,0.04315068493150685,0.04452054794520548,0.0589041095890411,0.863013698630137,0.9897260273972602,0.7205479452054795,0.7815068493150685,0.9821917808219178,0.1506849315068493,0.14657534246575343,0.44315068493150683,0.9780821917808219,0.914324880054832,0.28063814358230604
1093,60.0,8400.0,0.0,1.0,0.0,1.0,6.0,5.0,1925.0,1950.0,0.0,2.0,2.0,2.0,2.0,3.0,3.0,423.0,5.0,0.0,758.0,1181.0,3.0,1390.0,304.0,0.0,1694.0,4.0,1.0,2.0,7.0,0.0,1.0,1.0,2.0,1925.0,2.0,2.0,576.0,2.0,2.0,0.0,342.0,0.0,128.0,0.0,0.0,0.0,4.0,4.0,0.0,6.0,2008.0,136500.0,1.0,0.0,1.0,0.0,0.0,0.0,0.0,0.0,0.8356164383561644,0.8678082191780822,0.8205479452054795,0.09863013698630137,0.7883561643835616,0.017123287671232876,0.863013698630137,0.9897260273972602,0.7205479452054795,0.7815068493150685,0.9821917808219178,0.1506849315068493,0.14657534246575343,0.44315068493150683,0.9780821917808219,0.914324880054832,0.28063814358230604
1094,71.0,9230.0,0.0,0.0,0.0,0.0,5.0,8.0,1965.0,1998.0,166.0,2.0,2.0,2.0,2.0,2.0,0.0,661.0,5.0,0.0,203.0,864.0,1.0,1200.0,0.0,0.0,1200.0,1.0,1.0,1.0,6.0,0.0,0.0,5.0,2.5,1977.0,2.0,2.0,884.0,2.0,2.0,0.0,0.0,64.0,0.0,0.0,0.0,0.0,4.0,1.0,0.0,10.0,2006.0,146000.0,1.0,0.0,1.0,1.0,0.0,0.0,0.0,0.0,0.8356164383561644,0.8678082191780822,0.8205479452054795,0.36712328767123287,0.7883561643835616,0.1541095890410959,0.05547945205479452,0.9897260273972602,0.18013698630136987,0.1958904109589041,0.9821917808219178,0.1506849315068493,0.14657534246575343,0.43424657534246575,0.9780821917808219,0.914324880054832,0.28063814358230604
1095,74.0,5868.0,0.0,0.0,0.0,0.0,5.0,7.0,1956.0,2000.0,0.0,2.0,2.0,2.0,2.0,3.0,2.0,248.0,3.0,240.0,448.0,936.0,0.0,936.0,0.0,0.0,936.0,2.0,1.0,2.0,4.0,0.0,0.0,5.0,2.0,1956.0,0.0,1.0,308.0,2.0,2.0,0.0,0.0,0.0,80.0,0.0,160.0,0.0,4.0,4.0,0.0,5.0,2010.0,129000.0,1.0,0.0,1.0,0.0,0.0,0.0,0.0,0.0,0.8356164383561644,0.8678082191780822,0.8205479452054795,0.36712328767123287,0.7883561643835616,0.1541095890410959,0.863013698630137,0.9897260273972602,0.7205479452054795,0.7815068493150685,0.9821917808219178,0.1506849315068493,0.14657534246575343,0.43424657534246575,0.9780821917808219,0.914324880054832,0.630891950688905
1096,78.0,9317.0,1.0,0.0,0.0,0.0,6.0,5.0,2006.0,2006.0,0.0,1.0,2.0,1.0,2.0,3.0,0.0,24.0,5.0,0.0,1290.0,1314.0,1.0,1314.0,0.0,0.0,1314.0,3.0,1.0,1.0,6.0,0.0,1.0,1.0,2.0,2006.0,1.0,2.0,440.0,2.0,2.0,0.0,0.0,22.0,0.0,0.0,0.0,0.0,4.0,4.0,0.0,3.0,2007.0,176432.0,1.0,0.0,1.0,0.0,0.0,0.0,0.0,0.0,0.8356164383561644,0.8678082191780822,0.8205479452054795,0.36712328767123287,0.7883561643835616,0.10273972602739725,0.863013698630137,0.9897260273972602,0.7205479452054795,0.7815068493150685,0.9821917808219178,0.3527397260273973,0.3452054794520548,0.44315068493150683,0.9780821917808219,0.914324880054832,0.630891950688905
1097,60.0,6882.0,0.0,0.0,0.0,3.0,6.0,7.0,1914.0,2006.0,0.0,2.0,2.0,2.0,2.0,3.0,5.0,0.0,5.0,0.0,684.0,684.0,2.0,773.0,582.0,0.0,1355.0,3.0,1.0,1.0,7.0,0.0,0.0,5.0,1.5,1967.0,3.0,0.0,0.0,5.0,5.0,0.0,136.0,0.0,115.0,0.0,0.0,0.0,4.0,4.0,0.0,3.0,2007.0,127000.0,1.0,0.0,1.0,0.0,0.0,0.0,0.0,0.0,0.8356164383561644,0.8678082191780822,0.8205479452054795,0.0410958904109589,0.14931506849315068,0.025342465753424658,0.863013698630137,0.9897260273972602,0.7205479452054795,0.7815068493150685,0.9821917808219178,0.1410958904109589,0.13493150684931507,0.44315068493150683,0.9780821917808219,0.914324880054832,0.3506889050036258
1098,37.8,3696.0,0.0,0.0,0.0,0.0,8.0,5.0,1986.0,1986.0,0.0,1.0,2.0,1.0,2.0,3.0,5.0,0.0,5.0,0.0,1074.0,1074.0,0.0,1088.0,0.0,0.0,1088.0,2.0,1.0,1.0,5.0,0.0,0.0,5.0,1.5,1987.0,1.0,2.0,461.0,2.0,2.0,0.0,0.0,74.0,137.0,0.0,0.0,0.0,4.0,4.0,0.0,10.0,2007.0,170000.0,1.0,0.0,1.0,0.0,0.0,0.0,0.0,0.0,0.07808219178082192,0.8678082191780822,0.8205479452054795,0.05958904109589041,0.7883561643835616,0.017123287671232876,0.863013698630137,0.9897260273972602,0.7205479452054795,0.7815068493150685,0.9821917808219178,0.15205479452054796,0.14178082191780822,0.43424657534246575,0.9780821917808219,0.914324880054832,0.630891950688905
1099,50.0,6000.0,0.0,0.0,0.0,1.0,4.0,6.0,1936.0,1950.0,0.0,2.0,2.0,2.0,2.0,3.0,2.0,672.0,5.0,0.0,0.0,672.0,2.0,757.0,567.0,0.0,1324.0,3.0,1.0,2.0,6.0,0.0,0.0,5.0,1.0,1936.0,2.0,1.0,240.0,2.0,2.0,0.0,0.0,0.0,0.0,0.0,0.0,0.0,4.0,4.0,0.0,7.0,2009.0,128000.0,1.0,0.0,1.0,0.0,0.0,0.0,0.0,0.0,0.8356164383561644,0.8678082191780822,0.8205479452054795,0.09863013698630137,0.14931506849315068,0.03972602739726028,0.863013698630137,0.9897260273972602,0.7205479452054795,0.7815068493150685,0.9821917808219178,0.1506849315068493,0.14657534246575343,0.1,0.9780821917808219,0.914324880054832,0.28063814358230604
1100,82.0,11880.0,1.0,0.0,0.0,0.0,7.0,5.0,1978.0,1978.0,206.0,2.0,2.0,1.0,2.0,3.0,1.0,704.0,5.0,0.0,567.0,1271.0,2.0,1601.0,0.0,0.0,1601.0,3.0,1.0,2.0,7.0,0.0,1.0,2.0,2.0,1978.0,1.0,2.0,478.0,2.0,2.0,0.0,0.0,0.0,0.0,0.0,0.0,0.0,4.0,4.0,0.0,4.0,2009.0,157000.0,1.0,0.0,1.0,1.0,0.0,0.0,0.0,0.0,0.8356164383561644,0.02945205479452055,0.06917808219178082,0.36712328767123287,0.7883561643835616,0.05,0.01780821917808219,0.9897260273972602,0.7205479452054795,0.7815068493150685,0.9821917808219178,0.07397260273972603,0.09726027397260274,0.43424657534246575,0.9780821917808219,0.914324880054832,0.630891950688905
1101,60.0,8400.0,0.0,1.0,0.0,0.0,2.0,5.0,1920.0,1950.0,0.0,2.0,2.0,2.0,3.0,3.0,3.0,290.0,5.0,0.0,0.0,290.0,2.0,438.0,0.0,0.0,438.0,1.0,1.0,3.0,3.0,0.0,0.0,5.0,1.0,1930.0,2.0,1.0,246.0,2.0,2.0,2.0,0.0,0.0,0.0,0.0,0.0,0.0,4.0,4.0,0.0,1.0,2009.0,60000.0,1.0,0.0,0.0,0.0,0.0,0.0,0.0,0.0,0.8356164383561644,0.8678082191780822,0.8205479452054795,0.04726027397260274,0.7883561643835616,0.017123287671232876,0.863013698630137,0.9897260273972602,0.7205479452054795,0.7815068493150685,0.9821917808219178,0.1410958904109589,0.13493150684931507,0.43424657534246575,0.9780821917808219,0.018505825908156272,0.28063814358230604
1102,61.0,9758.0,1.0,0.0,0.0,0.0,5.0,5.0,1971.0,1971.0,0.0,2.0,2.0,2.0,2.0,3.0,2.0,412.0,4.0,287.0,251.0,950.0,2.0,950.0,0.0,0.0,950.0,3.0,1.0,2.0,5.0,0.0,0.0,5.0,1.0,1981.0,2.0,1.0,280.0,2.0,2.0,0.0,0.0,0.0,0.0,0.0,0.0,0.0,4.0,4.0,0.0,7.0,2007.0,119500.0,1.0,0.0,1.0,0.0,0.0,0.0,0.0,0.0,0.8356164383561644,0.8678082191780822,0.8205479452054795,0.36712328767123287,0.7883561643835616,0.1541095890410959,0.863013698630137,0.9897260273972602,0.7205479452054795,0.7815068493150685,0.9821917808219178,0.15205479452054796,0.14657534246575343,0.43424657534246575,0.9780821917808219,0.914324880054832,0.28063814358230604
1103,70.0,7000.0,0.0,0.0,0.0,0.0,5.0,7.0,1960.0,2002.0,45.0,2.0,2.0,2.0,2.0,3.0,3.0,588.0,5.0,0.0,422.0,1010.0,0.0,1134.0,0.0,0.0,1134.0,2.0,1.0,2.0,6.0,0.0,0.0,5.0,1.0,1960.0,1.0,1.0,254.0,2.0,2.0,0.0,0.0,16.0,0.0,0.0,0.0,0.0,4.0,3.0,0.0,4.0,2007.0,135000.0,1.0,0.0,1.0,1.0,0.0,0.0,0.0,0.0,0.8356164383561644,0.8678082191780822,0.0136986301369863,0.36712328767123287,0.7883561643835616,0.1541095890410959,0.863013698630137,0.9897260273972602,0.7205479452054795,0.7815068493150685,0.9821917808219178,0.1410958904109589,0.13493150684931507,0.43424657534246575,0.9780821917808219,0.914324880054832,0.630891950688905
1104,79.0,8910.0,0.0,0.0,0.0,0.0,6.0,6.0,1959.0,1959.0,0.0,2.0,2.0,2.0,2.0,2.0,1.0,655.0,5.0,0.0,0.0,655.0,0.0,1194.0,0.0,0.0,1194.0,3.0,1.0,2.0,6.0,0.0,1.0,3.0,1.5,1954.0,0.0,2.0,539.0,2.0,2.0,0.0,0.0,0.0,192.0,0.0,0.0,0.0,4.0,4.0,0.0,7.0,2006.0,159500.0,1.0,0.0,1.0,0.0,0.0,0.0,0.0,0.0,0.8356164383561644,0.8678082191780822,0.8205479452054795,0.36712328767123287,0.7883561643835616,0.1541095890410959,0.863013698630137,0.9897260273972602,0.18013698630136987,0.1958904109589041,0.9821917808219178,0.03424657534246575,0.017123287671232876,0.43424657534246575,0.9780821917808219,0.914324880054832,0.06381435823060189
1105,24.0,2016.0,0.0,0.0,0.0,3.0,5.0,5.0,1970.0,1970.0,304.0,2.0,2.0,2.0,2.0,3.0,5.0,0.0,5.0,0.0,630.0,630.0,2.0,630.0,672.0,0.0,1302.0,3.0,1.0,2.0,6.0,0.0,0.0,5.0,2.5,1970.0,2.0,2.0,440.0,2.0,2.0,0.0,0.0,0.0,0.0,0.0,0.0,0.0,4.0,4.0,0.0,4.0,2007.0,106000.0,1.0,0.0,1.0,1.0,0.0,0.0,0.0,0.0,0.07808219178082192,0.8678082191780822,0.8205479452054795,0.04315068493150685,0.14931506849315068,0.010958904109589041,0.863013698630137,0.9897260273972602,0.7205479452054795,0.7815068493150685,0.9821917808219178,0.15205479452054796,0.14178082191780822,0.43424657534246575,0.9780821917808219,0.914324880054832,0.28063814358230604
1106,98.0,12256.0,1.0,0.0,0.0,3.0,8.0,5.0,1994.0,1995.0,362.0,1.0,2.0,0.0,2.0,1.0,0.0,1032.0,5.0,0.0,431.0,1463.0,0.0,1500.0,1122.0,0.0,2622.0,3.0,1.0,1.0,9.0,0.0,2.0,2.0,3.5,1994.0,1.0,2.0,712.0,2.0,2.0,0.0,186.0,32.0,0.0,0.0,0.0,0.0,4.0,4.0,0.0,4.0,2010.0,325000.0,1.0,0.0,1.0,1.0,0.0,0.0,0.0,0.0,0.8356164383561644,0.8678082191780822,0.8205479452054795,0.2047945205479452,0.7883561643835616,0.028082191780821917,0.863013698630137,0.9897260273972602,0.18013698630136987,0.7815068493150685,0.9821917808219178,0.15205479452054796,0.14178082191780822,0.44315068493150683,0.9780821917808219,0.914324880054832,0.630891950688905
1107,114.0,10357.0,1.0,0.0,0.0,0.0,7.0,5.0,1990.0,1991.0,0.0,1.0,2.0,1.0,2.0,2.0,0.0,738.0,5.0,0.0,172.0,910.0,1.0,1442.0,0.0,0.0,1442.0,3.0,1.0,1.0,6.0,0.0,1.0,2.0,3.0,1990.0,0.0,2.0,719.0,2.0,2.0,0.0,0.0,244.0,0.0,0.0,0.0,0.0,4.0,4.0,0.0,5.0,2007.0,179900.0,1.0,0.0,1.0,0.0,0.0,0.0,0.0,0.0,0.8356164383561644,0.8678082191780822,0.8205479452054795,0.36712328767123287,0.7883561643835616,0.04041095890410959,0.05547945205479452,0.9897260273972602,0.18013698630136987,0.1958904109589041,0.9821917808219178,0.15205479452054796,0.14178082191780822,0.44315068493150683,0.9780821917808219,0.914324880054832,0.630891950688905
1108,168.0,23257.0,3.0,2.0,0.0,3.0,7.0,5.0,2006.0,2006.0,0.0,1.0,2.0,0.0,1.0,3.0,5.0,0.0,5.0,0.0,868.0,868.0,0.0,887.0,1134.0,0.0,2021.0,3.0,1.0,1.0,9.0,0.0,1.0,1.0,2.5,2006.0,1.0,2.0,422.0,2.0,2.0,0.0,0.0,100.0,0.0,0.0,0.0,0.0,4.0,4.0,0.0,9.0,2006.0,274725.0,1.0,0.0,1.0,0.0,0.0,0.0,0.0,0.0,0.8356164383561644,0.08356164383561644,0.08561643835616438,0.2047945205479452,0.7883561643835616,0.05410958904109589,0.863013698630137,0.9897260273972602,0.06438356164383562,0.7815068493150685,0.9821917808219178,0.3527397260273973,0.3452054794520548,0.44315068493150683,0.9780821917808219,0.914324880054832,0.06381435823060189
1109,62.8,8063.0,0.0,0.0,0.0,3.0,6.0,5.0,2000.0,2000.0,0.0,2.0,2.0,1.0,2.0,3.0,5.0,0.0,5.0,0.0,924.0,924.0,0.0,948.0,742.0,0.0,1690.0,3.0,1.0,2.0,7.0,0.0,1.0,2.0,2.5,2000.0,1.0,2.0,463.0,2.0,2.0,0.0,100.0,48.0,0.0,0.0,0.0,0.0,4.0,4.0,0.0,11.0,2007.0,181000.0,1.0,0.0,1.0,0.0,0.0,0.0,0.0,0.0,0.8356164383561644,0.8678082191780822,0.06917808219178082,0.2047945205479452,0.7883561643835616,0.05410958904109589,0.863013698630137,0.9897260273972602,0.7205479452054795,0.7815068493150685,0.9821917808219178,0.3527397260273973,0.3452054794520548,0.44315068493150683,0.9780821917808219,0.914324880054832,0.630891950688905
1110,107.0,11362.0,1.0,0.0,0.0,0.0,8.0,5.0,2004.0,2005.0,42.0,1.0,2.0,0.0,2.0,2.0,0.0,1039.0,5.0,0.0,797.0,1836.0,0.0,1836.0,0.0,0.0,1836.0,3.0,1.0,1.0,7.0,0.0,1.0,1.0,3.0,2004.0,0.0,3.0,862.0,2.0,2.0,0.0,125.0,185.0,0.0,0.0,0.0,0.0,4.0,4.0,0.0,3.0,2009.0,280000.0,1.0,0.0,1.0,0.0,1.0,0.0,0.0,0.0,0.8356164383561644,0.8678082191780822,0.8205479452054795,0.36712328767123287,0.7883561643835616,0.05273972602739726,0.863013698630137,0.9897260273972602,0.7205479452054795,0.7815068493150685,0.9821917808219178,0.1506849315068493,0.14657534246575343,0.44315068493150683,0.9780821917808219,0.914324880054832,0.630891950688905
1111,63.2,8000.0,0.0,0.0,0.0,3.0,6.0,5.0,1995.0,1996.0,0.0,2.0,2.0,1.0,2.0,3.0,0.0,219.0,5.0,0.0,554.0,773.0,1.0,773.0,885.0,0.0,1658.0,3.0,1.0,2.0,8.0,0.0,1.0,2.0,3.5,1995.0,0.0,2.0,431.0,2.0,2.0,0.0,224.0,84.0,0.0,0.0,0.0,0.0,4.0,4.0,0.0,6.0,2008.0,188000.0,1.0,0.0,1.0,0.0,0.0,0.0,0.0,0.0,0.8356164383561644,0.8678082191780822,0.8205479452054795,0.2047945205479452,0.7883561643835616,0.05410958904109589,0.863013698630137,0.9897260273972602,0.7205479452054795,0.7815068493150685,0.9821917808219178,0.15205479452054796,0.14178082191780822,0.44315068493150683,0.9780821917808219,0.914324880054832,0.630891950688905
1112,80.0,10480.0,0.0,0.0,0.0,3.0,7.0,6.0,1976.0,1976.0,660.0,2.0,2.0,2.0,2.0,3.0,1.0,403.0,5.0,0.0,400.0,803.0,2.0,1098.0,866.0,0.0,1964.0,4.0,1.0,2.0,8.0,0.0,1.0,1.0,2.5,1976.0,1.0,2.0,483.0,2.0,2.0,0.0,0.0,69.0,0.0,0.0,0.0,0.0,4.0,4.0,0.0,9.0,2008.0,205000.0,1.0,0.0,1.0,1.0,0.0,0.0,0.0,0.0,0.8356164383561644,0.8678082191780822,0.8205479452054795,0.2047945205479452,0.7883561643835616,0.05,0.863013698630137,0.9897260273972602,0.7205479452054795,0.1958904109589041,0.9821917808219178,0.07397260273972603,0.09726027397260274,0.43424657534246575,0.9780821917808219,0.914324880054832,0.630891950688905
1113,73.0,7100.0,1.0,0.0,0.0,0.0,5.0,7.0,1957.0,1957.0,0.0,2.0,2.0,2.0,2.0,3.0,0.0,708.0,5.0,0.0,108.0,816.0,2.0,816.0,0.0,0.0,816.0,2.0,1.0,2.0,5.0,0.0,0.0,5.0,2.0,1957.0,2.0,1.0,308.0,2.0,2.0,0.0,0.0,0.0,0.0,0.0,0.0,0.0,4.0,4.0,0.0,7.0,2006.0,129900.0,1.0,0.0,1.0,0.0,0.0,0.0,0.0,0.0,0.8356164383561644,0.8678082191780822,0.8205479452054795,0.36712328767123287,0.7883561643835616,0.1541095890410959,0.863013698630137,0.9897260273972602,0.18013698630136987,0.7815068493150685,0.9821917808219178,0.01780821917808219,0.026027397260273973,0.43424657534246575,0.9780821917808219,0.06442769019876628,0.28063814358230604
1114,66.0,8923.0,0.0,0.0,0.0,0.0,5.0,7.0,1953.0,2006.0,0.0,2.0,2.0,2.0,2.0,3.0,2.0,643.0,5.0,0.0,365.0,1008.0,1.0,1008.0,0.0,0.0,1008.0,2.0,1.0,1.0,6.0,0.0,0.0,5.0,2.0,1953.0,2.0,1.0,240.0,2.0,2.0,0.0,0.0,18.0,0.0,0.0,0.0,0.0,4.0,4.0,0.0,5.0,2007.0,134500.0,1.0,0.0,1.0,0.0,0.0,0.0,0.0,0.0,0.8356164383561644,0.8678082191780822,0.8205479452054795,0.36712328767123287,0.7883561643835616,0.1541095890410959,0.863013698630137,0.9897260273972602,0.7205479452054795,0.7815068493150685,0.9821917808219178,0.1410958904109589,0.13493150684931507,0.43424657534246575,0.9780821917808219,0.914324880054832,0.630891950688905
1115,90.0,5400.0,0.0,0.0,0.0,0.0,5.0,7.0,1954.0,2000.0,0.0,2.0,1.0,2.0,2.0,3.0,3.0,415.0,5.0,0.0,418.0,833.0,0.0,833.0,0.0,0.0,833.0,2.0,1.0,1.0,4.0,0.0,0.0,5.0,1.0,1955.0,2.0,1.0,326.0,2.0,2.0,0.0,0.0,0.0,0.0,0.0,0.0,0.0,4.0,1.0,0.0,8.0,2006.0,117000.0,1.0,0.0,1.0,0.0,0.0,0.0,0.0,0.0,0.8356164383561644,0.8678082191780822,0.8205479452054795,0.36712328767123287,0.7883561643835616,0.0773972602739726,0.863013698630137,0.9897260273972602,0.7205479452054795,0.7815068493150685,0.9821917808219178,0.1506849315068493,0.14657534246575343,0.43424657534246575,0.9780821917808219,0.914324880054832,0.28063814358230604
1116,93.0,12085.0,0.0,0.0,0.0,0.0,8.0,5.0,2007.0,2007.0,328.0,1.0,2.0,0.0,2.0,3.0,0.0,1004.0,5.0,0.0,730.0,1734.0,0.0,1734.0,0.0,0.0,1734.0,3.0,1.0,0.0,7.0,0.0,1.0,1.0,3.0,2007.0,1.0,3.0,928.0,2.0,2.0,0.0,0.0,0.0,0.0,0.0,0.0,0.0,4.0,4.0,0.0,11.0,2007.0,318000.0,1.0,0.0,1.0,0.0,1.0,0.0,0.0,0.0,0.8356164383561644,0.08356164383561644,0.08561643835616438,0.36712328767123287,0.7883561643835616,0.05273972602739726,0.863013698630137,0.9897260273972602,0.7205479452054795,0.1958904109589041,0.9821917808219178,0.3527397260273973,0.3452054794520548,0.44315068493150683,0.9780821917808219,0.914324880054832,0.630891950688905
1117,64.2,7750.0,0.0,0.0,0.0,7.0,8.0,5.0,2002.0,2002.0,0.0,1.0,2.0,1.0,2.0,3.0,0.0,353.0,5.0,0.0,55.0,408.0,0.0,779.0,640.0,0.0,1419.0,3.0,1.0,1.0,7.0,0.0,1.0,2.0,3.5,2002.0,0.0,2.0,527.0,2.0,2.0,0.0,120.0,0.0,0.0,0.0,0.0,0.0,4.0,4.0,0.0,3.0,2009.0,184100.0,1.0,0.0,1.0,0.0,0.0,0.0,0.0,0.0,0.8356164383561644,0.8678082191780822,0.8205479452054795,0.03972602739726028,0.7883561643835616,0.05410958904109589,0.863013698630137,0.9897260273972602,0.7205479452054795,0.1958904109589041,0.9821917808219178,0.3527397260273973,0.3452054794520548,0.44315068493150683,0.9780821917808219,0.914324880054832,0.06381435823060189
1118,57.0,9764.0,1.0,0.0,0.0,0.0,5.0,7.0,1967.0,2003.0,0.0,2.0,2.0,2.0,2.0,3.0,2.0,702.0,5.0,0.0,192.0,894.0,0.0,894.0,0.0,0.0,894.0,3.0,1.0,1.0,5.0,0.0,0.0,5.0,2.0,1967.0,1.0,2.0,450.0,2.0,2.0,0.0,0.0,0.0,0.0,0.0,0.0,0.0,4.0,4.0,0.0,5.0,2008.0,130000.0,1.0,0.0,1.0,0.0,0.0,0.0,0.0,0.0,0.8356164383561644,0.8678082191780822,0.8205479452054795,0.36712328767123287,0.7883561643835616,0.050684931506849315,0.05547945205479452,0.9897260273972602,0.03219178082191781,0.7815068493150685,0.9821917808219178,0.3527397260273973,0.3452054794520548,0.43424657534246575,0.9780821917808219,0.914324880054832,0.630891950688905
1119,85.0,13825.0,0.0,0.0,0.0,7.0,5.0,6.0,1958.0,1987.0,0.0,2.0,1.0,2.0,2.0,3.0,5.0,0.0,5.0,0.0,533.0,533.0,2.0,1021.0,580.0,0.0,1601.0,3.0,1.0,2.0,6.0,2.0,0.0,5.0,1.5,1958.0,1.0,1.0,300.0,2.0,2.0,0.0,280.0,34.0,0.0,0.0,0.0,0.0,4.0,4.0,0.0,12.0,2008.0,140000.0,1.0,0.0,1.0,0.0,0.0,0.0,0.0,0.0,0.8356164383561644,0.8678082191780822,0.8205479452054795,0.03972602739726028,0.7883561643835616,0.050684931506849315,0.863013698630137,0.9897260273972602,0.7205479452054795,0.7815068493150685,0.9821917808219178,0.1506849315068493,0.14657534246575343,0.43424657534246575,0.9780821917808219,0.914324880054832,0.06381435823060189
1120,70.0,7560.0,0.0,0.0,0.0,0.0,5.0,5.0,1959.0,1959.0,0.0,2.0,2.0,2.0,2.0,3.0,4.0,369.0,5.0,0.0,671.0,1040.0,2.0,1040.0,0.0,0.0,1040.0,3.0,1.0,2.0,6.0,0.0,0.0,5.0,1.0,1959.0,1.0,1.0,286.0,2.0,2.0,0.0,140.0,0.0,252.0,0.0,0.0,0.0,4.0,2.0,0.0,7.0,2006.0,133700.0,1.0,0.0,1.0,0.0,0.0,0.0,0.0,0.0,0.8356164383561644,0.8678082191780822,0.8205479452054795,0.36712328767123287,0.7883561643835616,0.1541095890410959,0.863013698630137,0.9897260273972602,0.7205479452054795,0.7815068493150685,0.9821917808219178,0.03424657534246575,0.13493150684931507,0.43424657534246575,0.9780821917808219,0.06442769019876628,0.630891950688905
1121,59.0,8263.0,0.0,1.0,1.0,0.0,6.0,5.0,1920.0,1950.0,0.0,2.0,2.0,2.0,2.0,3.0,5.0,0.0,5.0,0.0,1012.0,1012.0,2.0,1012.0,0.0,0.0,1012.0,2.0,1.0,2.0,6.0,0.0,1.0,1.0,1.0,1920.0,2.0,1.0,308.0,2.0,2.0,0.0,0.0,22.0,112.0,0.0,0.0,0.0,4.0,1.0,0.0,5.0,2007.0,118400.0,1.0,0.0,1.0,0.0,0.0,0.0,0.0,0.0,0.8356164383561644,0.8678082191780822,0.8205479452054795,0.04726027397260274,0.14931506849315068,0.025342465753424658,0.863013698630137,0.9897260273972602,0.7205479452054795,0.7815068493150685,0.9821917808219178,0.03424657534246575,0.017123287671232876,0.1,0.9780821917808219,0.06442769019876628,0.28063814358230604
1122,84.0,10084.0,0.0,0.0,0.0,0.0,7.0,5.0,2005.0,2006.0,196.0,1.0,2.0,1.0,2.0,1.0,0.0,24.0,5.0,0.0,1528.0,1552.0,0.0,1552.0,0.0,0.0,1552.0,3.0,1.0,1.0,7.0,0.0,0.0,5.0,2.0,2005.0,1.0,3.0,782.0,2.0,2.0,0.0,144.0,20.0,0.0,0.0,0.0,0.0,4.0,4.0,0.0,7.0,2006.0,212900.0,1.0,0.0,1.0,1.0,0.0,0.0,0.0,0.0,0.8356164383561644,0.08356164383561644,0.08561643835616438,0.36712328767123287,0.7883561643835616,0.10273972602739725,0.863013698630137,0.9897260273972602,0.7205479452054795,0.7815068493150685,0.9821917808219178,0.3527397260273973,0.3452054794520548,0.44315068493150683,0.9780821917808219,0.914324880054832,0.630891950688905
1123,63.0,8926.0,1.0,0.0,0.0,0.0,4.0,3.0,1956.0,1956.0,0.0,2.0,2.0,2.0,2.0,3.0,5.0,0.0,5.0,0.0,672.0,672.0,0.0,960.0,0.0,0.0,960.0,3.0,1.0,2.0,5.0,0.0,0.0,5.0,1.0,1956.0,2.0,1.0,288.0,2.0,2.0,0.0,64.0,0.0,0.0,0.0,160.0,0.0,4.0,1.0,0.0,10.0,2009.0,112000.0,1.0,0.0,1.0,0.0,0.0,0.0,0.0,0.0,0.8356164383561644,0.02945205479452055,0.06917808219178082,0.36712328767123287,0.7883561643835616,0.0684931506849315,0.863013698630137,0.9897260273972602,0.18013698630136987,0.7815068493150685,0.9821917808219178,0.0136986301369863,0.0136986301369863,0.43424657534246575,0.9780821917808219,0.06442769019876628,0.013778100072516316
1124,50.0,9405.0,0.0,0.0,0.0,0.0,5.0,9.0,1947.0,2008.0,0.0,2.0,0.0,2.0,2.0,3.0,5.0,0.0,5.0,0.0,698.0,698.0,0.0,698.0,0.0,0.0,698.0,2.0,1.0,2.0,4.0,0.0,0.0,5.0,1.5,1947.2,3.0,0.0,0.0,5.0,5.0,0.0,0.0,200.0,0.0,0.0,0.0,0.0,4.0,4.0,0.0,6.0,2009.0,118000.0,1.0,0.0,1.0,0.0,0.0,0.0,0.0,0.0,0.8356164383561644,0.8678082191780822,0.8205479452054795,0.36712328767123287,0.7883561643835616,0.0684931506849315,0.863013698630137,0.9897260273972602,0.7205479452054795,0.1958904109589041,0.9821917808219178,0.3527397260273973,0.3452054794520548,0.43424657534246575,0.9780821917808219,0.914324880054832,0.42073966642494565
1125,79.8,9125.0,1.0,0.0,0.0,7.0,7.0,5.0,1992.0,1992.0,170.0,2.0,2.0,1.0,2.0,3.0,5.0,0.0,5.0,0.0,384.0,384.0,1.0,812.0,670.0,0.0,1482.0,3.0,1.0,1.0,7.0,0.0,1.0,2.0,2.5,1992.0,0.0,2.0,392.0,2.0,2.0,0.0,100.0,25.0,0.0,0.0,0.0,0.0,4.0,4.0,0.0,7.0,2007.0,163900.0,1.0,0.0,1.0,1.0,0.0,0.0,0.0,0.0,0.8356164383561644,0.8678082191780822,0.8205479452054795,0.03972602739726028,0.7883561643835616,0.05410958904109589,0.863013698630137,0.9897260273972602,0.7205479452054795,0.7815068493150685,0.9821917808219178,0.15205479452054796,0.14178082191780822,0.44315068493150683,0.9780821917808219,0.914324880054832,0.630891950688905
1126,60.0,10434.0,0.0,0.0,0.0,0.0,4.0,5.0,1955.0,1955.0,0.0,2.0,2.0,2.0,2.0,3.0,5.0,0.0,5.0,0.0,1005.0,1005.0,2.0,1005.0,0.0,0.0,1005.0,2.0,1.0,3.0,5.0,0.0,1.0,2.0,1.0,1977.0,2.0,2.0,672.0,3.0,3.0,0.0,0.0,0.0,0.0,0.0,0.0,0.0,4.0,4.0,0.0,11.0,2009.0,115000.0,1.0,0.0,1.0,0.0,0.0,0.0,0.0,0.0,0.8356164383561644,0.8678082191780822,0.8205479452054795,0.36712328767123287,0.7883561643835616,0.1541095890410959,0.863013698630137,0.9897260273972602,0.7205479452054795,0.7815068493150685,0.9821917808219178,0.07397260273972603,0.09726027397260274,0.43424657534246575,0.9780821917808219,0.914324880054832,0.28063814358230604
1127,53.0,3684.0,0.0,0.0,0.0,0.0,7.0,5.0,2007.0,2007.0,130.0,1.0,2.0,1.0,2.0,3.0,5.0,0.0,5.0,0.0,1373.0,1373.0,0.0,1555.0,0.0,0.0,1555.0,2.0,1.0,1.0,7.0,0.0,1.0,2.0,2.0,2007.0,0.0,3.0,660.0,2.0,2.0,0.0,143.0,20.0,0.0,0.0,0.0,0.0,4.0,4.0,0.0,6.0,2009.0,174000.0,1.0,0.0,1.0,1.0,0.0,0.0,0.0,0.0,0.07808219178082192,0.8678082191780822,0.8205479452054795,0.05958904109589041,0.7883561643835616,0.011643835616438357,0.863013698630137,0.9897260273972602,0.7205479452054795,0.1958904109589041,0.9821917808219178,0.3527397260273973,0.3452054794520548,0.44315068493150683,0.9780821917808219,0.914324880054832,0.630891950688905
1128,182.0,14572.0,3.0,0.0,0.0,0.0,7.0,5.0,2004.0,2004.0,0.0,1.0,2.0,1.0,2.0,1.0,0.0,1300.0,5.0,0.0,230.0,1530.0,0.0,1530.0,0.0,0.0,1530.0,3.0,1.0,1.0,7.0,0.0,1.0,1.0,3.0,2004.0,0.0,3.0,630.0,2.0,2.0,0.0,144.0,36.0,0.0,0.0,0.0,0.0,4.0,4.0,0.0,11.0,2007.0,259000.0,1.0,0.0,1.0,0.0,0.0,0.0,0.0,0.0,0.8356164383561644,0.8678082191780822,0.0136986301369863,0.36712328767123287,0.7883561643835616,0.05410958904109589,0.863013698630137,0.9897260273972602,0.18013698630136987,0.1958904109589041,0.9821917808219178,0.3527397260273973,0.3452054794520548,0.44315068493150683,0.9780821917808219,0.914324880054832,0.630891950688905
1129,59.0,11796.0,1.0,0.0,0.0,3.0,7.0,5.0,2004.0,2005.0,0.0,1.0,2.0,1.0,2.0,1.0,5.0,0.0,5.0,0.0,847.0,847.0,0.0,847.0,1112.0,0.0,1959.0,4.0,1.0,1.0,8.0,0.0,1.0,1.0,2.5,2004.0,0.0,2.0,434.0,2.0,2.0,0.0,100.0,48.0,0.0,0.0,0.0,0.0,4.0,4.0,0.0,7.0,2007.0,215000.0,1.0,0.0,1.0,0.0,0.0,0.0,0.0,0.0,0.8356164383561644,0.8678082191780822,0.8205479452054795,0.2047945205479452,0.7883561643835616,0.05410958904109589,0.863013698630137,0.9897260273972602,0.7205479452054795,0.7815068493150685,0.9821917808219178,0.3527397260273973,0.3452054794520548,0.44315068493150683,0.9780821917808219,0.914324880054832,0.06381435823060189
1130,60.0,7200.0,0.0,0.0,0.0,6.0,5.0,5.0,1980.0,1980.0,180.0,2.0,2.0,1.0,2.0,0.0,0.0,936.0,5.0,0.0,0.0,936.0,2.0,936.0,0.0,0.0,936.0,2.0,1.0,2.0,4.0,0.0,0.0,5.0,2.0,1980.0,2.0,2.0,672.0,2.0,2.0,0.0,49.0,0.0,0.0,0.0,0.0,0.0,4.0,4.0,0.0,8.0,2007.0,140000.0,1.0,0.0,1.0,1.0,0.0,0.0,0.0,0.0,0.03561643835616438,0.8678082191780822,0.8205479452054795,0.03561643835616438,0.14931506849315068,0.0773972602739726,0.863013698630137,0.9897260273972602,0.7205479452054795,0.7815068493150685,0.9821917808219178,0.1506849315068493,0.14657534246575343,0.43424657534246575,0.9780821917808219,0.914324880054832,0.28063814358230604
1131,65.0,7804.0,0.0,0.0,0.0,1.0,4.0,3.0,1928.0,1950.0,0.0,2.0,2.0,2.0,2.0,3.0,2.0,622.0,5.0,0.0,500.0,1122.0,2.0,1328.0,653.0,0.0,1981.0,4.0,1.0,1.0,7.0,2.0,2.0,2.0,3.0,1981.0,2.0,2.0,576.0,2.0,2.0,0.0,431.0,44.0,0.0,0.0,0.0,0.0,4.0,1.0,0.0,12.0,2009.0,135000.0,1.0,0.0,1.0,0.0,0.0,0.0,0.0,0.0,0.8356164383561644,0.8678082191780822,0.8205479452054795,0.09863013698630137,0.7883561643835616,0.017123287671232876,0.863013698630137,0.9897260273972602,0.7205479452054795,0.7815068493150685,0.9821917808219178,0.01780821917808219,0.09726027397260274,0.1,0.9780821917808219,0.914324880054832,0.28063814358230604
1132,63.0,10712.0,0.0,0.0,0.0,0.0,5.0,5.0,1991.0,1992.0,0.0,2.0,2.0,1.0,2.0,2.0,2.0,212.0,5.0,0.0,762.0,974.0,2.0,974.0,0.0,0.0,974.0,3.0,1.0,2.0,5.0,0.0,0.0,5.0,1.0,1952.4,3.0,0.0,0.0,5.0,5.0,0.0,0.0,28.0,0.0,0.0,0.0,0.0,4.0,1.0,0.0,9.0,2007.0,93500.0,1.0,0.0,1.0,0.0,0.0,0.0,0.0,0.0,0.8356164383561644,0.002054794520547945,0.06917808219178082,0.36712328767123287,0.7883561643835616,0.03356164383561644,0.863013698630137,0.9897260273972602,0.7205479452054795,0.7815068493150685,0.9821917808219178,0.15205479452054796,0.14178082191780822,0.44315068493150683,0.9780821917808219,0.914324880054832,0.2958665699782451
1133,90.0,9900.0,0.0,0.0,0.0,3.0,6.0,4.0,1880.0,1950.0,0.0,2.0,2.0,2.0,2.0,2.0,5.0,0.0,5.0,0.0,1008.0,1008.0,2.0,1178.0,1032.0,0.0,2210.0,5.0,1.0,3.0,8.0,0.0,0.0,5.0,2.0,1930.0,2.0,1.0,205.0,3.0,2.0,2.0,0.0,48.0,0.0,0.0,0.0,0.0,4.0,4.0,0.0,5.0,2007.0,117500.0,1.0,0.0,1.0,0.0,0.0,0.0,0.0,0.0,0.8356164383561644,0.8678082191780822,0.8205479452054795,0.0410958904109589,0.14931506849315068,0.0773972602739726,0.863013698630137,0.9897260273972602,0.7205479452054795,0.7815068493150685,0.9821917808219178,0.1410958904109589,0.13493150684931507,0.1,0.012328767123287671,0.914324880054832,0.28063814358230604
1134,80.0,9828.0,1.0,0.0,0.0,3.0,8.0,5.0,1995.0,1995.0,0.0,1.0,2.0,1.0,2.0,3.0,0.0,584.0,5.0,0.0,544.0,1128.0,0.0,1142.0,878.0,0.0,2020.0,3.0,1.0,1.0,8.0,0.0,1.0,2.0,2.5,1995.0,1.0,2.0,466.0,2.0,2.0,0.0,0.0,155.0,0.0,0.0,0.0,0.0,4.0,4.0,0.0,6.0,2009.0,239500.0,1.0,0.0,1.0,0.0,0.0,0.0,0.0,0.0,0.8356164383561644,0.8678082191780822,0.8205479452054795,0.2047945205479452,0.7883561643835616,0.04041095890410959,0.863013698630137,0.9897260273972602,0.7205479452054795,0.7815068493150685,0.9821917808219178,0.3527397260273973,0.3452054794520548,0.44315068493150683,0.9780821917808219,0.914324880054832,0.630891950688905
1135,57.0,8773.0,1.0,2.0,0.0,3.0,6.0,5.0,1997.0,1997.0,0.0,2.0,2.0,1.0,2.0,1.0,5.0,0.0,5.0,0.0,916.0,916.0,1.0,916.0,684.0,0.0,1600.0,3.0,1.0,2.0,7.0,0.0,1.0,2.0,2.5,1997.0,0.0,2.0,460.0,2.0,2.0,0.0,100.0,38.0,0.0,0.0,0.0,0.0,4.0,4.0,0.0,8.0,2007.0,169000.0,1.0,0.0,1.0,0.0,0.0,0.0,0.0,0.0,0.8356164383561644,0.8678082191780822,0.8205479452054795,0.2047945205479452,0.7883561643835616,0.05410958904109589,0.863013698630137,0.9897260273972602,0.7205479452054795,0.7815068493150685,0.9821917808219178,0.3527397260273973,0.3452054794520548,0.44315068493150683,0.9780821917808219,0.914324880054832,0.630891950688905
1136,60.0,6180.0,0.0,0.0,0.0,0.0,6.0,5.0,1926.0,1950.0,0.0,2.0,2.0,2.0,2.0,3.0,5.0,0.0,5.0,0.0,960.0,960.0,2.0,986.0,0.0,0.0,986.0,2.0,1.0,2.0,5.0,0.0,1.0,1.0,1.0,1926.0,2.0,1.0,180.0,2.0,2.0,0.0,0.0,128.0,0.0,0.0,0.0,0.0,4.0,4.0,0.0,5.0,2007.0,102000.0,1.0,0.0,0.0,0.0,0.0,0.0,0.0,0.0,0.8356164383561644,0.8678082191780822,0.8205479452054795,0.04726027397260274,0.14931506849315068,0.03972602739726028,0.863013698630137,0.9897260273972602,0.18013698630136987,0.7815068493150685,0.9821917808219178,0.1410958904109589,0.13493150684931507,0.1,0.9780821917808219,0.914324880054832,0.28063814358230604
1137,80.0,9600.0,0.0,0.0,0.0,1.0,6.0,5.0,1950.0,1950.0,0.0,2.0,2.0,2.0,2.0,3.0,2.0,280.0,5.0,0.0,752.0,1032.0,2.0,1032.0,220.0,0.0,1252.0,3.0,1.0,2.0,6.0,0.0,0.0,5.0,1.0,1950.0,2.0,1.0,288.0,2.0,2.0,0.0,0.0,0.0,96.0,0.0,0.0,0.0,4.0,4.0,0.0,4.0,2008.0,119000.0,1.0,0.0,1.0,0.0,0.0,0.0,0.0,0.0,0.8356164383561644,0.8678082191780822,0.06917808219178082,0.09863013698630137,0.7883561643835616,0.1541095890410959,0.863013698630137,0.9897260273972602,0.7205479452054795,0.7815068493150685,0.9821917808219178,0.3527397260273973,0.3452054794520548,0.43424657534246575,0.9780821917808219,0.06442769019876628,0.630891950688905
1138,54.0,6342.0,0.0,0.0,0.0,1.0,5.0,8.0,1875.0,1996.0,0.0,2.0,1.0,2.0,2.0,3.0,5.0,0.0,5.0,0.0,780.0,780.0,1.0,780.0,240.0,0.0,1020.0,2.0,1.0,2.0,6.0,0.0,0.0,5.0,1.0,1963.6,3.0,0.0,0.0,5.0,5.0,2.0,0.0,0.0,176.0,0.0,0.0,0.0,4.0,4.0,0.0,5.0,2010.0,94000.0,1.0,0.0,0.0,0.0,0.0,0.0,0.0,0.0,0.8356164383561644,0.8678082191780822,0.8205479452054795,0.09863013698630137,0.7883561643835616,0.050684931506849315,0.05547945205479452,0.9897260273972602,0.7205479452054795,0.7815068493150685,0.9821917808219178,0.3527397260273973,0.3452054794520548,0.43424657534246575,0.9780821917808219,0.914324880054832,0.23727338651196522
1139,74.2,9819.0,1.0,0.0,1.0,0.0,6.0,5.0,1977.0,1977.0,0.0,2.0,2.0,2.0,2.0,0.0,1.0,1567.0,5.0,0.0,0.0,1567.0,2.0,1567.0,0.0,0.0,1567.0,2.0,1.0,1.0,5.0,0.0,2.0,2.0,3.0,1977.0,1.0,2.0,714.0,2.0,2.0,0.0,264.0,32.0,0.0,0.0,0.0,0.0,4.0,4.0,0.0,5.0,2009.0,196000.0,1.0,0.0,1.0,0.0,0.0,0.0,0.0,0.0,0.8356164383561644,0.8678082191780822,0.8205479452054795,0.36712328767123287,0.7883561643835616,0.03356164383561644,0.863013698630137,0.9897260273972602,0.7205479452054795,0.7815068493150685,0.9821917808219178,0.07397260273972603,0.00684931506849315,0.44315068493150683,0.9780821917808219,0.914324880054832,0.630891950688905
1140,98.0,8731.0,1.0,0.0,0.0,0.0,5.0,5.0,1920.0,1950.0,0.0,2.0,3.0,2.0,2.0,3.0,2.0,645.0,5.0,0.0,270.0,915.0,2.0,1167.0,0.0,0.0,1167.0,3.0,1.0,2.0,6.0,4.0,1.0,1.0,1.0,1972.0,2.0,2.0,495.0,2.0,2.0,0.0,0.0,0.0,216.0,0.0,126.0,0.0,4.0,4.0,0.0,5.0,2007.0,144000.0,1.0,0.0,1.0,0.0,0.0,0.0,0.0,0.0,0.8356164383561644,0.8678082191780822,0.8205479452054795,0.04726027397260274,0.7883561643835616,0.03972602739726028,0.863013698630137,0.9897260273972602,0.7205479452054795,0.7815068493150685,0.9821917808219178,0.017123287671232876,0.01780821917808219,0.1,0.9780821917808219,0.914324880054832,0.28063814358230604
1141,60.0,7350.0,0.0,0.0,0.0,0.0,5.0,7.0,1951.0,1951.0,0.0,2.0,2.0,2.0,2.0,2.0,1.0,852.0,5.0,0.0,100.0,952.0,2.0,952.0,0.0,0.0,952.0,2.0,1.0,2.0,4.0,0.0,0.0,5.0,2.0,1988.0,2.0,2.0,840.0,2.0,2.0,0.0,0.0,0.0,0.0,0.0,0.0,0.0,4.0,4.0,0.0,6.0,2008.0,139000.0,1.0,0.0,1.0,0.0,0.0,0.0,0.0,0.0,0.8356164383561644,0.02945205479452055,0.06917808219178082,0.36712328767123287,0.7883561643835616,0.1541095890410959,0.863013698630137,0.9897260273972602,0.18013698630136987,0.7815068493150685,0.9821917808219178,0.15205479452054796,0.14178082191780822,0.43424657534246575,0.9780821917808219,0.914324880054832,0.28063814358230604
1142,81.4,10304.0,1.0,0.0,0.0,3.0,5.0,7.0,1976.0,1976.0,44.0,2.0,1.0,2.0,2.0,3.0,1.0,381.0,5.0,0.0,399.0,780.0,0.0,1088.0,780.0,0.0,1868.0,4.0,1.0,1.0,9.0,0.0,1.0,2.0,3.5,1976.0,2.0,2.0,484.0,2.0,2.0,0.0,448.0,96.0,0.0,0.0,0.0,0.0,4.0,4.0,0.0,10.0,2009.0,197500.0,1.0,0.0,1.0,1.0,0.0,0.0,0.0,0.0,0.8356164383561644,0.8678082191780822,0.8205479452054795,0.2047945205479452,0.7883561643835616,0.05,0.013013698630136987,0.9897260273972602,0.06438356164383562,0.7815068493150685,0.9821917808219178,0.07397260273972603,0.09726027397260274,0.43424657534246575,0.9780821917808219,0.914324880054832,0.630891950688905
1143,77.0,9965.0,0.0,0.0,0.0,3.0,8.0,5.0,2006.0,2007.0,340.0,1.0,2.0,0.0,2.0,0.0,0.0,1150.0,5.0,0.0,316.0,1466.0,0.0,1466.0,1362.0,0.0,2828.0,4.0,1.0,1.0,11.0,0.0,1.0,2.0,4.0,2006.0,1.0,3.0,1052.0,2.0,2.0,0.0,125.0,144.0,0.0,0.0,0.0,0.0,4.0,4.0,0.0,4.0,2007.0,424870.0,1.0,0.0,1.0,0.0,1.0,0.0,0.0,0.0,0.8356164383561644,0.08356164383561644,0.08561643835616438,0.2047945205479452,0.7883561643835616,0.10273972602739725,0.863013698630137,0.9897260273972602,0.7205479452054795,0.1958904109589041,0.9821917808219178,0.3527397260273973,0.3452054794520548,0.44315068493150683,0.9780821917808219,0.914324880054832,0.06381435823060189
1144,60.4,9000.0,0.0,0.0,0.0,0.0,5.0,3.0,1959.0,1959.0,0.0,2.0,2.0,2.0,2.0,3.0,0.0,288.0,5.0,0.0,718.0,1006.0,2.0,1006.0,0.0,0.0,1006.0,3.0,1.0,2.0,5.0,0.0,0.0,5.0,1.0,1957.6,3.0,0.0,0.0,5.0,5.0,0.0,0.0,24.0,0.0,0.0,0.0,0.0,4.0,4.0,0.0,7.0,2008.0,80000.0,1.0,0.0,1.0,0.0,0.0,0.0,0.0,0.0,0.8356164383561644,0.8678082191780822,0.8205479452054795,0.36712328767123287,0.7883561643835616,0.050684931506849315,0.863013698630137,0.9897260273972602,0.7205479452054795,0.7815068493150685,0.9821917808219178,0.1410958904109589,0.09726027397260274,0.43424657534246575,0.9780821917808219,0.914324880054832,0.22581580855692535
1145,60.0,12180.0,0.0,0.0,0.0,1.0,4.0,4.0,1941.0,1950.0,0.0,2.0,3.0,1.0,2.0,3.0,2.0,348.0,5.0,0.0,324.0,672.0,3.0,672.0,252.0,0.0,924.0,2.0,1.0,3.0,5.0,0.0,0.0,5.0,2.0,1941.0,2.0,1.0,280.0,2.0,2.0,0.0,0.0,0.0,0.0,0.0,0.0,0.0,4.0,1.0,0.0,7.0,2010.0,80000.0,1.0,0.0,0.0,0.0,0.0,0.0,0.0,0.0,0.021232876712328767,0.8678082191780822,0.8205479452054795,0.02054794520547945,0.7883561643835616,0.0684931506849315,0.863013698630137,0.9897260273972602,0.7205479452054795,0.7815068493150685,0.9821917808219178,0.1506849315068493,0.14657534246575343,0.1,0.004794520547945206,0.06442769019876628,0.28063814358230604
1146,52.0,6240.0,0.0,0.0,0.0,1.0,5.0,6.0,1928.0,1950.0,0.0,2.0,2.0,2.0,2.0,3.0,5.0,0.0,5.0,0.0,1042.0,1042.0,0.0,1042.0,534.0,0.0,1576.0,3.0,1.0,2.0,8.0,0.0,1.0,1.0,1.0,1928.0,2.0,1.0,225.0,2.0,2.0,0.0,0.0,0.0,0.0,0.0,0.0,0.0,4.0,4.0,0.0,8.0,2006.0,149000.0,1.0,0.0,1.0,0.0,0.0,0.0,0.0,0.0,0.8356164383561644,0.8678082191780822,0.0136986301369863,0.09863013698630137,0.14931506849315068,0.03972602739726028,0.863013698630137,0.9897260273972602,0.7205479452054795,0.7815068493150685,0.9821917808219178,0.1506849315068493,0.14657534246575343,0.1,0.9780821917808219,0.914324880054832,0.28063814358230604
1147,90.6,11200.0,0.0,0.0,0.0,0.0,6.0,5.0,1985.0,1985.0,85.0,1.0,2.0,1.0,2.0,3.0,0.0,1258.0,5.0,0.0,40.0,1298.0,2.0,1298.0,0.0,0.0,1298.0,3.0,1.0,1.0,5.0,0.0,1.0,2.0,3.0,1985.0,2.0,2.0,403.0,2.0,2.0,0.0,165.0,26.0,0.0,0.0,0.0,0.0,4.0,4.0,0.0,5.0,2006.0,180000.0,1.0,0.0,1.0,1.0,0.0,0.0,0.0,0.0,0.8356164383561644,0.8678082191780822,0.8205479452054795,0.36712328767123287,0.7883561643835616,0.04041095890410959,0.863013698630137,0.9897260273972602,0.7205479452054795,0.7815068493150685,0.9821917808219178,0.1410958904109589,0.026027397260273973,0.43424657534246575,0.9780821917808219,0.914324880054832,0.630891950688905
1148,75.0,12000.0,0.0,1.0,0.0,3.0,7.0,7.0,1941.0,1950.0,0.0,2.0,2.0,2.0,2.0,3.0,3.0,275.0,5.0,0.0,429.0,704.0,0.0,860.0,704.0,0.0,1564.0,3.0,1.0,3.0,7.0,0.0,1.0,1.0,1.5,1941.0,2.0,1.0,234.0,2.0,2.0,0.0,0.0,0.0,0.0,0.0,0.0,0.0,4.0,4.0,0.0,7.0,2009.0,174500.0,1.0,0.0,1.0,0.0,0.0,0.0,0.0,0.0,0.8356164383561644,0.8678082191780822,0.8205479452054795,0.0410958904109589,0.7883561643835616,0.03493150684931507,0.863013698630137,0.9897260273972602,0.7205479452054795,0.7815068493150685,0.9821917808219178,0.1506849315068493,0.14657534246575343,0.43424657534246575,0.9780821917808219,0.914324880054832,0.630891950688905
1149,57.8,5700.0,0.0,0.0,0.0,1.0,7.0,7.0,1926.0,1950.0,0.0,2.0,2.0,2.0,2.0,3.0,5.0,0.0,5.0,0.0,572.0,572.0,2.0,572.0,539.0,0.0,1111.0,2.0,1.0,2.0,5.0,0.0,1.0,1.0,1.0,1982.0,2.0,1.0,288.0,2.0,2.0,0.0,0.0,0.0,176.0,0.0,0.0,0.0,4.0,4.0,0.0,8.0,2008.0,116900.0,1.0,0.0,1.0,0.0,0.0,0.0,0.0,0.0,0.8356164383561644,0.8678082191780822,0.8205479452054795,0.09863013698630137,0.14931506849315068,0.0773972602739726,0.863013698630137,0.9897260273972602,0.7205479452054795,0.7815068493150685,0.9821917808219178,0.1410958904109589,0.13493150684931507,0.44315068493150683,0.9780821917808219,0.914324880054832,0.28063814358230604
1150,50.0,9000.0,0.0,0.0,0.0,3.0,7.0,9.0,1920.0,1988.0,0.0,2.0,1.0,2.0,2.0,3.0,1.0,624.0,5.0,0.0,26.0,650.0,0.0,832.0,650.0,0.0,1482.0,3.0,1.0,2.0,7.0,0.0,0.0,5.0,1.5,1930.0,2.0,2.0,324.0,2.0,2.0,0.0,0.0,0.0,0.0,0.0,0.0,0.0,4.0,4.0,0.0,7.0,2009.0,143000.0,1.0,0.0,1.0,0.0,0.0,0.0,0.0,0.0,0.8356164383561644,0.8678082191780822,0.8205479452054795,0.0410958904109589,0.14931506849315068,0.0773972602739726,0.03287671232876712,0.9897260273972602,0.7205479452054795,0.1958904109589041,0.9821917808219178,0.3527397260273973,0.3452054794520548,0.44315068493150683,0.9780821917808219,0.914324880054832,0.28063814358230604
1151,57.0,8280.0,1.0,0.0,0.0,0.0,6.0,5.0,1950.0,1950.0,0.0,2.0,2.0,2.0,2.0,3.0,5.0,0.0,5.0,0.0,932.0,932.0,0.0,932.0,0.0,0.0,932.0,2.0,1.0,1.0,4.0,0.0,1.0,1.0,1.0,1950.0,2.0,1.0,306.0,2.0,2.0,0.0,0.0,0.0,214.0,0.0,0.0,0.0,4.0,0.0,0.0,11.0,2007.0,124000.0,1.0,0.0,1.0,0.0,0.0,0.0,0.0,0.0,0.8356164383561644,0.8678082191780822,0.8205479452054795,0.36712328767123287,0.7883561643835616,0.1541095890410959,0.863013698630137,0.9897260273972602,0.7205479452054795,0.7815068493150685,0.9821917808219178,0.03424657534246575,0.017123287671232876,0.43424657534246575,0.9780821917808219,0.06442769019876628,0.630891950688905
1152,134.0,17755.0,0.0,0.0,0.0,0.0,5.0,4.0,1959.0,1959.0,132.0,2.0,2.0,2.0,2.0,3.0,2.0,176.0,5.0,0.0,1290.0,1466.0,2.0,1466.0,0.0,0.0,1466.0,3.0,1.0,3.0,6.0,0.0,2.0,1.0,1.5,1959.0,0.0,2.0,528.0,2.0,2.0,0.0,0.0,140.0,0.0,0.0,100.0,0.0,4.0,4.0,0.0,11.0,2006.0,149900.0,1.0,0.0,1.0,1.0,0.0,0.0,0.0,0.0,0.8356164383561644,0.8678082191780822,0.8205479452054795,0.36712328767123287,0.7883561643835616,0.0684931506849315,0.863013698630137,0.9897260273972602,0.7205479452054795,0.7815068493150685,0.9821917808219178,0.15205479452054796,0.09726027397260274,0.43424657534246575,0.9780821917808219,0.914324880054832,0.630891950688905
1153,90.0,14115.0,1.0,0.0,0.0,0.0,6.0,7.0,1956.0,2004.0,0.0,2.0,2.0,2.0,2.0,3.0,1.0,296.0,0.0,547.0,230.0,1073.0,0.0,1811.0,0.0,0.0,1811.0,2.0,1.0,0.0,6.0,0.0,1.0,1.0,1.0,1956.0,0.0,2.0,470.0,2.0,2.0,0.0,0.0,0.0,280.0,0.0,0.0,0.0,4.0,4.0,0.0,7.0,2006.0,230000.0,1.0,0.0,1.0,0.0,0.0,0.0,0.0,0.0,0.8356164383561644,0.8678082191780822,0.06917808219178082,0.36712328767123287,0.7883561643835616,0.03493150684931507,0.863013698630137,0.9897260273972602,0.7205479452054795,0.7815068493150685,0.9821917808219178,0.0013698630136986301,0.003424657534246575,0.44315068493150683,0.9780821917808219,0.914324880054832,0.630891950688905
1154,56.2,5890.0,0.0,0.0,0.0,0.0,6.0,8.0,1930.0,2007.0,0.0,1.0,1.0,2.0,2.0,1.0,1.0,538.0,5.0,0.0,278.0,816.0,0.0,816.0,0.0,0.0,816.0,2.0,1.0,2.0,5.0,0.0,0.0,5.0,1.0,2002.0,2.0,1.0,432.0,2.0,2.0,0.0,0.0,0.0,96.0,0.0,0.0,0.0,4.0,4.0,0.0,6.0,2008.0,120500.0,1.0,0.0,1.0,0.0,0.0,0.0,0.0,0.0,0.8356164383561644,0.8678082191780822,0.8205479452054795,0.04726027397260274,0.14931506849315068,0.025342465753424658,0.863013698630137,0.9897260273972602,0.18013698630136987,0.7815068493150685,0.9821917808219178,0.1410958904109589,0.13493150684931507,0.1,0.9780821917808219,0.914324880054832,0.28063814358230604
1155,84.6,13700.0,1.0,0.0,0.0,3.0,7.0,6.0,1965.0,1988.0,288.0,2.0,2.0,2.0,2.0,0.0,1.0,454.0,5.0,0.0,410.0,864.0,2.0,902.0,918.0,0.0,1820.0,4.0,1.0,1.0,8.0,0.0,2.0,1.0,2.0,1965.0,2.0,2.0,492.0,2.0,2.0,0.0,60.0,84.0,0.0,0.0,273.0,0.0,4.0,0.0,0.0,5.0,2008.0,201800.0,1.0,0.0,1.0,0.0,1.0,0.0,0.0,0.0,0.8356164383561644,0.8678082191780822,0.8205479452054795,0.2047945205479452,0.7883561643835616,0.1541095890410959,0.863013698630137,0.9897260273972602,0.7205479452054795,0.7815068493150685,0.9821917808219178,0.3527397260273973,0.3452054794520548,0.43424657534246575,0.9780821917808219,0.914324880054832,0.630891950688905
1156,90.0,10768.0,1.0,0.0,0.0,0.0,5.0,8.0,1976.0,2004.0,0.0,1.0,1.0,1.0,2.0,0.0,1.0,1157.0,5.0,0.0,280.0,1437.0,2.0,1437.0,0.0,0.0,1437.0,3.0,1.0,1.0,6.0,0.0,1.0,3.0,3.0,1976.0,1.0,2.0,528.0,2.0,2.0,0.0,0.0,21.0,0.0,0.0,180.0,0.0,4.0,4.0,0.0,7.0,2007.0,218000.0,1.0,0.0,1.0,0.0,0.0,0.0,0.0,0.0,0.8356164383561644,0.8678082191780822,0.8205479452054795,0.36712328767123287,0.7883561643835616,0.007534246575342466,0.863013698630137,0.9897260273972602,0.18013698630136987,0.7815068493150685,0.9821917808219178,0.07397260273972603,0.09726027397260274,0.43424657534246575,0.9780821917808219,0.914324880054832,0.630891950688905
1157,85.0,9350.0,0.0,0.0,0.0,7.0,5.0,8.0,1965.0,1999.0,0.0,2.0,1.0,2.0,2.0,0.0,1.0,633.0,5.0,0.0,586.0,1219.0,1.0,1265.0,0.0,0.0,1265.0,3.0,1.0,1.0,6.0,0.0,1.0,1.0,2.5,1965.0,1.0,2.0,502.0,2.0,2.0,0.0,0.0,92.0,0.0,96.0,0.0,0.0,4.0,1.0,0.0,10.0,2008.0,179900.0,1.0,0.0,1.0,0.0,0.0,0.0,0.0,0.0,0.8356164383561644,0.8678082191780822,0.8205479452054795,0.03972602739726028,0.7883561643835616,0.1541095890410959,0.863013698630137,0.9897260273972602,0.7205479452054795,0.7815068493150685,0.9821917808219178,0.03424657534246575,0.017123287671232876,0.44315068493150683,0.9780821917808219,0.914324880054832,0.630891950688905
1158,34.0,5001.0,1.0,0.0,0.0,0.0,7.0,5.0,2007.0,2008.0,166.0,1.0,2.0,1.0,2.0,3.0,0.0,904.0,5.0,0.0,410.0,1314.0,0.0,1314.0,0.0,0.0,1314.0,2.0,1.0,1.0,6.0,0.0,1.0,1.0,3.0,2008.0,1.0,2.0,626.0,2.0,2.0,0.0,172.0,62.0,0.0,0.0,0.0,0.0,4.0,4.0,0.0,7.0,2009.0,230000.0,1.0,0.0,1.0,0.0,1.0,0.0,0.0,0.0,0.02945205479452055,0.8678082191780822,0.8205479452054795,0.05958904109589041,0.7883561643835616,0.05273972602739726,0.863013698630137,0.9897260273972602,0.7205479452054795,0.7815068493150685,0.9821917808219178,0.3527397260273973,0.3452054794520548,0.44315068493150683,0.9780821917808219,0.914324880054832,0.630891950688905
1159,92.0,11932.0,0.0,0.0,0.0,0.0,8.0,5.0,2007.0,2008.0,186.0,1.0,2.0,1.0,2.0,3.0,5.0,0.0,5.0,0.0,1580.0,1580.0,0.0,1580.0,0.0,0.0,1580.0,3.0,1.0,1.0,7.0,0.0,0.0,5.0,2.0,2008.0,1.0,3.0,830.0,2.0,2.0,0.0,0.0,24.0,0.0,0.0,0.0,0.0,4.0,4.0,0.0,6.0,2008.0,235128.0,1.0,0.0,1.0,0.0,1.0,0.0,0.0,0.0,0.8356164383561644,0.0061643835616438354,0.08561643835616438,0.36712328767123287,0.7883561643835616,0.0589041095890411,0.05547945205479452,0.9897260273972602,0.03219178082191781,0.7815068493150685,0.9821917808219178,0.3527397260273973,0.3452054794520548,0.44315068493150683,0.9780821917808219,0.914324880054832,0.630891950688905
1160,76.0,9120.0,0.0,0.0,0.0,3.0,6.0,6.0,1974.0,1974.0,270.0,1.0,2.0,2.0,2.0,3.0,1.0,442.0,5.0,0.0,459.0,901.0,2.0,943.0,933.0,0.0,1876.0,4.0,1.0,1.0,8.0,0.0,1.0,2.0,2.5,1974.0,1.0,2.0,540.0,1.0,2.0,0.0,0.0,69.0,0.0,0.0,0.0,0.0,4.0,4.0,0.0,7.0,2008.0,185000.0,1.0,0.0,1.0,1.0,0.0,0.0,0.0,0.0,0.8356164383561644,0.8678082191780822,0.8205479452054795,0.2047945205479452,0.7883561643835616,0.05,0.863013698630137,0.9897260273972602,0.7205479452054795,0.1958904109589041,0.9821917808219178,0.15205479452054796,0.14178082191780822,0.43424657534246575,0.9780821917808219,0.914324880054832,0.630891950688905
1161,24.0,2280.0,0.0,0.0,0.0,3.0,6.0,5.0,1978.0,1978.0,0.0,2.0,2.0,1.0,2.0,3.0,1.0,311.0,5.0,0.0,544.0,855.0,3.0,855.0,601.0,0.0,1456.0,3.0,1.0,2.0,7.0,0.0,1.0,2.0,2.5,1978.0,2.0,2.0,440.0,2.0,2.0,0.0,26.0,0.0,0.0,0.0,0.0,0.0,4.0,4.0,0.0,7.0,2010.0,146000.0,1.0,0.0,1.0,0.0,0.0,0.0,0.0,0.0,0.02945205479452055,0.8678082191780822,0.8205479452054795,0.04315068493150685,0.7883561643835616,0.0061643835616438354,0.863013698630137,0.9897260273972602,0.7205479452054795,0.7815068493150685,0.9821917808219178,0.07397260273972603,0.004794520547945206,0.43424657534246575,0.9780821917808219,0.914324880054832,0.630891950688905
1162,83.2,14778.0,1.0,3.0,0.0,0.0,6.0,7.0,1954.0,2006.0,72.0,1.0,2.0,2.0,2.0,3.0,2.0,728.0,5.0,0.0,568.0,1296.0,0.0,1640.0,0.0,0.0,1640.0,3.0,1.0,1.0,7.0,0.0,1.0,1.0,2.0,1993.0,2.0,2.0,924.0,2.0,2.0,0.0,108.0,0.0,0.0,216.0,0.0,0.0,4.0,4.0,0.0,11.0,2008.0,224000.0,1.0,0.0,1.0,1.0,0.0,0.0,0.0,0.0,0.8356164383561644,0.8678082191780822,0.8205479452054795,0.36712328767123287,0.7883561643835616,0.03493150684931507,0.013013698630136987,0.9897260273972602,0.06438356164383562,0.1958904109589041,0.9821917808219178,0.15205479452054796,0.14178082191780822,0.43424657534246575,0.9780821917808219,0.914324880054832,0.28063814358230604
1163,109.0,8724.0,0.0,0.0,0.0,0.0,5.0,5.0,1968.0,1968.0,0.0,2.0,2.0,1.0,2.0,3.0,2.0,492.0,5.0,0.0,402.0,894.0,1.0,894.0,0.0,0.0,894.0,3.0,1.0,2.0,5.0,0.0,1.0,4.0,1.0,1968.0,0.0,2.0,450.0,2.0,2.0,0.0,0.0,0.0,0.0,0.0,0.0,0.0,4.0,4.0,0.0,5.0,2007.0,129000.0,1.0,0.0,1.0,0.0,0.0,0.0,0.0,0.0,0.8356164383561644,0.8678082191780822,0.8205479452054795,0.36712328767123287,0.7883561643835616,0.050684931506849315,0.863013698630137,0.9897260273972602,0.7205479452054795,0.7815068493150685,0.9821917808219178,0.3527397260273973,0.3452054794520548,0.43424657534246575,0.9780821917808219,0.914324880054832,0.630891950688905
1164,60.0,12900.0,0.0,0.0,0.0,6.0,4.0,4.0,1969.0,1969.0,0.0,2.0,2.0,1.0,2.0,1.0,0.0,1198.0,5.0,0.0,0.0,1198.0,2.0,1258.0,0.0,0.0,1258.0,0.0,2.0,2.0,6.0,0.0,0.0,5.0,3.0,1969.0,2.0,2.0,400.0,3.0,2.0,0.0,120.0,0.0,0.0,0.0,0.0,0.0,4.0,4.0,0.0,1.0,2008.0,108959.0,1.0,0.0,1.0,0.0,0.0,0.0,0.0,0.0,0.03561643835616438,0.8678082191780822,0.00821917808219178,0.03561643835616438,0.7883561643835616,0.050684931506849315,0.05547945205479452,0.9897260273972602,0.7205479452054795,0.7815068493150685,0.9821917808219178,0.07397260273972603,0.09726027397260274,0.43424657534246575,0.9780821917808219,0.914324880054832,0.006526468455402465
1165,89.0,16157.0,1.0,0.0,0.0,7.0,5.0,7.0,1978.0,1978.0,0.0,2.0,2.0,1.0,2.0,0.0,1.0,680.0,3.0,391.0,289.0,1360.0,0.0,1432.0,0.0,0.0,1432.0,2.0,1.0,1.0,5.0,0.0,1.0,2.0,2.5,1978.0,2.0,2.0,588.0,2.0,2.0,0.0,168.0,180.0,0.0,0.0,0.0,0.0,4.0,4.0,0.0,6.0,2007.0,194000.0,1.0,0.0,1.0,0.0,0.0,0.0,0.0,0.0,0.8356164383561644,0.8678082191780822,0.8205479452054795,0.03972602739726028,0.7883561643835616,0.007534246575342466,0.05547945205479452,0.9897260273972602,0.03219178082191781,0.7815068493150685,0.9821917808219178,0.07397260273972603,0.09726027397260274,0.44315068493150683,0.9780821917808219,0.914324880054832,0.630891950688905
1166,79.0,9541.0,1.0,0.0,0.0,0.0,7.0,5.0,2009.0,2009.0,268.0,1.0,2.0,1.0,2.0,3.0,5.0,0.0,5.0,0.0,1502.0,1502.0,0.0,1502.0,0.0,0.0,1502.0,3.0,1.0,1.0,7.0,0.0,0.0,5.0,2.0,2009.0,1.0,2.0,644.0,2.0,2.0,0.0,0.0,114.0,0.0,0.0,0.0,0.0,4.0,4.0,0.0,9.0,2009.0,233170.0,1.0,0.0,1.0,0.0,1.0,0.0,0.0,0.0,0.8356164383561644,0.08356164383561644,0.08561643835616438,0.36712328767123287,0.7883561643835616,0.05273972602739726,0.863013698630137,0.9897260273972602,0.7205479452054795,0.7815068493150685,0.9821917808219178,0.3527397260273973,0.3452054794520548,0.44315068493150683,0.9780821917808219,0.914324880054832,0.630891950688905
1167,64.0,10475.0,1.0,0.0,0.0,0.0,8.0,5.0,2008.0,2008.0,72.0,1.0,2.0,1.0,2.0,1.0,5.0,0.0,5.0,0.0,1694.0,1694.0,0.0,1694.0,0.0,0.0,1694.0,3.0,1.0,1.0,7.0,0.0,0.0,5.0,2.0,2008.0,1.0,3.0,776.0,2.0,2.0,0.0,160.0,33.0,0.0,0.0,0.0,0.0,4.0,4.0,0.0,2.0,2010.0,245350.0,1.0,0.0,1.0,0.0,1.0,0.0,0.0,0.0,0.8356164383561644,0.8678082191780822,0.8205479452054795,0.36712328767123287,0.7883561643835616,0.10273972602739725,0.863013698630137,0.9897260273972602,0.18013698630136987,0.7815068493150685,0.9821917808219178,0.3527397260273973,0.3452054794520548,0.44315068493150683,0.9780821917808219,0.914324880054832,0.630891950688905
1168,58.0,10852.0,1.0,0.0,0.0,3.0,6.0,5.0,2000.0,2000.0,0.0,2.0,2.0,1.0,2.0,3.0,0.0,786.0,5.0,0.0,173.0,959.0,0.0,959.0,712.0,0.0,1671.0,3.0,1.0,2.0,7.0,0.0,1.0,2.0,3.5,2000.0,0.0,2.0,472.0,2.0,2.0,0.0,0.0,38.0,0.0,0.0,0.0,0.0,4.0,4.0,0.0,2.0,2006.0,173000.0,1.0,0.0,1.0,0.0,0.0,0.0,0.0,0.0,0.8356164383561644,0.8678082191780822,0.8205479452054795,0.2047945205479452,0.7883561643835616,0.05410958904109589,0.01780821917808219,0.9897260273972602,0.7205479452054795,0.7815068493150685,0.9821917808219178,0.3527397260273973,0.3452054794520548,0.44315068493150683,0.9780821917808219,0.914324880054832,0.630891950688905
1169,120.0,13728.0,0.0,0.0,0.0,3.0,6.0,7.0,1935.0,1986.0,0.0,2.0,2.0,2.0,2.0,3.0,3.0,626.0,5.0,0.0,501.0,1127.0,0.0,1236.0,872.0,0.0,2108.0,4.0,1.0,1.0,7.0,0.0,2.0,2.0,2.0,1935.0,2.0,2.0,540.0,2.0,2.0,0.0,0.0,0.0,0.0,0.0,90.0,0.0,4.0,4.0,0.0,7.0,2008.0,235000.0,1.0,0.0,1.0,0.0,0.0,0.0,0.0,0.0,0.8356164383561644,0.8678082191780822,0.8205479452054795,0.0410958904109589,0.7883561643835616,0.0684931506849315,0.863013698630137,0.9897260273972602,0.18013698630136987,0.1958904109589041,0.9821917808219178,0.017123287671232876,0.01780821917808219,0.43424657534246575,0.9780821917808219,0.914324880054832,0.013778100072516316
1170,118.0,35760.0,1.0,0.0,0.0,3.0,10.0,5.0,1995.0,1996.0,1378.0,1.0,1.0,0.0,2.0,0.0,0.0,1387.0,5.0,0.0,543.0,1930.0,0.0,1831.0,1796.0,0.0,3627.0,4.0,1.0,1.0,10.0,0.0,1.0,2.0,4.5,1995.0,0.0,3.0,807.0,2.0,2.0,0.0,361.0,76.0,0.0,0.0,0.0,0.0,4.0,4.0,0.0,7.0,2006.0,625000.0,1.0,0.0,1.0,1.0,0.0,0.0,0.0,0.0,0.8356164383561644,0.8678082191780822,0.8205479452054795,0.2047945205479452,0.7883561643835616,0.028082191780821917,0.863013698630137,0.9897260273972602,0.06438356164383562,0.1958904109589041,0.9821917808219178,0.15205479452054796,0.14178082191780822,0.44315068493150683,0.9780821917808219,0.914324880054832,0.630891950688905
1171,76.0,9880.0,0.0,0.0,0.0,7.0,6.0,6.0,1977.0,1977.0,0.0,2.0,2.0,2.0,2.0,1.0,1.0,522.0,5.0,0.0,574.0,1096.0,2.0,1118.0,0.0,0.0,1118.0,3.0,1.0,2.0,6.0,0.0,1.0,4.0,2.0,1977.0,0.0,1.0,358.0,2.0,2.0,0.0,203.0,0.0,0.0,0.0,0.0,576.0,1.0,0.0,0.0,7.0,2008.0,171000.0,1.0,0.0,1.0,0.0,0.0,0.0,0.0,0.0,0.8356164383561644,0.8678082191780822,0.8205479452054795,0.03972602739726028,0.7883561643835616,0.03356164383561644,0.863013698630137,0.9897260273972602,0.7205479452054795,0.7815068493150685,0.9821917808219178,0.07397260273972603,0.09726027397260274,0.43424657534246575,0.9780821917808219,0.914324880054832,0.630891950688905
1172,76.0,9120.0,0.0,0.0,0.0,0.0,6.0,6.0,1958.0,1958.0,0.0,2.0,2.0,2.0,2.0,3.0,1.0,662.0,5.0,0.0,599.0,1261.0,0.0,1261.0,0.0,0.0,1261.0,3.0,1.0,2.0,6.0,0.0,1.0,2.0,2.0,1958.0,1.0,2.0,433.0,2.0,2.0,0.0,0.0,0.0,0.0,0.0,288.0,0.0,4.0,4.0,1400.0,11.0,2008.0,163000.0,1.0,0.0,1.0,0.0,0.0,0.0,1.0,0.0,0.8356164383561644,0.8678082191780822,0.8205479452054795,0.36712328767123287,0.7883561643835616,0.1541095890410959,0.863013698630137,0.9897260273972602,0.7205479452054795,0.1958904109589041,0.9821917808219178,0.1506849315068493,0.14657534246575343,0.43424657534246575,0.9780821917808219,0.914324880054832,0.630891950688905
1173,35.0,4017.0,1.0,0.0,0.0,3.0,7.0,5.0,2006.0,2007.0,0.0,1.0,2.0,1.0,2.0,3.0,5.0,0.0,5.0,0.0,625.0,625.0,0.0,625.0,625.0,0.0,1250.0,2.0,1.0,1.0,5.0,0.0,0.0,5.0,2.5,2006.0,0.0,2.0,625.0,2.0,2.0,0.0,0.0,54.0,0.0,0.0,0.0,0.0,4.0,4.0,0.0,3.0,2008.0,171900.0,1.0,1.0,1.0,0.0,0.0,0.0,0.0,0.0,0.07808219178082192,0.8678082191780822,0.8205479452054795,0.04315068493150685,0.04452054794520548,0.0589041095890411,0.863013698630137,0.9897260273972602,0.7205479452054795,0.7815068493150685,0.9821917808219178,0.1506849315068493,0.14657534246575343,0.44315068493150683,0.9780821917808219,0.914324880054832,0.28063814358230604
1174,138.0,18030.0,1.0,1.0,0.0,1.0,5.0,6.0,1946.0,1994.0,0.0,2.0,2.0,2.0,2.0,3.0,3.0,152.0,2.0,469.0,977.0,1598.0,2.0,1636.0,971.0,479.0,3086.0,3.0,1.0,0.0,12.0,4.0,1.0,1.0,3.0,1977.6,3.0,0.0,0.0,5.0,5.0,0.0,122.0,0.0,0.0,0.0,0.0,0.0,4.0,1.0,0.0,3.0,2007.0,200500.0,1.0,0.0,1.0,0.0,0.0,0.0,0.0,0.0,0.8356164383561644,0.8678082191780822,0.8205479452054795,0.09863013698630137,0.7883561643835616,0.019178082191780823,0.863013698630137,0.9897260273972602,0.7205479452054795,0.7815068493150685,0.9821917808219178,0.1506849315068493,0.14657534246575343,0.43424657534246575,0.9780821917808219,0.914324880054832,0.5074691805656273
1175,80.0,16560.0,1.0,0.0,0.0,3.0,6.0,8.0,1932.0,1950.0,0.0,2.0,2.0,1.0,2.0,3.0,3.0,503.0,5.0,0.0,449.0,952.0,2.0,1170.0,1175.0,0.0,2345.0,4.0,1.0,2.0,9.0,0.0,1.0,1.0,2.5,1932.0,2.0,2.0,360.0,2.0,2.0,0.0,0.0,0.0,0.0,0.0,0.0,0.0,4.0,4.0,0.0,7.0,2006.0,239000.0,1.0,0.0,1.0,0.0,0.0,0.0,0.0,0.0,0.8356164383561644,0.8678082191780822,0.8205479452054795,0.0410958904109589,0.7883561643835616,0.03493150684931507,0.863013698630137,0.9897260273972602,0.7205479452054795,0.7815068493150685,0.9821917808219178,0.1410958904109589,0.13493150684931507,0.1,0.9780821917808219,0.914324880054832,0.28063814358230604
1176,85.0,10678.0,0.0,0.0,0.0,1.0,8.0,5.0,1992.0,2000.0,337.0,1.0,2.0,1.0,2.0,3.0,0.0,700.0,5.0,0.0,983.0,1683.0,0.0,2129.0,743.0,0.0,2872.0,4.0,1.0,1.0,9.0,0.0,1.0,2.0,2.5,1992.0,0.0,2.0,541.0,2.0,2.0,0.0,0.0,33.0,0.0,0.0,0.0,0.0,4.0,4.0,0.0,4.0,2007.0,285000.0,1.0,0.0,1.0,1.0,0.0,0.0,0.0,0.0,0.8356164383561644,0.8678082191780822,0.8205479452054795,0.09863013698630137,0.7883561643835616,0.028082191780821917,0.863013698630137,0.9897260273972602,0.7205479452054795,0.1958904109589041,0.9821917808219178,0.15205479452054796,0.14178082191780822,0.44315068493150683,0.9780821917808219,0.914324880054832,0.630891950688905
1177,37.0,6951.0,1.0,0.0,0.0,0.0,5.0,5.0,1984.0,1985.0,0.0,2.0,2.0,2.0,2.0,3.0,1.0,658.0,5.0,0.0,218.0,876.0,2.0,923.0,0.0,0.0,923.0,3.0,1.0,2.0,5.0,0.0,0.0,5.0,2.0,1984.0,2.0,1.0,264.0,2.0,2.0,0.0,362.0,0.0,0.0,0.0,0.0,0.0,4.0,1.0,0.0,10.0,2008.0,119500.0,1.0,0.0,1.0,0.0,0.0,0.0,0.0,0.0,0.8356164383561644,0.8678082191780822,0.8205479452054795,0.36712328767123287,0.7883561643835616,0.03356164383561644,0.863013698630137,0.9897260273972602,0.06438356164383562,0.7815068493150685,0.9821917808219178,0.15205479452054796,0.09726027397260274,0.43424657534246575,0.9780821917808219,0.914324880054832,0.630891950688905
1178,54.6,3950.0,0.0,1.0,0.0,1.0,6.0,8.0,1926.0,2004.0,0.0,2.0,2.0,2.0,2.0,3.0,3.0,468.0,5.0,0.0,350.0,818.0,2.0,818.0,406.0,0.0,1224.0,3.0,1.0,2.0,5.0,0.0,0.0,5.0,1.0,1926.0,2.0,1.0,210.0,2.0,2.0,2.0,0.0,0.0,116.0,0.0,0.0,0.0,4.0,4.0,0.0,12.0,2009.0,115000.0,1.0,0.0,1.0,0.0,0.0,0.0,0.0,0.0,0.8356164383561644,0.8678082191780822,0.8205479452054795,0.09863013698630137,0.14931506849315068,0.0773972602739726,0.03287671232876712,0.9897260273972602,0.7205479452054795,0.7815068493150685,0.9821917808219178,0.1506849315068493,0.14657534246575343,0.43424657534246575,0.9780821917808219,0.914324880054832,0.28063814358230604
1179,54.0,7681.0,1.0,0.0,0.0,1.0,5.0,6.0,1921.0,1950.0,0.0,2.0,2.0,2.0,2.0,3.0,5.0,0.0,5.0,0.0,731.0,731.0,0.0,820.0,523.0,0.0,1343.0,3.0,1.0,2.0,7.0,0.0,1.0,1.0,1.5,1921.0,2.0,1.0,186.0,3.0,2.0,0.0,192.0,0.0,102.0,0.0,0.0,0.0,4.0,4.0,0.0,7.0,2009.0,154900.0,1.0,0.0,1.0,0.0,0.0,0.0,0.0,0.0,0.8356164383561644,0.8678082191780822,0.8205479452054795,0.09863013698630137,0.7883561643835616,0.03493150684931507,0.863013698630137,0.9897260273972602,0.03219178082191781,0.7815068493150685,0.9821917808219178,0.1410958904109589,0.13493150684931507,0.1,0.9780821917808219,0.914324880054832,0.28063814358230604
1180,77.0,8335.0,0.0,0.0,0.0,0.0,5.0,5.0,1954.0,1954.0,0.0,2.0,2.0,5.0,5.0,4.0,6.0,0.0,6.0,0.0,0.0,0.0,1.0,1124.0,0.0,0.0,1124.0,3.0,1.0,2.0,5.0,2.0,1.0,1.0,1.0,1957.0,3.0,0.0,0.0,5.0,5.0,2.0,0.0,36.0,190.0,0.0,0.0,0.0,4.0,4.0,0.0,4.0,2006.0,93000.0,1.0,0.0,1.0,0.0,0.0,0.0,0.0,0.0,0.8356164383561644,0.8678082191780822,0.8205479452054795,0.36712328767123287,0.7883561643835616,0.0684931506849315,0.863013698630137,0.9897260273972602,0.18013698630136987,0.7815068493150685,0.9821917808219178,0.1410958904109589,0.13493150684931507,0.01643835616438356,0.9780821917808219,0.914324880054832,0.23727338651196522
1181,85.8,11170.0,2.0,0.0,0.0,3.0,7.0,5.0,1990.0,1991.0,0.0,2.0,2.0,1.0,2.0,3.0,4.0,1216.0,5.0,0.0,0.0,1216.0,0.0,1298.0,1216.0,0.0,2514.0,4.0,1.0,2.0,8.0,0.0,0.0,5.0,2.5,1990.0,0.0,2.0,693.0,2.0,2.0,0.0,0.0,0.0,0.0,0.0,0.0,0.0,4.0,0.0,0.0,4.0,2006.0,250000.0,1.0,0.0,1.0,0.0,0.0,0.0,0.0,0.0,0.8356164383561644,0.8678082191780822,0.8205479452054795,0.2047945205479452,0.7883561643835616,0.026027397260273973,0.863013698630137,0.9897260273972602,0.18013698630136987,0.7815068493150685,0.9821917808219178,0.1506849315068493,0.14657534246575343,0.002054794520547945,0.9780821917808219,0.914324880054832,0.630891950688905
1182,64.0,5587.0,1.0,2.0,1.0,0.0,8.0,5.0,2008.0,2008.0,186.0,0.0,2.0,0.0,2.0,0.0,0.0,1480.0,5.0,0.0,120.0,1600.0,0.0,1652.0,0.0,0.0,1652.0,2.0,1.0,1.0,5.0,0.0,1.0,1.0,3.5,2008.0,0.0,2.0,482.0,2.0,2.0,0.0,162.0,53.0,0.0,153.0,0.0,0.0,4.0,4.0,0.0,11.0,2008.0,392500.0,1.0,0.0,1.0,0.0,1.0,0.0,0.0,0.0,0.07808219178082192,0.08356164383561644,0.08561643835616438,0.05958904109589041,0.14931506849315068,0.03493150684931507,0.863013698630137,0.9897260273972602,0.7205479452054795,0.1958904109589041,0.9821917808219178,0.04178082191780822,0.0410958904109589,0.44315068493150683,0.9780821917808219,0.914324880054832,0.630891950688905
1183,160.0,15623.0,1.0,0.0,0.0,3.0,10.0,5.0,1996.0,1996.0,0.0,1.0,2.0,0.0,2.0,1.0,0.0,2096.0,5.0,0.0,300.0,2396.0,0.0,2411.0,2065.0,0.0,4476.0,4.0,1.0,0.0,10.0,0.0,2.0,2.0,4.5,1996.0,0.0,3.0,813.0,2.0,2.0,0.0,171.0,78.0,0.0,0.0,0.0,555.0,0.0,1.0,0.0,7.0,2007.0,745000.0,1.0,0.0,1.0,0.0,0.0,0.0,0.0,0.0,0.8356164383561644,0.8678082191780822,0.06917808219178082,0.2047945205479452,0.7883561643835616,0.028082191780821917,0.863013698630137,0.9897260273972602,0.18013698630136987,0.1958904109589041,0.9821917808219178,0.1410958904109589,0.00684931506849315,0.44315068493150683,0.9780821917808219,0.914324880054832,0.630891950688905
1184,60.0,10800.0,0.0,0.0,0.0,0.0,5.0,6.0,1920.0,1950.0,0.0,2.0,2.0,2.0,2.0,3.0,3.0,821.0,5.0,0.0,299.0,1120.0,0.0,1130.0,0.0,0.0,1130.0,2.0,1.0,2.0,5.0,0.0,1.0,1.0,2.0,1970.0,2.0,2.0,720.0,2.0,2.0,0.0,229.0,0.0,0.0,0.0,0.0,0.0,4.0,4.0,0.0,6.0,2006.0,120000.0,1.0,0.0,1.0,0.0,0.0,0.0,0.0,0.0,0.8356164383561644,0.8678082191780822,0.8205479452054795,0.04726027397260274,0.7883561643835616,0.0773972602739726,0.863013698630137,0.9897260273972602,0.7205479452054795,0.1958904109589041,0.9821917808219178,0.017123287671232876,0.01780821917808219,0.1,0.9780821917808219,0.914324880054832,0.28063814358230604
1185,50.0,35133.0,0.0,0.0,1.0,0.0,5.0,4.0,1963.0,1963.0,226.0,2.0,2.0,2.0,2.0,0.0,3.0,1159.0,5.0,0.0,413.0,1572.0,1.0,1572.0,0.0,0.0,1572.0,3.0,1.0,2.0,5.0,0.0,2.0,2.0,2.5,1963.0,1.0,3.0,995.0,2.0,2.0,0.0,0.0,263.0,0.0,0.0,263.0,0.0,4.0,4.0,0.0,5.0,2007.0,186700.0,0.0,0.0,1.0,1.0,0.0,0.0,0.0,0.0,0.8356164383561644,0.8678082191780822,0.8205479452054795,0.36712328767123287,0.7883561643835616,0.026027397260273973,0.863013698630137,0.9897260273972602,0.7205479452054795,0.1958904109589041,0.9821917808219178,0.1506849315068493,0.14657534246575343,0.43424657534246575,0.9780821917808219,0.914324880054832,0.00435097897026831
1186,60.0,9738.0,0.0,0.0,0.0,1.0,5.0,7.0,1924.0,1950.0,0.0,2.0,1.0,2.0,2.0,3.0,2.0,392.0,5.0,0.0,392.0,784.0,1.0,949.0,272.0,0.0,1221.0,4.0,1.0,2.0,7.0,0.0,0.0,5.0,2.0,1965.0,2.0,1.0,392.0,2.0,2.0,0.0,0.0,0.0,236.0,0.0,0.0,0.0,4.0,4.0,0.0,3.0,2006.0,104900.0,1.0,0.0,1.0,0.0,0.0,0.0,0.0,0.0,0.8356164383561644,0.8678082191780822,0.8205479452054795,0.09863013698630137,0.7883561643835616,0.0684931506849315,0.863013698630137,0.9897260273972602,0.7205479452054795,0.7815068493150685,0.9821917808219178,0.0136986301369863,0.0136986301369863,0.1,0.9780821917808219,0.914324880054832,0.630891950688905
1187,107.0,10615.0,1.0,1.0,1.0,3.0,3.0,5.0,1900.0,1970.0,0.0,2.0,2.0,3.0,2.0,2.0,2.0,440.0,5.0,0.0,538.0,978.0,2.0,1014.0,685.0,0.0,1699.0,3.0,2.0,2.0,7.0,0.0,0.0,5.0,3.0,1920.0,2.0,2.0,420.0,3.0,3.0,0.0,0.0,74.0,0.0,0.0,0.0,0.0,4.0,4.0,0.0,8.0,2009.0,95000.0,1.0,0.0,1.0,0.0,0.0,0.0,0.0,0.0,0.021232876712328767,0.8678082191780822,0.06917808219178082,0.02054794520547945,0.7883561643835616,0.0773972602739726,0.03287671232876712,0.0013698630136986301,0.18013698630136987,0.7815068493150685,0.9821917808219178,0.15205479452054796,0.14178082191780822,0.43424657534246575,0.9780821917808219,0.914324880054832,0.006526468455402465
1188,89.0,12461.0,0.0,0.0,0.0,0.0,8.0,5.0,1994.0,1995.0,0.0,1.0,2.0,1.0,2.0,3.0,0.0,1456.0,5.0,0.0,168.0,1624.0,0.0,1624.0,0.0,0.0,1624.0,2.0,1.0,1.0,5.0,0.0,1.0,3.0,3.0,1994.0,1.0,3.0,757.0,2.0,2.0,0.0,0.0,114.0,192.0,0.0,0.0,0.0,4.0,0.0,0.0,7.0,2006.0,262000.0,1.0,0.0,1.0,0.0,0.0,0.0,0.0,0.0,0.8356164383561644,0.8678082191780822,0.8205479452054795,0.36712328767123287,0.7883561643835616,0.028082191780821917,0.863013698630137,0.9897260273972602,0.18013698630136987,0.7815068493150685,0.9821917808219178,0.0006849315068493151,0.00684931506849315,0.44315068493150683,0.9780821917808219,0.914324880054832,0.630891950688905
1189,68.0,8935.0,1.0,0.0,0.0,3.0,7.0,5.0,2002.0,2002.0,95.0,1.0,2.0,1.0,2.0,3.0,5.0,0.0,5.0,0.0,831.0,831.0,0.0,831.0,829.0,0.0,1660.0,3.0,1.0,1.0,7.0,0.0,0.0,5.0,2.5,2002.0,1.0,2.0,493.0,2.0,2.0,0.0,144.0,68.0,0.0,0.0,0.0,0.0,4.0,4.0,0.0,7.0,2009.0,195000.0,1.0,0.0,1.0,1.0,0.0,0.0,0.0,0.0,0.8356164383561644,0.8678082191780822,0.8205479452054795,0.2047945205479452,0.7883561643835616,0.10273972602739725,0.863013698630137,0.9897260273972602,0.7205479452054795,0.7815068493150685,0.9821917808219178,0.3527397260273973,0.3452054794520548,0.44315068493150683,0.9780821917808219,0.914324880054832,0.630891950688905
1190,60.0,7500.0,0.0,0.0,0.0,3.0,7.0,5.0,1999.0,1999.0,0.0,2.0,2.0,2.0,2.0,3.0,5.0,0.0,5.0,0.0,994.0,994.0,1.0,1028.0,776.0,0.0,1804.0,3.0,1.0,1.0,7.0,0.0,1.0,2.0,2.5,1999.0,0.0,2.0,442.0,2.0,2.0,0.0,140.0,60.0,0.0,0.0,0.0,0.0,4.0,4.0,0.0,6.0,2010.0,189000.0,1.0,0.0,1.0,0.0,0.0,0.0,0.0,0.0,0.8356164383561644,0.8678082191780822,0.8205479452054795,0.2047945205479452,0.7883561643835616,0.05410958904109589,0.863013698630137,0.9897260273972602,0.7205479452054795,0.7815068493150685,0.9821917808219178,0.3527397260273973,0.3452054794520548,0.44315068493150683,0.9780821917808219,0.914324880054832,0.630891950688905
1191,103.0,32463.0,0.0,3.0,1.0,0.0,4.0,4.0,1961.0,1975.0,149.0,2.0,1.0,2.0,2.0,1.0,2.0,1159.0,5.0,0.0,90.0,1249.0,0.0,1622.0,0.0,0.0,1622.0,3.0,1.0,2.0,7.0,0.0,1.0,2.0,2.0,1975.0,0.0,4.0,1356.0,2.0,2.0,0.0,439.0,0.0,0.0,0.0,0.0,0.0,4.0,4.0,0.0,3.0,2007.0,168000.0,1.0,0.0,1.0,0.0,1.0,0.0,0.0,0.0,0.021232876712328767,0.8678082191780822,0.8205479452054795,0.02054794520547945,0.7883561643835616,0.03356164383561644,0.863013698630137,0.9897260273972602,0.7205479452054795,0.7815068493150685,0.9821917808219178,0.1506849315068493,0.14657534246575343,0.43424657534246575,0.9780821917808219,0.914324880054832,0.00435097897026831
1192,24.0,2645.0,0.0,0.0,0.0,3.0,8.0,5.0,1999.0,2000.0,456.0,1.0,2.0,1.0,2.0,3.0,5.0,0.0,5.0,0.0,776.0,776.0,0.0,764.0,677.0,0.0,1441.0,2.0,1.0,1.0,5.0,0.0,0.0,5.0,2.5,1999.0,2.0,2.0,492.0,2.0,2.0,0.0,206.0,0.0,0.0,0.0,0.0,0.0,4.0,4.0,0.0,11.0,2007.0,174000.0,1.0,1.0,1.0,1.0,0.0,0.0,0.0,0.0,0.02945205479452055,0.8678082191780822,0.8205479452054795,0.04315068493150685,0.04452054794520548,0.0589041095890411,0.863013698630137,0.9897260273972602,0.7205479452054795,0.7815068493150685,0.9821917808219178,0.1506849315068493,0.14657534246575343,0.44315068493150683,0.9780821917808219,0.914324880054832,0.28063814358230604
1193,60.0,9600.0,0.0,0.0,0.0,1.0,5.0,8.0,1925.0,1994.0,0.0,2.0,2.0,2.0,2.0,2.0,5.0,0.0,5.0,0.0,702.0,702.0,1.0,842.0,630.0,0.0,1472.0,3.0,1.0,1.0,6.0,0.0,0.0,5.0,1.0,1925.0,2.0,1.0,250.0,2.0,3.0,1.0,0.0,0.0,84.0,0.0,0.0,0.0,4.0,2.0,0.0,7.0,2007.0,125000.0,1.0,0.0,1.0,0.0,0.0,0.0,0.0,0.0,0.8356164383561644,0.8678082191780822,0.8205479452054795,0.09863013698630137,0.14931506849315068,0.0773972602739726,0.863013698630137,0.9897260273972602,0.7205479452054795,0.007534246575342466,0.9821917808219178,0.3527397260273973,0.3452054794520548,0.44315068493150683,0.9780821917808219,0.914324880054832,0.28063814358230604
1194,39.8,4500.0,0.0,0.0,0.0,0.0,6.0,5.0,1999.0,1999.0,425.0,2.0,2.0,0.0,2.0,3.0,0.0,883.0,5.0,0.0,341.0,1224.0,0.0,1224.0,0.0,0.0,1224.0,2.0,1.0,2.0,5.0,0.0,0.0,5.0,3.0,1999.0,0.0,2.0,402.0,2.0,2.0,0.0,0.0,304.0,0.0,0.0,0.0,0.0,4.0,4.0,0.0,6.0,2009.0,165000.0,1.0,0.0,1.0,1.0,0.0,0.0,0.0,0.0,0.07808219178082192,0.8678082191780822,0.8205479452054795,0.05958904109589041,0.14931506849315068,0.03356164383561644,0.863013698630137,0.9897260273972602,0.03219178082191781,0.1958904109589041,0.9821917808219178,0.3527397260273973,0.3452054794520548,0.44315068493150683,0.9780821917808219,0.914324880054832,0.630891950688905
1195,80.0,9364.0,0.0,0.0,0.0,3.0,6.0,7.0,1969.0,1969.0,143.0,2.0,2.0,2.0,2.0,3.0,1.0,371.0,5.0,0.0,292.0,663.0,2.0,663.0,689.0,0.0,1352.0,4.0,1.0,2.0,7.0,0.0,0.0,5.0,1.5,1969.0,0.0,1.0,299.0,2.0,2.0,0.0,379.0,36.0,0.0,0.0,0.0,0.0,4.0,1.0,0.0,3.0,2010.0,158000.0,1.0,0.0,1.0,0.0,1.0,0.0,0.0,0.0,0.8356164383561644,0.8678082191780822,0.8205479452054795,0.2047945205479452,0.7883561643835616,0.050684931506849315,0.863013698630137,0.9897260273972602,0.18013698630136987,0.7815068493150685,0.9821917808219178,0.15205479452054796,0.14178082191780822,0.43424657534246575,0.9780821917808219,0.914324880054832,0.630891950688905
1196,51.0,8029.0,1.0,0.0,0.0,3.0,6.0,5.0,2005.0,2005.0,0.0,2.0,2.0,1.0,2.0,3.0,5.0,0.0,5.0,0.0,728.0,728.0,0.0,728.0,728.0,0.0,1456.0,3.0,1.0,1.0,8.0,0.0,0.0,5.0,2.5,2005.0,0.0,2.0,400.0,2.0,2.0,0.0,100.0,24.0,0.0,0.0,0.0,0.0,4.0,4.0,0.0,7.0,2008.0,176000.0,1.0,0.0,1.0,0.0,0.0,0.0,0.0,0.0,0.8356164383561644,0.8678082191780822,0.8205479452054795,0.2047945205479452,0.7883561643835616,0.05410958904109589,0.863013698630137,0.9897260273972602,0.7205479452054795,0.7815068493150685,0.9821917808219178,0.3527397260273973,0.3452054794520548,0.44315068493150683,0.9780821917808219,0.914324880054832,0.630891950688905
1197,58.0,14054.0,1.0,0.0,0.0,3.0,7.0,5.0,2006.0,2006.0,0.0,1.0,2.0,1.0,2.0,1.0,5.0,0.0,5.0,0.0,879.0,879.0,0.0,879.0,984.0,0.0,1863.0,4.0,1.0,1.0,9.0,0.0,1.0,1.0,2.5,2006.0,0.0,3.0,660.0,2.0,2.0,0.0,100.0,17.0,0.0,0.0,0.0,0.0,4.0,4.0,0.0,11.0,2006.0,219210.0,1.0,0.0,1.0,0.0,0.0,0.0,0.0,0.0,0.8356164383561644,0.08356164383561644,0.08561643835616438,0.2047945205479452,0.7883561643835616,0.05410958904109589,0.863013698630137,0.9897260273972602,0.7205479452054795,0.7815068493150685,0.9821917808219178,0.3527397260273973,0.3452054794520548,0.44315068493150683,0.9780821917808219,0.914324880054832,0.06381435823060189
1198,65.0,8850.0,1.0,1.0,0.0,5.0,7.0,6.0,1916.0,1950.0,0.0,2.0,2.0,2.0,2.0,3.0,5.0,0.0,5.0,0.0,815.0,815.0,0.0,815.0,875.0,0.0,1690.0,3.0,1.0,2.0,7.0,0.0,1.0,1.0,1.0,1916.0,2.0,1.0,225.0,2.0,2.0,0.0,0.0,0.0,330.0,0.0,0.0,0.0,4.0,4.0,0.0,7.0,2006.0,144000.0,1.0,0.0,1.0,0.0,0.0,0.0,0.0,0.0,0.8356164383561644,0.003424657534246575,0.8205479452054795,0.010958904109589041,0.14931506849315068,0.0773972602739726,0.863013698630137,0.9897260273972602,0.18013698630136987,0.7815068493150685,0.9821917808219178,0.1506849315068493,0.14657534246575343,0.1,0.9780821917808219,0.914324880054832,0.28063814358230604
1199,70.0,9100.0,0.0,0.0,0.0,0.0,7.0,5.0,2001.0,2001.0,0.0,1.0,2.0,1.0,2.0,3.0,5.0,0.0,5.0,0.0,1212.0,1212.0,0.0,1212.0,0.0,0.0,1212.0,3.0,1.0,1.0,6.0,0.0,0.0,5.0,2.0,2001.0,1.0,2.0,573.0,2.0,2.0,0.0,356.0,0.0,0.0,0.0,0.0,0.0,4.0,4.0,0.0,6.0,2009.0,178000.0,1.0,0.0,1.0,0.0,0.0,0.0,0.0,0.0,0.8356164383561644,0.8678082191780822,0.8205479452054795,0.36712328767123287,0.7883561643835616,0.10273972602739725,0.863013698630137,0.9897260273972602,0.7205479452054795,0.7815068493150685,0.9821917808219178,0.3527397260273973,0.3452054794520548,0.44315068493150683,0.9780821917808219,0.914324880054832,0.630891950688905
1200,75.0,11235.0,0.0,0.0,0.0,0.0,4.0,5.0,1963.0,1979.0,51.0,2.0,2.0,2.0,2.0,3.0,3.0,547.0,5.0,0.0,504.0,1051.0,1.0,1382.0,0.0,0.0,1382.0,3.0,1.0,2.0,6.0,0.0,1.0,4.0,1.5,1974.0,2.0,2.0,459.0,2.0,2.0,0.0,0.0,82.0,0.0,0.0,0.0,0.0,4.0,4.0,0.0,10.0,2006.0,148000.0,1.0,0.0,1.0,1.0,0.0,0.0,0.0,0.0,0.8356164383561644,0.8678082191780822,0.8205479452054795,0.36712328767123287,0.7883561643835616,0.050684931506849315,0.863013698630137,0.9897260273972602,0.7205479452054795,0.7815068493150685,0.9821917808219178,0.15205479452054796,0.14178082191780822,0.43424657534246575,0.9780821917808219,0.914324880054832,0.630891950688905
1201,71.0,9353.0,0.0,0.0,0.0,0.0,4.0,5.0,1970.0,1970.0,0.0,2.0,2.0,2.0,2.0,3.0,5.0,0.0,5.0,0.0,864.0,864.0,1.0,864.0,0.0,0.0,864.0,3.0,1.0,2.0,5.0,0.0,0.0,5.0,1.0,1972.0,2.0,1.0,280.0,2.0,2.0,0.0,0.0,0.0,0.0,0.0,0.0,0.0,4.0,4.0,0.0,7.0,2006.0,116050.0,1.0,0.0,1.0,0.0,0.0,0.0,1.0,0.0,0.8356164383561644,0.002054794520547945,0.06917808219178082,0.36712328767123287,0.7883561643835616,0.1541095890410959,0.863013698630137,0.9897260273972602,0.7205479452054795,0.7815068493150685,0.9821917808219178,0.1506849315068493,0.14657534246575343,0.43424657534246575,0.9780821917808219,0.914324880054832,0.630891950688905
1202,80.0,10400.0,0.0,0.0,0.0,3.0,7.0,5.0,1998.0,1998.0,0.0,2.0,2.0,1.0,2.0,1.0,5.0,0.0,5.0,0.0,866.0,866.0,0.0,866.0,913.0,0.0,1779.0,3.0,1.0,1.0,6.0,0.0,0.0,5.0,2.5,1998.0,1.0,2.0,546.0,2.0,2.0,0.0,198.0,36.0,0.0,0.0,0.0,0.0,4.0,4.0,0.0,3.0,2009.0,197900.0,1.0,0.0,1.0,0.0,0.0,0.0,0.0,0.0,0.8356164383561644,0.8678082191780822,0.8205479452054795,0.2047945205479452,0.7883561643835616,0.10273972602739725,0.863013698630137,0.9897260273972602,0.18013698630136987,0.7815068493150685,0.9821917808219178,0.3527397260273973,0.3452054794520548,0.44315068493150683,0.9780821917808219,0.914324880054832,0.630891950688905
1203,50.0,6000.0,0.0,0.0,0.0,1.0,5.0,8.0,1925.0,1997.0,0.0,2.0,2.0,2.0,2.0,3.0,5.0,0.0,5.0,0.0,884.0,884.0,0.0,884.0,464.0,0.0,1348.0,3.0,1.0,2.0,5.0,0.0,1.0,3.0,2.0,1960.0,2.0,1.0,216.0,2.0,2.0,2.0,0.0,0.0,208.0,0.0,0.0,0.0,4.0,4.0,0.0,5.0,2009.0,117000.0,1.0,0.0,1.0,0.0,0.0,0.0,0.0,0.0,0.8356164383561644,0.8678082191780822,0.8205479452054795,0.09863013698630137,0.14931506849315068,0.03972602739726028,0.863013698630137,0.9897260273972602,0.18013698630136987,0.7815068493150685,0.9821917808219178,0.1410958904109589,0.13493150684931507,0.1,0.9780821917808219,0.914324880054832,0.28063814358230604
1204,75.0,9750.0,0.0,0.0,0.0,0.0,7.0,5.0,2000.0,2001.0,171.0,1.0,2.0,1.0,2.0,3.0,5.0,0.0,5.0,0.0,1630.0,1630.0,0.0,1630.0,0.0,0.0,1630.0,3.0,1.0,1.0,6.0,0.0,1.0,2.0,2.0,2000.0,2.0,2.0,451.0,2.0,2.0,0.0,74.0,234.0,0.0,0.0,0.0,0.0,4.0,4.0,0.0,10.0,2009.0,213000.0,1.0,0.0,1.0,1.0,0.0,0.0,0.0,0.0,0.8356164383561644,0.8678082191780822,0.8205479452054795,0.36712328767123287,0.7883561643835616,0.10273972602739725,0.863013698630137,0.9897260273972602,0.7205479452054795,0.7815068493150685,0.9821917808219178,0.3527397260273973,0.3452054794520548,0.44315068493150683,0.9780821917808219,0.914324880054832,0.630891950688905
1205,78.0,10140.0,0.0,0.0,0.0,0.0,5.0,6.0,1975.0,1975.0,0.0,2.0,2.0,1.0,2.0,3.0,1.0,788.0,5.0,0.0,268.0,1056.0,0.0,1074.0,0.0,0.0,1074.0,3.0,1.0,2.0,6.0,0.0,0.0,5.0,2.5,1975.0,1.0,2.0,495.0,2.0,2.0,0.0,0.0,88.0,0.0,0.0,0.0,0.0,4.0,1.0,0.0,7.0,2006.0,153500.0,1.0,0.0,1.0,0.0,0.0,0.0,0.0,0.0,0.8356164383561644,0.8678082191780822,0.8205479452054795,0.36712328767123287,0.7883561643835616,0.05,0.863013698630137,0.9897260273972602,0.7205479452054795,0.7815068493150685,0.9821917808219178,0.15205479452054796,0.14178082191780822,0.43424657534246575,0.9780821917808219,0.914324880054832,0.630891950688905
1206,90.0,14684.0,1.0,0.0,0.0,0.0,7.0,7.0,1990.0,1991.0,234.0,1.0,2.0,1.0,2.0,2.0,1.0,485.0,2.0,177.0,1496.0,2158.0,1.0,2196.0,0.0,0.0,2196.0,3.0,1.0,1.0,7.0,0.0,1.0,2.0,2.0,1990.0,1.0,3.0,701.0,2.0,2.0,0.0,84.0,70.0,0.0,0.0,0.0,0.0,4.0,4.0,0.0,6.0,2009.0,271900.0,1.0,0.0,1.0,1.0,0.0,0.0,0.0,0.0,0.8356164383561644,0.8678082191780822,0.8205479452054795,0.36712328767123287,0.7883561643835616,0.04041095890410959,0.863013698630137,0.9897260273972602,0.06438356164383562,0.1958904109589041,0.9821917808219178,0.15205479452054796,0.14178082191780822,0.43424657534246575,0.9780821917808219,0.914324880054832,0.630891950688905
1207,66.2,8900.0,0.0,0.0,0.0,0.0,4.0,4.0,1966.0,1966.0,0.0,2.0,2.0,2.0,2.0,3.0,3.0,1056.0,5.0,0.0,0.0,1056.0,2.0,1056.0,0.0,0.0,1056.0,2.0,1.0,2.0,5.0,0.0,0.0,5.0,2.0,1966.0,2.0,1.0,384.0,2.0,2.0,0.0,0.0,42.0,0.0,0.0,0.0,0.0,4.0,1.0,0.0,11.0,2006.0,107000.0,1.0,0.0,1.0,0.0,0.0,0.0,0.0,0.0,0.8356164383561644,0.8678082191780822,0.8205479452054795,0.36712328767123287,0.010958904109589041,0.04041095890410959,0.863013698630137,0.9897260273972602,0.7205479452054795,0.7815068493150685,0.9821917808219178,0.15205479452054796,0.14178082191780822,0.43424657534246575,0.9780821917808219,0.914324880054832,0.28063814358230604
1208,70.0,9135.0,0.0,0.0,0.0,0.0,6.0,5.0,2003.0,2003.0,120.0,1.0,2.0,1.0,2.0,1.0,0.0,340.0,5.0,0.0,1342.0,1682.0,0.0,1700.0,0.0,0.0,1700.0,3.0,1.0,1.0,7.0,0.0,0.0,5.0,3.0,2003.0,1.0,2.0,544.0,2.0,2.0,0.0,192.0,23.0,0.0,0.0,0.0,0.0,4.0,4.0,0.0,5.0,2006.0,200000.0,1.0,0.0,1.0,1.0,0.0,0.0,0.0,0.0,0.8356164383561644,0.8678082191780822,0.8205479452054795,0.36712328767123287,0.7883561643835616,0.10273972602739725,0.863013698630137,0.9897260273972602,0.7205479452054795,0.7815068493150685,0.9821917808219178,0.3527397260273973,0.3452054794520548,0.44315068493150683,0.9780821917808219,0.914324880054832,0.630891950688905
1209,70.0,7763.0,0.0,0.0,0.0,0.0,5.0,7.0,1962.0,1980.0,0.0,2.0,1.0,2.0,2.0,3.0,3.0,504.0,2.0,108.0,319.0,931.0,2.0,1283.0,0.0,0.0,1283.0,3.0,1.0,2.0,6.0,0.0,0.0,5.0,2.0,1980.0,2.0,2.0,506.0,2.0,2.0,0.0,0.0,0.0,0.0,0.0,0.0,0.0,4.0,4.0,0.0,10.0,2008.0,140000.0,1.0,0.0,1.0,0.0,0.0,0.0,0.0,0.0,0.8356164383561644,0.8678082191780822,0.8205479452054795,0.36712328767123287,0.7883561643835616,0.1541095890410959,0.863013698630137,0.9897260273972602,0.7205479452054795,0.7815068493150685,0.9821917808219178,0.1506849315068493,0.14657534246575343,0.43424657534246575,0.9780821917808219,0.914324880054832,0.28063814358230604
1210,85.0,10182.0,1.0,0.0,0.0,0.0,8.0,5.0,2006.0,2006.0,420.0,1.0,2.0,0.0,2.0,2.0,0.0,1220.0,5.0,0.0,440.0,1660.0,0.0,1660.0,0.0,0.0,1660.0,3.0,1.0,1.0,8.0,0.0,1.0,1.0,3.0,2006.0,1.0,2.0,500.0,2.0,2.0,0.0,322.0,50.0,0.0,0.0,0.0,0.0,4.0,4.0,0.0,5.0,2006.0,290000.0,1.0,0.0,1.0,0.0,1.0,0.0,0.0,0.0,0.8356164383561644,0.08356164383561644,0.08561643835616438,0.36712328767123287,0.7883561643835616,0.0589041095890411,0.003424657534246575,0.9897260273972602,0.06438356164383562,0.1958904109589041,0.9821917808219178,0.3527397260273973,0.3452054794520548,0.44315068493150683,0.9780821917808219,0.914324880054832,0.630891950688905
1211,70.0,11218.0,0.0,0.0,0.0,3.0,6.0,5.0,1992.0,1992.0,0.0,1.0,2.0,1.0,2.0,3.0,5.0,0.0,5.0,0.0,1055.0,1055.0,0.0,1055.0,790.0,0.0,1845.0,3.0,1.0,1.0,8.0,0.0,1.0,2.0,2.5,1992.0,1.0,2.0,462.0,2.0,2.0,0.0,635.0,104.0,0.0,0.0,0.0,0.0,4.0,0.0,400.0,5.0,2010.0,189000.0,1.0,0.0,1.0,0.0,0.0,0.0,1.0,0.0,0.8356164383561644,0.8678082191780822,0.8205479452054795,0.2047945205479452,0.7883561643835616,0.04041095890410959,0.863013698630137,0.9897260273972602,0.7205479452054795,0.7815068493150685,0.9821917808219178,0.1410958904109589,0.13493150684931507,0.44315068493150683,0.9780821917808219,0.914324880054832,0.630891950688905
1212,152.0,12134.0,1.0,1.0,1.0,1.0,8.0,7.0,1988.0,2005.0,0.0,1.0,2.0,1.0,2.0,1.0,0.0,427.0,5.0,0.0,132.0,559.0,1.0,1080.0,672.0,0.0,1752.0,4.0,1.0,2.0,8.0,0.0,0.0,5.0,2.0,1988.0,1.0,2.0,492.0,2.0,2.0,0.0,325.0,12.0,0.0,0.0,0.0,0.0,4.0,4.0,0.0,6.0,2010.0,164000.0,1.0,0.0,1.0,0.0,0.0,0.0,0.0,0.0,0.8356164383561644,0.8678082191780822,0.8205479452054795,0.09863013698630137,0.7883561643835616,0.05410958904109589,0.863013698630137,0.9897260273972602,0.7205479452054795,0.7815068493150685,0.9821917808219178,0.1410958904109589,0.13493150684931507,0.002054794520547945,0.9780821917808219,0.914324880054832,0.013778100072516316
1213,50.0,9340.0,0.0,0.0,0.0,0.0,4.0,6.0,1941.0,1950.0,0.0,2.0,2.0,2.0,2.0,3.0,3.0,344.0,5.0,0.0,328.0,672.0,2.0,672.0,0.0,0.0,672.0,2.0,1.0,2.0,4.0,0.0,0.0,5.0,2.0,1941.0,2.0,1.0,234.0,2.0,2.0,2.0,0.0,113.0,0.0,0.0,0.0,0.0,4.0,4.0,0.0,8.0,2009.0,113000.0,1.0,0.0,1.0,0.0,0.0,0.0,0.0,0.0,0.8356164383561644,0.8678082191780822,0.8205479452054795,0.04726027397260274,0.7883561643835616,0.0684931506849315,0.863013698630137,0.9897260273972602,0.7205479452054795,0.1958904109589041,0.9821917808219178,0.1506849315068493,0.14657534246575343,0.43424657534246575,0.9780821917808219,0.914324880054832,0.630891950688905
1214,71.8,10246.0,1.0,0.0,0.0,7.0,4.0,9.0,1965.0,2001.0,0.0,2.0,1.0,2.0,1.0,1.0,0.0,648.0,5.0,0.0,0.0,648.0,0.0,960.0,0.0,0.0,960.0,0.0,1.0,2.0,3.0,0.0,0.0,5.0,1.5,1965.0,2.0,1.0,364.0,2.0,2.0,0.0,88.0,0.0,0.0,0.0,0.0,0.0,4.0,4.0,0.0,5.0,2006.0,145000.0,1.0,0.0,1.0,0.0,0.0,0.0,0.0,0.0,0.8356164383561644,0.8678082191780822,0.8205479452054795,0.03972602739726028,0.7883561643835616,0.050684931506849315,0.863013698630137,0.9897260273972602,0.06438356164383562,0.7815068493150685,0.9821917808219178,0.3527397260273973,0.3452054794520548,0.43424657534246575,0.9780821917808219,0.914324880054832,0.630891950688905
1215,69.0,10205.0,1.0,0.0,0.0,6.0,5.0,5.0,1962.0,1962.0,0.0,2.0,2.0,2.0,2.0,1.0,2.0,784.0,5.0,0.0,141.0,925.0,2.0,999.0,0.0,0.0,999.0,3.0,1.0,2.0,6.0,0.0,0.0,5.0,2.0,1962.0,2.0,1.0,300.0,2.0,2.0,0.0,150.0,72.0,0.0,0.0,0.0,0.0,4.0,4.0,0.0,5.0,2006.0,134500.0,1.0,0.0,1.0,0.0,0.0,0.0,0.0,0.0,0.8356164383561644,0.8678082191780822,0.8205479452054795,0.0136986301369863,0.7883561643835616,0.1541095890410959,0.863013698630137,0.9897260273972602,0.7205479452054795,0.7815068493150685,0.9821917808219178,0.1506849315068493,0.14657534246575343,0.43424657534246575,0.9780821917808219,0.914324880054832,0.630891950688905
1216,99.0,7094.0,1.0,0.0,0.0,0.0,5.0,5.0,1966.0,1966.0,0.0,2.0,2.0,2.0,2.0,3.0,3.0,180.0,4.0,374.0,340.0,894.0,2.0,894.0,0.0,0.0,894.0,3.0,1.0,2.0,5.0,0.0,0.0,5.0,1.0,1966.0,1.0,1.0,384.0,2.0,2.0,0.0,0.0,0.0,0.0,0.0,0.0,0.0,4.0,1.0,0.0,5.0,2007.0,125000.0,1.0,0.0,1.0,0.0,0.0,0.0,0.0,0.0,0.8356164383561644,0.8678082191780822,0.8205479452054795,0.36712328767123287,0.7883561643835616,0.050684931506849315,0.863013698630137,0.9897260273972602,0.7205479452054795,0.7815068493150685,0.9821917808219178,0.3527397260273973,0.3452054794520548,0.43424657534246575,0.9780821917808219,0.914324880054832,0.28063814358230604
1217,68.0,8930.0,0.0,0.0,0.0,1.0,6.0,5.0,1978.0,1978.0,0.0,2.0,2.0,5.0,5.0,4.0,6.0,0.0,6.0,0.0,0.0,0.0,2.0,1318.0,584.0,0.0,1902.0,4.0,2.0,2.0,8.0,0.0,0.0,5.0,2.0,1978.0,2.0,2.0,539.0,2.0,2.0,0.0,0.0,0.0,0.0,0.0,0.0,0.0,4.0,4.0,0.0,4.0,2010.0,112000.0,1.0,0.0,1.0,0.0,0.0,0.0,0.0,0.0,0.03561643835616438,0.8678082191780822,0.8205479452054795,0.03561643835616438,0.14931506849315068,0.050684931506849315,0.007534246575342466,0.9897260273972602,0.7205479452054795,0.7815068493150685,0.9821917808219178,0.3527397260273973,0.3452054794520548,0.01643835616438356,0.9780821917808219,0.914324880054832,0.630891950688905
1218,72.0,8640.0,0.0,0.0,0.0,0.0,8.0,5.0,2009.0,2009.0,72.0,1.0,2.0,1.0,2.0,2.0,0.0,936.0,5.0,0.0,364.0,1300.0,0.0,1314.0,0.0,0.0,1314.0,3.0,1.0,1.0,6.0,0.0,0.0,5.0,3.0,2009.0,1.0,2.0,552.0,2.0,2.0,0.0,135.0,112.0,0.0,0.0,0.0,0.0,4.0,4.0,0.0,9.0,2009.0,229456.0,1.0,0.0,1.0,0.0,1.0,0.0,0.0,0.0,0.8356164383561644,0.08356164383561644,0.08561643835616438,0.36712328767123287,0.04452054794520548,0.0589041095890411,0.863013698630137,0.9897260273972602,0.7205479452054795,0.7815068493150685,0.9821917808219178,0.04178082191780822,0.0410958904109589,0.44315068493150683,0.9780821917808219,0.914324880054832,0.630891950688905
1219,52.0,6240.0,0.0,0.0,0.0,1.0,4.0,5.0,1947.0,1950.0,0.0,2.0,2.0,5.0,5.0,4.0,6.0,0.0,6.0,0.0,0.0,0.0,1.0,672.0,240.0,0.0,912.0,2.0,1.0,2.0,3.0,0.0,0.0,5.0,1.0,1941.6,3.0,0.0,0.0,5.0,5.0,2.0,0.0,0.0,0.0,0.0,0.0,0.0,4.0,4.0,0.0,7.0,2006.0,80500.0,1.0,0.0,0.0,0.0,0.0,0.0,0.0,0.0,0.8356164383561644,0.8678082191780822,0.8205479452054795,0.09863013698630137,0.14931506849315068,0.03972602739726028,0.863013698630137,0.9897260273972602,0.7205479452054795,0.7815068493150685,0.9821917808219178,0.0136986301369863,0.0136986301369863,0.01643835616438356,0.9780821917808219,0.914324880054832,0.3659173313995649
1220,21.0,1680.0,0.0,0.0,0.0,3.0,6.0,5.0,1971.0,1971.0,236.0,2.0,2.0,2.0,2.0,3.0,5.0,0.0,5.0,0.0,672.0,672.0,2.0,672.0,546.0,0.0,1218.0,3.0,1.0,2.0,7.0,0.0,0.0,5.0,1.5,1975.4,3.0,0.0,0.0,5.0,5.0,2.0,201.0,0.0,0.0,0.0,0.0,0.0,4.0,4.0,0.0,4.0,2006.0,91500.0,1.0,0.0,1.0,1.0,0.0,0.0,0.0,0.0,0.02945205479452055,0.8678082191780822,0.06917808219178082,0.04315068493150685,0.14931506849315068,0.010958904109589041,0.863013698630137,0.9897260273972602,0.7205479452054795,0.7815068493150685,0.9821917808219178,0.04178082191780822,0.0410958904109589,0.43424657534246575,0.9780821917808219,0.914324880054832,0.307324147933285
1221,66.0,7800.0,1.0,0.0,0.0,0.0,5.0,5.0,1964.0,1964.0,0.0,2.0,2.0,2.0,2.0,3.0,3.0,312.0,4.0,600.0,0.0,912.0,2.0,912.0,0.0,0.0,912.0,2.0,1.0,2.0,5.0,0.0,0.0,5.0,1.0,1964.0,2.0,1.0,288.0,2.0,2.0,0.0,0.0,0.0,0.0,0.0,0.0,0.0,4.0,4.0,0.0,11.0,2006.0,115000.0,1.0,0.0,1.0,0.0,0.0,0.0,0.0,0.0,0.8356164383561644,0.8678082191780822,0.06917808219178082,0.36712328767123287,0.7883561643835616,0.1541095890410959,0.863013698630137,0.9897260273972602,0.7205479452054795,0.7815068493150685,0.9821917808219178,0.1410958904109589,0.13493150684931507,0.43424657534246575,0.9780821917808219,0.914324880054832,0.630891950688905
1222,55.0,8250.0,0.0,0.0,0.0,0.0,5.0,5.0,1968.0,1968.0,0.0,2.0,2.0,2.0,2.0,3.0,2.0,250.0,4.0,492.0,210.0,952.0,0.0,1211.0,0.0,0.0,1211.0,3.0,1.0,2.0,5.0,0.0,1.0,2.0,1.0,1968.0,2.0,1.0,322.0,2.0,2.0,0.0,0.0,63.0,0.0,0.0,0.0,0.0,4.0,4.0,0.0,8.0,2008.0,134000.0,1.0,0.0,1.0,0.0,0.0,0.0,0.0,0.0,0.8356164383561644,0.8678082191780822,0.8205479452054795,0.36712328767123287,0.7883561643835616,0.050684931506849315,0.05547945205479452,0.9897260273972602,0.7205479452054795,0.1958904109589041,0.9821917808219178,0.15205479452054796,0.14178082191780822,0.43424657534246575,0.9780821917808219,0.914324880054832,0.630891950688905
1223,78.0,10496.0,0.0,0.0,0.0,1.0,6.0,6.0,1949.0,1950.0,320.0,2.0,2.0,2.0,2.0,2.0,3.0,196.0,5.0,0.0,844.0,1040.0,0.0,1168.0,678.0,0.0,1846.0,3.0,1.0,2.0,7.0,0.0,1.0,1.0,2.0,1949.0,2.0,1.0,315.0,2.0,2.0,0.0,0.0,0.0,0.0,0.0,0.0,0.0,4.0,2.0,0.0,1.0,2007.0,143000.0,1.0,0.0,1.0,1.0,0.0,0.0,0.0,0.0,0.8356164383561644,0.8678082191780822,0.8205479452054795,0.09863013698630137,0.7883561643835616,0.1541095890410959,0.03287671232876712,0.9897260273972602,0.7205479452054795,0.7815068493150685,0.9821917808219178,0.1410958904109589,0.13493150684931507,0.43424657534246575,0.9780821917808219,0.914324880054832,0.630891950688905
1224,89.0,10680.0,0.0,0.0,0.0,0.0,5.0,3.0,1951.0,1951.0,44.0,2.0,2.0,2.0,3.0,3.0,4.0,756.0,5.0,0.0,1380.0,2136.0,2.0,2136.0,0.0,0.0,2136.0,4.0,1.0,2.0,7.0,3.0,0.0,5.0,2.0,1951.0,2.0,2.0,528.0,2.0,2.0,0.0,0.0,30.0,0.0,0.0,0.0,0.0,4.0,1.0,0.0,10.0,2006.0,137900.0,1.0,0.0,0.0,1.0,0.0,0.0,0.0,0.0,0.8356164383561644,0.8678082191780822,0.8205479452054795,0.36712328767123287,0.7883561643835616,0.1541095890410959,0.863013698630137,0.9897260273972602,0.7205479452054795,0.1958904109589041,0.9821917808219178,0.1410958904109589,0.13493150684931507,0.43424657534246575,0.9780821917808219,0.06442769019876628,0.28063814358230604
1225,60.0,15384.0,1.0,0.0,0.0,3.0,7.0,5.0,2004.0,2005.0,0.0,1.0,2.0,1.0,2.0,1.0,0.0,724.0,5.0,0.0,64.0,788.0,0.0,788.0,702.0,0.0,1490.0,3.0,1.0,1.0,8.0,0.0,1.0,1.0,3.5,2004.0,0.0,2.0,388.0,2.0,2.0,0.0,100.0,75.0,0.0,0.0,0.0,0.0,4.0,4.0,0.0,2.0,2008.0,184000.0,1.0,0.0,1.0,0.0,0.0,0.0,0.0,0.0,0.8356164383561644,0.8678082191780822,0.8205479452054795,0.2047945205479452,0.7883561643835616,0.05410958904109589,0.01780821917808219,0.9897260273972602,0.7205479452054795,0.7815068493150685,0.9821917808219178,0.3527397260273973,0.3452054794520548,0.44315068493150683,0.9780821917808219,0.914324880054832,0.630891950688905
1226,65.0,10482.0,0.0,0.0,0.0,7.0,6.0,8.0,1958.0,1958.0,63.0,2.0,1.0,2.0,2.0,1.0,0.0,507.0,5.0,0.0,81.0,588.0,0.0,1138.0,0.0,0.0,1138.0,3.0,1.0,2.0,6.0,0.0,0.0,5.0,1.5,1958.0,1.0,1.0,264.0,2.0,2.0,0.0,224.0,0.0,0.0,0.0,0.0,0.0,4.0,3.0,0.0,6.0,2007.0,145000.0,1.0,0.0,1.0,1.0,0.0,0.0,0.0,0.0,0.8356164383561644,0.8678082191780822,0.8205479452054795,0.03972602739726028,0.7883561643835616,0.1541095890410959,0.863013698630137,0.9897260273972602,0.7205479452054795,0.1958904109589041,0.9821917808219178,0.3527397260273973,0.3452054794520548,0.43424657534246575,0.9780821917808219,0.914324880054832,0.630891950688905
1227,86.0,14598.0,1.0,0.0,0.0,3.0,6.0,5.0,2007.0,2007.0,74.0,1.0,2.0,1.0,2.0,2.0,5.0,0.0,5.0,0.0,894.0,894.0,0.0,894.0,1039.0,0.0,1933.0,4.0,1.0,1.0,9.0,0.0,1.0,1.0,2.5,2007.0,0.0,3.0,668.0,2.0,2.0,0.0,100.0,18.0,0.0,0.0,0.0,0.0,4.0,4.0,0.0,1.0,2008.0,214000.0,1.0,0.0,1.0,0.0,1.0,0.0,0.0,0.0,0.8356164383561644,0.8678082191780822,0.8205479452054795,0.2047945205479452,0.7883561643835616,0.0589041095890411,0.05547945205479452,0.9897260273972602,0.06438356164383562,0.7815068493150685,0.9821917808219178,0.3527397260273973,0.3452054794520548,0.44315068493150683,0.9780821917808219,0.914324880054832,0.06381435823060189
1228,72.0,8872.0,0.0,0.0,0.0,0.0,5.0,8.0,1965.0,2008.0,300.0,2.0,2.0,2.0,2.0,3.0,1.0,595.0,5.0,0.0,317.0,912.0,0.0,912.0,0.0,0.0,912.0,2.0,1.0,1.0,5.0,0.0,0.0,5.0,2.0,1992.0,2.0,2.0,576.0,2.0,2.0,0.0,0.0,240.0,0.0,0.0,0.0,0.0,4.0,4.0,0.0,12.0,2008.0,147000.0,1.0,0.0,1.0,1.0,0.0,0.0,0.0,0.0,0.8356164383561644,0.8678082191780822,0.8205479452054795,0.36712328767123287,0.7883561643835616,0.1541095890410959,0.863013698630137,0.9897260273972602,0.18013698630136987,0.7815068493150685,0.9821917808219178,0.3527397260273973,0.3452054794520548,0.43424657534246575,0.9780821917808219,0.914324880054832,0.28063814358230604
1229,65.0,8769.0,0.0,0.0,0.0,0.0,9.0,5.0,2008.0,2008.0,766.0,0.0,2.0,0.0,2.0,3.0,0.0,1540.0,5.0,0.0,162.0,1702.0,0.0,1702.0,0.0,0.0,1702.0,1.0,1.0,0.0,7.0,0.0,1.0,1.0,2.5,2008.0,0.0,3.0,1052.0,2.0,2.0,0.0,0.0,72.0,0.0,0.0,224.0,0.0,4.0,4.0,0.0,10.0,2008.0,367294.0,1.0,0.0,1.0,1.0,0.0,0.0,0.0,0.0,0.07808219178082192,0.08356164383561644,0.08561643835616438,0.05958904109589041,0.7883561643835616,0.05273972602739726,0.863013698630137,0.9897260273972602,0.18013698630136987,0.1958904109589041,0.9821917808219178,0.1506849315068493,0.14657534246575343,0.44315068493150683,0.9780821917808219,0.914324880054832,0.630891950688905
1230,70.0,7910.0,0.0,0.0,0.0,7.0,5.0,5.0,1960.0,1960.0,0.0,2.0,2.0,2.0,2.0,3.0,1.0,666.0,5.0,0.0,409.0,1075.0,1.0,1507.0,0.0,0.0,1507.0,4.0,1.0,2.0,7.0,4.0,0.0,5.0,2.0,1960.0,2.0,1.0,404.0,2.0,2.0,0.0,0.0,0.0,0.0,0.0,0.0,0.0,4.0,2.0,0.0,8.0,2008.0,127000.0,1.0,0.0,1.0,0.0,0.0,0.0,0.0,0.0,0.8356164383561644,0.8678082191780822,0.8205479452054795,0.03972602739726028,0.7883561643835616,0.1541095890410959,0.863013698630137,0.9897260273972602,0.7205479452054795,0.1958904109589041,0.9821917808219178,0.03424657534246575,0.14178082191780822,0.43424657534246575,0.9780821917808219,0.914324880054832,0.013778100072516316
1231,74.6,18890.0,1.0,0.0,0.0,1.0,5.0,5.0,1977.0,1977.0,1.0,2.0,2.0,1.0,2.0,3.0,0.0,498.0,3.0,211.0,652.0,1361.0,0.0,1361.0,1259.0,0.0,2620.0,4.0,2.0,2.0,12.0,0.0,1.0,2.0,3.0,1977.0,1.0,2.0,600.0,2.0,2.0,2.0,155.0,24.0,145.0,0.0,0.0,0.0,4.0,4.0,8300.0,8.0,2007.0,190000.0,1.0,0.0,1.0,0.0,0.0,0.0,0.0,0.0,0.03561643835616438,0.8678082191780822,0.8205479452054795,0.03561643835616438,0.7883561643835616,0.050684931506849315,0.05547945205479452,0.0006849315068493151,0.7205479452054795,0.0013698630136986301,0.9821917808219178,0.07397260273972603,0.09726027397260274,0.43424657534246575,0.9780821917808219,0.914324880054832,0.06381435823060189
1232,70.0,7728.0,0.0,0.0,0.0,7.0,5.0,6.0,1962.0,1962.0,120.0,2.0,2.0,2.0,2.0,1.0,1.0,803.0,5.0,0.0,303.0,1106.0,2.0,1190.0,0.0,0.0,1190.0,3.0,1.0,2.0,6.0,0.0,0.0,5.0,2.0,1962.0,2.0,2.0,540.0,2.0,2.0,0.0,0.0,18.0,0.0,0.0,0.0,0.0,4.0,2.0,0.0,5.0,2006.0,132500.0,1.0,0.0,1.0,1.0,0.0,0.0,0.0,0.0,0.03561643835616438,0.8678082191780822,0.8205479452054795,0.03561643835616438,0.7883561643835616,0.1541095890410959,0.863013698630137,0.9897260273972602,0.7205479452054795,0.1958904109589041,0.9821917808219178,0.1410958904109589,0.13493150684931507,0.43424657534246575,0.9780821917808219,0.914324880054832,0.630891950688905
1233,70.0,9842.0,0.0,0.0,0.0,0.0,4.0,5.0,1962.0,1962.0,0.0,2.0,2.0,5.0,5.0,4.0,6.0,0.0,6.0,0.0,0.0,0.0,2.0,1224.0,0.0,0.0,1224.0,2.0,2.0,2.0,6.0,0.0,0.0,5.0,2.0,1962.0,2.0,2.0,462.0,2.0,2.0,0.0,0.0,0.0,0.0,0.0,0.0,0.0,4.0,4.0,0.0,3.0,2007.0,101800.0,1.0,0.0,1.0,0.0,0.0,0.0,0.0,0.0,0.03561643835616438,0.8678082191780822,0.8205479452054795,0.03561643835616438,0.7883561643835616,0.1541095890410959,0.863013698630137,0.9897260273972602,0.03219178082191781,0.7815068493150685,0.9821917808219178,0.15205479452054796,0.14178082191780822,0.01643835616438356,0.9780821917808219,0.914324880054832,0.006526468455402465
1234,79.0,12160.0,1.0,0.0,0.0,0.0,5.0,5.0,1959.0,1959.0,180.0,2.0,2.0,2.0,2.0,3.0,3.0,1000.0,5.0,0.0,188.0,1188.0,3.0,1188.0,0.0,0.0,1188.0,3.0,1.0,2.0,6.0,0.0,0.0,5.0,2.0,1959.0,1.0,2.0,531.0,2.0,2.0,0.0,0.0,0.0,0.0,0.0,0.0,0.0,4.0,1.0,0.0,5.0,2010.0,142000.0,1.0,0.0,1.0,1.0,0.0,0.0,0.0,0.0,0.8356164383561644,0.02945205479452055,0.06917808219178082,0.36712328767123287,0.7883561643835616,0.1541095890410959,0.863013698630137,0.9897260273972602,0.7205479452054795,0.1958904109589041,0.9821917808219178,0.07397260273972603,0.09726027397260274,0.43424657534246575,0.9780821917808219,0.914324880054832,0.630891950688905
1235,55.0,8525.0,0.0,1.0,0.0,3.0,5.0,6.0,1911.0,1950.0,0.0,2.0,2.0,2.0,2.0,1.0,5.0,0.0,5.0,0.0,940.0,940.0,2.0,1024.0,940.0,0.0,1964.0,4.0,1.0,2.0,7.0,0.0,0.0,5.0,1.5,1966.4,3.0,0.0,0.0,5.0,5.0,2.0,0.0,192.0,0.0,0.0,0.0,0.0,4.0,4.0,0.0,11.0,2008.0,130000.0,1.0,0.0,0.0,0.0,0.0,0.0,0.0,0.0,0.8356164383561644,0.8678082191780822,0.06917808219178082,0.0410958904109589,0.010958904109589041,0.017123287671232876,0.863013698630137,0.9897260273972602,0.7205479452054795,0.7815068493150685,0.9821917808219178,0.1506849315068493,0.14657534246575343,0.44315068493150683,0.9780821917808219,0.06442769019876628,0.4907904278462654
1236,96.0,13132.0,0.0,0.0,0.0,3.0,5.0,5.0,1914.0,1950.0,0.0,2.0,2.0,1.0,2.0,2.0,5.0,0.0,5.0,0.0,747.0,747.0,1.0,892.0,892.0,0.0,1784.0,4.0,1.0,2.0,9.0,0.0,0.0,5.0,1.5,1914.0,2.0,1.0,180.0,3.0,3.0,2.0,203.0,40.0,0.0,0.0,0.0,0.0,4.0,4.0,0.0,7.0,2006.0,138887.0,1.0,0.0,1.0,0.0,0.0,0.0,0.0,0.0,0.8356164383561644,0.8678082191780822,0.8205479452054795,0.0410958904109589,0.7883561643835616,0.03493150684931507,0.863013698630137,0.9897260273972602,0.7205479452054795,0.7815068493150685,0.9821917808219178,0.1410958904109589,0.13493150684931507,0.1,0.9780821917808219,0.018505825908156272,0.28063814358230604
1237,36.0,2628.0,0.0,0.0,0.0,3.0,7.0,5.0,2003.0,2003.0,106.0,1.0,2.0,1.0,2.0,3.0,5.0,0.0,5.0,0.0,764.0,764.0,0.0,764.0,862.0,0.0,1626.0,2.0,1.0,1.0,6.0,0.0,0.0,5.0,2.5,2003.0,1.0,2.0,474.0,2.0,2.0,0.0,0.0,27.0,0.0,0.0,0.0,0.0,4.0,4.0,0.0,6.0,2010.0,175500.0,1.0,0.0,1.0,0.0,1.0,0.0,0.0,0.0,0.02945205479452055,0.8678082191780822,0.8205479452054795,0.04315068493150685,0.7883561643835616,0.05273972602739726,0.863013698630137,0.9897260273972602,0.7205479452054795,0.7815068493150685,0.9821917808219178,0.3527397260273973,0.026027397260273973,0.44315068493150683,0.9780821917808219,0.914324880054832,0.06381435823060189
1238,41.0,12393.0,2.0,0.0,0.0,3.0,7.0,5.0,2004.0,2005.0,0.0,1.0,2.0,1.0,2.0,3.0,5.0,0.0,5.0,0.0,847.0,847.0,0.0,847.0,1101.0,0.0,1948.0,4.0,1.0,1.0,8.0,0.0,1.0,1.0,2.5,2004.0,0.0,2.0,434.0,2.0,2.0,0.0,100.0,48.0,0.0,0.0,0.0,0.0,4.0,4.0,0.0,9.0,2006.0,195000.0,1.0,0.0,1.0,0.0,0.0,0.0,0.0,0.0,0.8356164383561644,0.8678082191780822,0.8205479452054795,0.2047945205479452,0.7883561643835616,0.10273972602739725,0.863013698630137,0.9897260273972602,0.03219178082191781,0.7815068493150685,0.9821917808219178,0.3527397260273973,0.3452054794520548,0.44315068493150683,0.9780821917808219,0.914324880054832,0.06381435823060189
1239,63.0,13072.0,0.0,0.0,0.0,0.0,6.0,5.0,2005.0,2005.0,0.0,1.0,2.0,1.0,2.0,3.0,5.0,0.0,5.0,0.0,1141.0,1141.0,0.0,1141.0,0.0,0.0,1141.0,3.0,1.0,2.0,6.0,0.0,0.0,5.0,1.5,2005.0,2.0,2.0,484.0,2.0,2.0,0.0,0.0,0.0,0.0,0.0,0.0,0.0,4.0,4.0,0.0,3.0,2006.0,142500.0,1.0,0.0,1.0,0.0,0.0,0.0,0.0,0.0,0.8356164383561644,0.8678082191780822,0.06917808219178082,0.36712328767123287,0.7883561643835616,0.04041095890410959,0.007534246575342466,0.9897260273972602,0.7205479452054795,0.7815068493150685,0.9821917808219178,0.3527397260273973,0.3452054794520548,0.44315068493150683,0.9780821917808219,0.914324880054832,0.28063814358230604
1240,64.0,9037.0,1.0,2.0,0.0,0.0,8.0,5.0,2006.0,2006.0,32.0,1.0,2.0,1.0,2.0,1.0,0.0,428.0,5.0,0.0,1048.0,1476.0,0.0,1484.0,0.0,0.0,1484.0,2.0,1.0,0.0,6.0,0.0,1.0,1.0,2.0,2006.0,1.0,2.0,472.0,2.0,2.0,0.0,120.0,33.0,0.0,0.0,0.0,0.0,4.0,4.0,0.0,12.0,2007.0,265900.0,1.0,0.0,1.0,1.0,0.0,0.0,0.0,0.0,0.8356164383561644,0.8678082191780822,0.8205479452054795,0.36712328767123287,0.7883561643835616,0.026027397260273973,0.863013698630137,0.9897260273972602,0.7205479452054795,0.1958904109589041,0.9821917808219178,0.3527397260273973,0.3452054794520548,0.44315068493150683,0.9780821917808219,0.914324880054832,0.630891950688905
1241,65.0,8158.0,0.0,0.0,0.0,3.0,7.0,5.0,2003.0,2003.0,252.0,1.0,2.0,1.0,2.0,3.0,0.0,550.0,5.0,0.0,334.0,884.0,0.0,884.0,884.0,0.0,1768.0,3.0,1.0,1.0,8.0,0.0,0.0,5.0,3.5,2003.0,1.0,2.0,543.0,2.0,2.0,0.0,0.0,63.0,0.0,0.0,0.0,0.0,4.0,4.0,0.0,7.0,2008.0,224900.0,1.0,0.0,1.0,1.0,0.0,0.0,0.0,0.0,0.8356164383561644,0.8678082191780822,0.8205479452054795,0.2047945205479452,0.7883561643835616,0.10273972602739725,0.863013698630137,0.9897260273972602,0.7205479452054795,0.7815068493150685,0.9821917808219178,0.3527397260273973,0.3452054794520548,0.44315068493150683,0.9780821917808219,0.914324880054832,0.630891950688905
1242,83.0,9849.0,0.0,0.0,0.0,0.0,7.0,6.0,2007.0,2007.0,0.0,1.0,2.0,1.0,2.0,1.0,5.0,0.0,5.0,0.0,1689.0,1689.0,0.0,1689.0,0.0,0.0,1689.0,3.0,1.0,1.0,7.0,0.0,0.0,5.0,2.0,2007.0,1.0,3.0,954.0,2.0,2.0,0.0,0.0,56.0,0.0,0.0,0.0,0.0,4.0,4.0,0.0,6.0,2007.0,248328.0,1.0,0.0,1.0,0.0,1.0,0.0,0.0,0.0,0.8356164383561644,0.08356164383561644,0.08561643835616438,0.36712328767123287,0.7883561643835616,0.0589041095890411,0.863013698630137,0.9897260273972602,0.7205479452054795,0.1958904109589041,0.9821917808219178,0.3527397260273973,0.3452054794520548,0.44315068493150683,0.9780821917808219,0.914324880054832,0.630891950688905
1243,85.0,10625.0,0.0,0.0,0.0,6.0,7.0,6.0,1974.0,1974.0,81.0,2.0,2.0,1.0,2.0,0.0,0.0,885.0,4.0,168.0,0.0,1053.0,2.0,1173.0,0.0,0.0,1173.0,3.0,1.0,1.0,6.0,0.0,2.0,2.0,3.0,1974.0,1.0,2.0,528.0,2.0,2.0,0.0,0.0,120.0,0.0,0.0,0.0,0.0,4.0,1.0,0.0,1.0,2010.0,170000.0,1.0,0.0,1.0,1.0,0.0,0.0,0.0,0.0,0.8356164383561644,0.8678082191780822,0.0136986301369863,0.0136986301369863,0.7883561643835616,0.05,0.863013698630137,0.9897260273972602,0.7205479452054795,0.7815068493150685,0.9821917808219178,0.07397260273972603,0.09726027397260274,0.43424657534246575,0.9780821917808219,0.914324880054832,0.630891950688905
1244,107.0,13891.0,0.0,0.0,0.0,0.0,10.0,5.0,2006.0,2006.0,450.6,0.0,2.0,0.0,1.0,0.0,0.0,1386.0,5.0,0.0,690.0,2076.0,0.0,2076.0,0.0,0.0,2076.0,2.0,1.0,0.0,7.0,0.0,1.0,1.0,3.5,2006.0,0.0,3.0,850.0,2.0,2.0,0.0,216.0,229.0,0.0,0.0,0.0,0.0,4.0,4.0,0.0,9.0,2006.0,465000.0,1.0,0.0,1.0,0.0,0.0,0.0,0.0,0.0,0.8356164383561644,0.08356164383561644,0.08561643835616438,0.36712328767123287,0.7883561643835616,0.05273972602739726,0.863013698630137,0.9897260273972602,0.7205479452054795,0.7815068493150685,0.9821917808219178,0.3527397260273973,0.3452054794520548,0.44315068493150683,0.9780821917808219,0.914324880054832,0.630891950688905
1245,81.2,11435.0,1.0,2.0,1.0,3.0,8.0,7.0,1929.0,1950.0,0.0,2.0,2.0,1.0,2.0,3.0,5.0,0.0,5.0,0.0,792.0,792.0,3.0,792.0,725.0,0.0,1517.0,3.0,1.0,1.0,7.0,0.0,2.0,1.0,1.0,1931.0,2.0,2.0,400.0,2.0,2.0,0.0,0.0,0.0,0.0,0.0,0.0,0.0,4.0,4.0,0.0,6.0,2006.0,230000.0,1.0,0.0,1.0,0.0,0.0,0.0,0.0,0.0,0.8356164383561644,0.8678082191780822,0.8205479452054795,0.0410958904109589,0.7883561643835616,0.03493150684931507,0.863013698630137,0.9897260273972602,0.18013698630136987,0.7815068493150685,0.9821917808219178,0.03424657534246575,0.01780821917808219,0.44315068493150683,0.9780821917808219,0.914324880054832,0.28063814358230604
1246,78.0,12090.0,0.0,0.0,0.0,7.0,6.0,7.0,1984.0,2003.0,74.0,2.0,2.0,1.0,2.0,3.0,5.0,0.0,5.0,0.0,585.0,585.0,0.0,1140.0,728.0,0.0,1868.0,3.0,1.0,2.0,7.0,0.0,1.0,2.0,3.5,1984.0,0.0,2.0,477.0,2.0,2.0,0.0,268.0,112.0,0.0,0.0,147.0,0.0,4.0,4.0,0.0,1.0,2007.0,178000.0,1.0,0.0,1.0,1.0,0.0,0.0,0.0,0.0,0.8356164383561644,0.8678082191780822,0.06917808219178082,0.03972602739726028,0.7883561643835616,0.05,0.863013698630137,0.9897260273972602,0.7205479452054795,0.1958904109589041,0.9821917808219178,0.3527397260273973,0.3452054794520548,0.43424657534246575,0.9780821917808219,0.914324880054832,0.06381435823060189
1247,65.0,8125.0,0.0,0.0,0.0,3.0,7.0,5.0,2005.0,2006.0,0.0,1.0,2.0,1.0,2.0,3.0,5.0,0.0,5.0,0.0,756.0,756.0,0.0,756.0,797.0,0.0,1553.0,3.0,1.0,1.0,6.0,0.0,0.0,5.0,2.5,2005.0,1.0,2.0,615.0,2.0,2.0,0.0,0.0,45.0,0.0,0.0,0.0,0.0,4.0,4.0,0.0,3.0,2006.0,186500.0,1.0,0.0,1.0,0.0,0.0,0.0,0.0,0.0,0.8356164383561644,0.08356164383561644,0.08561643835616438,0.2047945205479452,0.04452054794520548,0.0589041095890411,0.863013698630137,0.9897260273972602,0.7205479452054795,0.7815068493150685,0.9821917808219178,0.3527397260273973,0.3452054794520548,0.44315068493150683,0.9780821917808219,0.914324880054832,0.630891950688905
1248,77.8,12328.0,1.0,0.0,0.0,7.0,6.0,5.0,1976.0,1976.0,335.0,2.0,2.0,2.0,2.0,1.0,0.0,539.0,5.0,0.0,473.0,1012.0,2.0,1034.0,0.0,0.0,1034.0,3.0,1.0,2.0,6.0,0.0,0.0,5.0,2.0,1976.0,2.0,3.0,888.0,2.0,2.0,0.0,0.0,0.0,0.0,0.0,0.0,0.0,4.0,4.0,0.0,5.0,2010.0,169900.0,1.0,0.0,1.0,1.0,0.0,0.0,0.0,0.0,0.8356164383561644,0.8678082191780822,0.8205479452054795,0.03972602739726028,0.7883561643835616,0.03356164383561644,0.863013698630137,0.9897260273972602,0.7205479452054795,0.7815068493150685,0.9821917808219178,0.15205479452054796,0.14178082191780822,0.43424657534246575,0.9780821917808219,0.914324880054832,0.630891950688905
1249,60.0,9600.0,0.0,0.0,0.0,5.0,6.0,5.0,1917.0,1950.0,0.0,2.0,2.0,1.0,2.0,3.0,3.0,319.0,5.0,0.0,416.0,735.0,3.0,1134.0,924.0,0.0,2058.0,3.0,1.0,2.0,8.0,0.0,1.0,1.0,1.5,1950.0,2.0,2.0,396.0,3.0,3.0,1.0,0.0,0.0,259.0,0.0,0.0,0.0,4.0,4.0,0.0,4.0,2008.0,129500.0,1.0,0.0,0.0,0.0,0.0,0.0,0.0,0.0,0.8356164383561644,0.8678082191780822,0.8205479452054795,0.010958904109589041,0.14931506849315068,0.0773972602739726,0.863013698630137,0.9897260273972602,0.7205479452054795,0.7815068493150685,0.9821917808219178,0.0136986301369863,0.0136986301369863,0.1,0.0013698630136986301,0.914324880054832,0.28063814358230604
1250,60.0,7200.0,0.0,0.0,0.0,0.0,5.0,7.0,1950.0,1950.0,0.0,2.0,2.0,2.0,2.0,3.0,2.0,534.0,3.0,96.0,246.0,876.0,2.0,988.0,0.0,0.0,988.0,3.0,1.0,2.0,6.0,0.0,0.0,5.0,1.0,1950.0,2.0,1.0,276.0,2.0,2.0,0.0,0.0,80.0,0.0,0.0,0.0,0.0,4.0,4.0,0.0,5.0,2007.0,119000.0,1.0,0.0,1.0,0.0,0.0,0.0,0.0,0.0,0.8356164383561644,0.8678082191780822,0.8205479452054795,0.36712328767123287,0.7883561643835616,0.1541095890410959,0.863013698630137,0.9897260273972602,0.7205479452054795,0.7815068493150685,0.9821917808219178,0.1506849315068493,0.14657534246575343,0.43424657534246575,0.9780821917808219,0.914324880054832,0.630891950688905
1251,93.0,11160.0,0.0,0.0,0.0,0.0,7.0,5.0,1968.0,1968.0,0.0,1.0,2.0,2.0,2.0,3.0,1.0,1065.0,5.0,0.0,1045.0,2110.0,0.0,2110.0,0.0,0.0,2110.0,3.0,1.0,0.0,8.0,0.0,2.0,2.0,3.5,1968.0,0.0,2.0,522.0,2.0,2.0,0.0,0.0,0.0,0.0,0.0,0.0,0.0,4.0,4.0,0.0,4.0,2010.0,244000.0,1.0,0.0,1.0,0.0,0.0,0.0,0.0,0.0,0.8356164383561644,0.8678082191780822,0.8205479452054795,0.36712328767123287,0.7883561643835616,0.1541095890410959,0.863013698630137,0.9897260273972602,0.18013698630136987,0.1958904109589041,0.9821917808219178,0.03424657534246575,0.017123287671232876,0.43424657534246575,0.9780821917808219,0.914324880054832,0.630891950688905
1252,39.8,3136.0,1.0,0.0,0.0,0.0,7.0,5.0,2003.0,2003.0,163.0,1.0,2.0,1.0,2.0,3.0,5.0,0.0,5.0,0.0,1405.0,1405.0,0.0,1405.0,0.0,0.0,1405.0,2.0,1.0,1.0,6.0,0.0,1.0,1.0,2.0,2003.0,1.0,2.0,478.0,2.0,2.0,0.0,148.0,36.0,0.0,0.0,0.0,0.0,4.0,4.0,0.0,3.0,2006.0,171750.0,1.0,0.0,1.0,0.0,1.0,0.0,0.0,0.0,0.07808219178082192,0.8678082191780822,0.8205479452054795,0.05958904109589041,0.7883561643835616,0.05273972602739726,0.863013698630137,0.9897260273972602,0.18013698630136987,0.7815068493150685,0.9821917808219178,0.3527397260273973,0.026027397260273973,0.44315068493150683,0.9780821917808219,0.914324880054832,0.630891950688905
1253,62.0,9858.0,0.0,0.0,0.0,0.0,5.0,6.0,1968.0,1968.0,0.0,2.0,2.0,2.0,2.0,3.0,2.0,510.0,5.0,0.0,354.0,864.0,2.0,874.0,0.0,0.0,874.0,3.0,1.0,2.0,5.0,0.0,0.0,5.0,2.0,1968.0,1.0,1.0,288.0,2.0,2.0,0.0,33.0,0.0,0.0,0.0,0.0,0.0,4.0,2.0,600.0,11.0,2009.0,130000.0,1.0,0.0,1.0,0.0,0.0,0.0,1.0,0.0,0.8356164383561644,0.8678082191780822,0.8205479452054795,0.36712328767123287,0.7883561643835616,0.03356164383561644,0.863013698630137,0.9897260273972602,0.7205479452054795,0.7815068493150685,0.9821917808219178,0.15205479452054796,0.14178082191780822,0.43424657534246575,0.9780821917808219,0.914324880054832,0.630891950688905
1254,81.0,17542.0,1.0,0.0,0.0,3.0,7.0,7.0,1974.0,2003.0,0.0,1.0,2.0,2.0,2.0,0.0,4.0,125.0,1.0,1031.0,36.0,1192.0,2.0,1516.0,651.0,0.0,2167.0,3.0,1.0,1.0,9.0,0.0,2.0,1.0,3.5,1974.0,1.0,2.0,518.0,2.0,2.0,0.0,220.0,47.0,0.0,0.0,0.0,0.0,4.0,1.0,0.0,7.0,2007.0,294000.0,1.0,0.0,1.0,0.0,0.0,0.0,0.0,0.0,0.8356164383561644,0.8678082191780822,0.8205479452054795,0.2047945205479452,0.7883561643835616,0.007534246575342466,0.863013698630137,0.9897260273972602,0.7205479452054795,0.7815068493150685,0.9821917808219178,0.1410958904109589,0.13493150684931507,0.43424657534246575,0.9780821917808219,0.914324880054832,0.630891950688905
1255,60.0,6931.0,0.0,0.0,0.0,3.0,7.0,5.0,2003.0,2004.0,92.0,1.0,2.0,1.0,2.0,3.0,5.0,0.0,5.0,0.0,746.0,746.0,0.0,760.0,896.0,0.0,1656.0,3.0,1.0,1.0,7.0,0.0,1.0,1.0,2.5,2003.0,0.0,2.0,397.0,2.0,2.0,0.0,178.0,128.0,0.0,0.0,0.0,0.0,4.0,4.0,0.0,7.0,2008.0,165400.0,1.0,0.0,1.0,0.0,1.0,0.0,0.0,0.0,0.8356164383561644,0.8678082191780822,0.8205479452054795,0.2047945205479452,0.7883561643835616,0.0684931506849315,0.863013698630137,0.9897260273972602,0.7205479452054795,0.7815068493150685,0.9821917808219178,0.3527397260273973,0.3452054794520548,0.44315068493150683,0.9780821917808219,0.914324880054832,0.06381435823060189
1256,52.0,6240.0,0.0,0.0,0.0,1.0,6.0,6.0,1931.0,1950.0,0.0,2.0,2.0,2.0,3.0,3.0,4.0,425.0,5.0,0.0,459.0,884.0,2.0,959.0,408.0,0.0,1367.0,3.0,1.0,2.0,6.0,0.0,1.0,1.0,1.0,1978.0,2.0,1.0,560.0,2.0,2.0,0.0,0.0,0.0,0.0,0.0,120.0,0.0,4.0,4.0,0.0,11.0,2007.0,127500.0,1.0,0.0,1.0,0.0,0.0,0.0,0.0,0.0,0.8356164383561644,0.8678082191780822,0.8205479452054795,0.09863013698630137,0.14931506849315068,0.03972602739726028,0.863013698630137,0.9897260273972602,0.7205479452054795,0.7815068493150685,0.9821917808219178,0.1410958904109589,0.13493150684931507,0.1,0.9780821917808219,0.06442769019876628,0.28063814358230604
1257,91.0,14303.0,1.0,0.0,0.0,0.0,8.0,5.0,1994.0,1994.0,554.0,1.0,2.0,1.0,2.0,0.0,0.0,1314.0,5.0,0.0,672.0,1986.0,0.0,1987.0,0.0,0.0,1987.0,2.0,1.0,1.0,7.0,0.0,1.0,2.0,3.0,1994.0,0.0,2.0,691.0,2.0,2.0,0.0,262.0,36.0,0.0,0.0,0.0,0.0,4.0,4.0,0.0,8.0,2008.0,301500.0,1.0,0.0,1.0,1.0,0.0,0.0,0.0,0.0,0.8356164383561644,0.8678082191780822,0.8205479452054795,0.36712328767123287,0.7883561643835616,0.028082191780821917,0.863013698630137,0.9897260273972602,0.18013698630136987,0.1958904109589041,0.9821917808219178,0.15205479452054796,0.14178082191780822,0.44315068493150683,0.9780821917808219,0.914324880054832,0.630891950688905
1258,56.0,4060.0,0.0,0.0,0.0,0.0,5.0,8.0,1922.0,1950.0,0.0,2.0,2.0,3.0,2.0,3.0,5.0,0.0,5.0,0.0,864.0,864.0,0.0,864.0,0.0,0.0,864.0,2.0,1.0,2.0,4.0,0.0,0.0,5.0,1.0,1951.8,3.0,0.0,0.0,5.0,5.0,0.0,0.0,96.0,0.0,0.0,0.0,0.0,4.0,4.0,0.0,7.0,2009.0,99900.0,1.0,0.0,1.0,0.0,0.0,0.0,0.0,0.0,0.8356164383561644,0.8678082191780822,0.8205479452054795,0.04726027397260274,0.7883561643835616,0.0684931506849315,0.05547945205479452,0.9897260273972602,0.18013698630136987,0.7815068493150685,0.9821917808219178,0.1410958904109589,0.13493150684931507,0.44315068493150683,0.9780821917808219,0.914324880054832,0.28063814358230604
1259,59.0,9587.0,1.0,0.0,0.0,7.0,7.0,5.0,2005.0,2005.0,182.0,1.0,2.0,1.0,2.0,0.0,0.0,655.0,5.0,0.0,201.0,856.0,0.0,1166.0,0.0,0.0,1166.0,2.0,1.0,1.0,5.0,0.0,0.0,5.0,3.0,2005.0,0.0,2.0,400.0,2.0,2.0,0.0,212.0,0.0,0.0,0.0,0.0,0.0,4.0,4.0,0.0,7.0,2008.0,190000.0,1.0,0.0,1.0,0.0,1.0,0.0,0.0,0.0,0.8356164383561644,0.8678082191780822,0.8205479452054795,0.03972602739726028,0.7883561643835616,0.05410958904109589,0.863013698630137,0.9897260273972602,0.7205479452054795,0.7815068493150685,0.9821917808219178,0.3527397260273973,0.3452054794520548,0.44315068493150683,0.9780821917808219,0.914324880054832,0.630891950688905
1260,65.0,9750.0,0.0,0.0,0.0,0.0,6.0,8.0,1969.0,1969.0,0.0,2.0,2.0,1.0,2.0,3.0,1.0,602.0,4.0,438.0,14.0,1054.0,1.0,1054.0,0.0,0.0,1054.0,3.0,1.0,2.0,6.0,0.0,0.0,5.0,2.5,1969.0,2.0,2.0,460.0,2.0,2.0,0.0,180.0,0.0,0.0,0.0,80.0,0.0,4.0,4.0,0.0,7.0,2008.0,151000.0,1.0,0.0,1.0,0.0,0.0,0.0,0.0,0.0,0.8356164383561644,0.8678082191780822,0.8205479452054795,0.36712328767123287,0.7883561643835616,0.1541095890410959,0.863013698630137,0.9897260273972602,0.03219178082191781,0.7815068493150685,0.9821917808219178,0.15205479452054796,0.14178082191780822,0.43424657534246575,0.9780821917808219,0.914324880054832,0.630891950688905
1261,69.8,24682.0,3.0,0.0,0.0,3.0,6.0,5.0,1999.0,1999.0,0.0,2.0,2.0,1.0,2.0,3.0,5.0,0.0,5.0,0.0,841.0,841.0,0.0,892.0,783.0,0.0,1675.0,3.0,1.0,2.0,7.0,0.0,1.0,2.0,2.5,1999.0,0.0,2.0,502.0,2.0,2.0,0.0,0.0,103.0,0.0,0.0,0.0,0.0,4.0,4.0,0.0,6.0,2009.0,181000.0,1.0,0.0,1.0,0.0,0.0,0.0,0.0,0.0,0.8356164383561644,0.8678082191780822,0.8205479452054795,0.2047945205479452,0.7883561643835616,0.05410958904109589,0.01780821917808219,0.9897260273972602,0.06438356164383562,0.7815068493150685,0.9821917808219178,0.3527397260273973,0.3452054794520548,0.44315068493150683,0.9780821917808219,0.914324880054832,0.06381435823060189
1262,80.0,9600.0,0.0,0.0,0.0,0.0,5.0,6.0,1956.0,1956.0,0.0,2.0,2.0,2.0,2.0,3.0,3.0,504.0,5.0,0.0,546.0,1050.0,1.0,1050.0,0.0,0.0,1050.0,2.0,1.0,2.0,5.0,0.0,0.0,5.0,1.0,1956.0,2.0,1.0,338.0,2.0,2.0,0.0,0.0,0.0,0.0,0.0,0.0,0.0,4.0,4.0,0.0,6.0,2009.0,128900.0,1.0,0.0,1.0,0.0,0.0,0.0,0.0,0.0,0.8356164383561644,0.8678082191780822,0.8205479452054795,0.36712328767123287,0.7883561643835616,0.1541095890410959,0.863013698630137,0.9897260273972602,0.7205479452054795,0.1958904109589041,0.9821917808219178,0.1506849315068493,0.14657534246575343,0.43424657534246575,0.9780821917808219,0.914324880054832,0.630891950688905
1263,63.6,11250.0,0.0,0.0,0.0,1.0,4.0,5.0,1957.0,1989.0,0.0,2.0,2.0,2.0,2.0,1.0,5.0,0.0,5.0,0.0,1104.0,1104.0,0.0,1104.0,684.0,0.0,1788.0,5.0,1.0,2.0,8.0,2.0,2.0,2.0,2.0,1957.0,2.0,1.0,304.0,2.0,2.0,0.0,120.0,0.0,0.0,0.0,0.0,0.0,4.0,4.0,0.0,11.0,2009.0,161500.0,1.0,0.0,1.0,0.0,0.0,0.0,0.0,0.0,0.8356164383561644,0.8678082191780822,0.8205479452054795,0.09863013698630137,0.7883561643835616,0.019178082191780823,0.863013698630137,0.9897260273972602,0.7205479452054795,0.7815068493150685,0.9821917808219178,0.1410958904109589,0.13493150684931507,0.43424657534246575,0.9780821917808219,0.06442769019876628,0.630891950688905
1264,60.0,13515.0,0.0,0.0,0.0,3.0,6.0,6.0,1919.0,1950.0,0.0,2.0,2.0,2.0,2.0,3.0,5.0,0.0,5.0,0.0,764.0,764.0,0.0,1060.0,764.0,0.0,1824.0,3.0,1.0,2.0,8.0,0.0,1.0,1.0,1.0,1940.0,2.0,2.0,520.0,2.0,2.0,2.0,0.0,0.0,126.0,0.0,0.0,0.0,4.0,0.0,0.0,7.0,2007.0,180500.0,1.0,1.0,1.0,0.0,0.0,0.0,0.0,0.0,0.8356164383561644,0.8678082191780822,0.8205479452054795,0.0410958904109589,0.7883561643835616,0.03972602739726028,0.863013698630137,0.9897260273972602,0.7205479452054795,0.007534246575342466,0.9821917808219178,0.1410958904109589,0.13493150684931507,0.44315068493150683,0.9780821917808219,0.06442769019876628,0.28063814358230604
1265,34.0,4060.0,0.0,0.0,0.0,0.0,6.0,5.0,1998.0,1999.0,0.0,1.0,2.0,1.0,2.0,3.0,0.0,266.0,5.0,0.0,1139.0,1405.0,0.0,1337.0,0.0,0.0,1337.0,2.0,1.0,1.0,5.0,0.0,0.0,5.0,3.0,1998.0,0.0,2.0,511.0,2.0,2.0,0.0,144.0,68.0,0.0,0.0,0.0,0.0,4.0,4.0,0.0,8.0,2008.0,181000.0,1.0,0.0,1.0,0.0,0.0,0.0,0.0,0.0,0.07808219178082192,0.02945205479452055,0.06917808219178082,0.05958904109589041,0.010958904109589041,0.1541095890410959,0.863013698630137,0.9897260273972602,0.7205479452054795,0.7815068493150685,0.9821917808219178,0.1506849315068493,0.14657534246575343,0.44315068493150683,0.9780821917808219,0.914324880054832,0.630891950688905
1266,35.0,3735.0,0.0,0.0,0.0,3.0,7.0,5.0,1999.0,1999.0,218.0,1.0,2.0,1.0,2.0,3.0,0.0,450.0,5.0,0.0,241.0,691.0,0.0,713.0,739.0,0.0,1452.0,3.0,1.0,1.0,6.0,0.0,0.0,5.0,3.5,1999.0,2.0,2.0,506.0,2.0,2.0,0.0,0.0,34.0,0.0,0.0,0.0,0.0,4.0,4.0,0.0,3.0,2006.0,183900.0,1.0,0.0,1.0,1.0,0.0,0.0,0.0,0.0,0.07808219178082192,0.8678082191780822,0.8205479452054795,0.04315068493150685,0.04452054794520548,0.0589041095890411,0.863013698630137,0.9897260273972602,0.0027397260273972603,0.1958904109589041,0.9821917808219178,0.1506849315068493,0.14657534246575343,0.44315068493150683,0.9780821917808219,0.914324880054832,0.28063814358230604
1267,60.0,10120.0,1.0,1.0,0.0,5.0,7.0,4.0,1910.0,1950.0,0.0,3.0,2.0,2.0,2.0,3.0,5.0,0.0,5.0,0.0,925.0,925.0,2.0,964.0,925.0,0.0,1889.0,4.0,2.0,2.0,9.0,0.0,1.0,1.0,1.5,1960.0,2.0,1.0,308.0,2.0,2.0,2.0,0.0,0.0,264.0,0.0,0.0,0.0,4.0,1.0,0.0,1.0,2007.0,122000.0,1.0,0.0,0.0,0.0,0.0,0.0,0.0,0.0,0.021232876712328767,0.8678082191780822,0.8205479452054795,0.02054794520547945,0.14931506849315068,0.0773972602739726,0.05547945205479452,0.9897260273972602,0.7205479452054795,0.1958904109589041,0.9821917808219178,0.1410958904109589,0.13493150684931507,0.43424657534246575,0.9780821917808219,0.018505825908156272,0.28063814358230604
1268,89.0,13214.0,1.0,2.0,0.0,0.0,9.0,5.0,2008.0,2009.0,0.0,0.0,2.0,0.0,2.0,0.0,5.0,0.0,5.0,0.0,2002.0,2002.0,0.0,2018.0,0.0,0.0,2018.0,3.0,1.0,0.0,10.0,0.0,1.0,1.0,2.0,2009.0,0.0,3.0,746.0,2.0,2.0,0.0,144.0,76.0,0.0,0.0,0.0,0.0,4.0,4.0,0.0,5.0,2010.0,378500.0,1.0,0.0,1.0,0.0,0.0,0.0,0.0,0.0,0.8356164383561644,0.8678082191780822,0.8205479452054795,0.36712328767123287,0.7883561643835616,0.026027397260273973,0.863013698630137,0.9897260273972602,0.7205479452054795,0.1958904109589041,0.9821917808219178,0.017123287671232876,0.0410958904109589,0.44315068493150683,0.9780821917808219,0.914324880054832,0.630891950688905
1269,87.2,14100.0,1.0,0.0,1.0,1.0,8.0,9.0,1935.0,1997.0,632.0,2.0,1.0,2.0,2.0,2.0,3.0,192.0,5.0,0.0,536.0,728.0,0.0,1968.0,1479.0,0.0,3447.0,4.0,1.0,1.0,11.0,0.0,2.0,1.0,3.5,1982.0,2.0,3.0,1014.0,2.0,2.0,0.0,314.0,12.0,0.0,0.0,0.0,0.0,4.0,2.0,0.0,5.0,2008.0,381000.0,1.0,0.0,1.0,1.0,0.0,0.0,0.0,0.0,0.8356164383561644,0.8678082191780822,0.8205479452054795,0.09863013698630137,0.7883561643835616,0.03493150684931507,0.863013698630137,0.9897260273972602,0.7205479452054795,0.7815068493150685,0.9821917808219178,0.017123287671232876,0.01780821917808219,0.43424657534246575,0.9780821917808219,0.914324880054832,0.06381435823060189
1270,78.0,11344.0,0.0,0.0,0.0,1.0,5.0,5.0,1958.0,1958.0,180.0,2.0,2.0,2.0,2.0,3.0,2.0,460.0,5.0,0.0,414.0,874.0,2.0,874.0,650.0,0.0,1524.0,3.0,1.0,2.0,7.0,0.0,0.0,5.0,1.5,1958.0,2.0,1.0,315.0,2.0,2.0,0.0,0.0,0.0,0.0,0.0,0.0,0.0,4.0,2.0,0.0,7.0,2007.0,144000.0,1.0,0.0,1.0,1.0,0.0,0.0,0.0,0.0,0.8356164383561644,0.8678082191780822,0.8205479452054795,0.09863013698630137,0.7883561643835616,0.1541095890410959,0.05547945205479452,0.9897260273972602,0.7205479452054795,0.7815068493150685,0.9821917808219178,0.1506849315068493,0.14657534246575343,0.43424657534246575,0.012328767123287671,0.06442769019876628,0.630891950688905
1271,122.4,23595.0,0.0,3.0,2.0,0.0,7.0,6.0,1979.0,1979.0,0.0,1.0,2.0,1.0,2.0,0.0,0.0,1258.0,5.0,0.0,74.0,1332.0,2.0,1332.0,192.0,0.0,1524.0,0.0,1.0,1.0,4.0,0.0,1.0,2.0,2.5,1979.0,0.0,2.0,586.0,2.0,2.0,0.0,268.0,0.0,0.0,0.0,0.0,0.0,4.0,4.0,0.0,4.0,2010.0,260000.0,1.0,0.0,1.0,0.0,0.0,0.0,0.0,0.0,0.8356164383561644,0.8678082191780822,0.8205479452054795,0.0027397260273972603,0.7883561643835616,0.019178082191780823,0.863013698630137,0.9897260273972602,0.7205479452054795,0.0013698630136986301,0.003424657534246575,0.07397260273972603,0.09726027397260274,0.44315068493150683,0.9780821917808219,0.914324880054832,0.630891950688905
1272,76.4,9156.0,1.0,0.0,0.0,0.0,6.0,7.0,1968.0,1968.0,0.0,2.0,2.0,2.0,2.0,3.0,5.0,0.0,5.0,0.0,1489.0,1489.0,1.0,1489.0,0.0,0.0,1489.0,3.0,1.0,1.0,7.0,0.0,1.0,1.0,2.0,1968.0,1.0,2.0,462.0,2.0,2.0,0.0,0.0,0.0,0.0,0.0,0.0,0.0,4.0,4.0,0.0,8.0,2009.0,185750.0,1.0,0.0,1.0,0.0,0.0,0.0,0.0,0.0,0.8356164383561644,0.8678082191780822,0.8205479452054795,0.36712328767123287,0.7883561643835616,0.05,0.013013698630136987,0.9897260273972602,0.7205479452054795,0.1958904109589041,0.9821917808219178,0.03424657534246575,0.017123287671232876,0.43424657534246575,0.9780821917808219,0.914324880054832,0.630891950688905
1273,85.2,13526.0,1.0,0.0,0.0,0.0,5.0,6.0,1965.0,1965.0,114.0,2.0,2.0,2.0,2.0,3.0,2.0,560.0,4.0,375.0,0.0,935.0,2.0,935.0,0.0,0.0,935.0,3.0,1.0,2.0,5.0,0.0,0.0,5.0,2.0,1965.0,2.0,1.0,288.0,2.0,2.0,0.0,180.0,0.0,0.0,0.0,0.0,0.0,4.0,1.0,0.0,11.0,2006.0,137000.0,1.0,0.0,1.0,1.0,0.0,0.0,0.0,0.0,0.8356164383561644,0.8678082191780822,0.8205479452054795,0.36712328767123287,0.7883561643835616,0.050684931506849315,0.863013698630137,0.9897260273972602,0.06438356164383562,0.1958904109589041,0.9821917808219178,0.15205479452054796,0.09726027397260274,0.43424657534246575,0.9780821917808219,0.914324880054832,0.630891950688905
1274,124.0,11512.0,1.0,0.0,0.0,7.0,6.0,7.0,1959.0,2006.0,84.0,2.0,2.0,2.0,2.0,1.0,1.0,719.0,5.0,0.0,300.0,1019.0,1.0,1357.0,0.0,0.0,1357.0,2.0,1.0,0.0,5.0,0.0,1.0,1.0,2.0,1959.0,1.0,1.0,312.0,2.0,2.0,0.0,0.0,0.0,0.0,0.0,163.0,0.0,4.0,0.0,0.0,5.0,2008.0,177000.0,1.0,0.0,1.0,1.0,0.0,0.0,0.0,0.0,0.8356164383561644,0.8678082191780822,0.8205479452054795,0.03972602739726028,0.7883561643835616,0.0684931506849315,0.863013698630137,0.9897260273972602,0.18013698630136987,0.7815068493150685,0.9821917808219178,0.07397260273972603,0.09726027397260274,0.43424657534246575,0.9780821917808219,0.914324880054832,0.013778100072516316
1275,53.0,5362.0,0.0,0.0,0.0,1.0,5.0,6.0,1910.0,2003.0,0.0,2.0,2.0,2.0,2.0,3.0,5.0,0.0,5.0,0.0,661.0,661.0,0.0,661.0,589.0,0.0,1250.0,3.0,1.0,2.0,8.0,0.0,1.0,1.0,2.0,1985.0,2.0,2.0,552.0,2.0,2.0,0.0,242.0,0.0,81.0,0.0,0.0,0.0,4.0,4.0,0.0,11.0,2007.0,139000.0,1.0,0.0,1.0,0.0,0.0,0.0,0.0,0.0,0.8356164383561644,0.8678082191780822,0.8205479452054795,0.09863013698630137,0.7883561643835616,0.03493150684931507,0.863013698630137,0.9897260273972602,0.18013698630136987,0.7815068493150685,0.9821917808219178,0.1410958904109589,0.026027397260273973,0.44315068493150683,0.9780821917808219,0.914324880054832,0.28063814358230604
1276,95.0,11345.0,0.0,0.0,0.0,3.0,5.0,5.0,1948.0,1950.0,567.0,2.0,2.0,2.0,2.0,3.0,3.0,220.0,5.0,0.0,708.0,928.0,1.0,928.0,992.0,0.0,1920.0,4.0,2.0,2.0,10.0,0.0,0.0,5.0,2.0,1948.0,2.0,2.0,400.0,2.0,3.0,0.0,0.0,0.0,0.0,0.0,0.0,0.0,4.0,4.0,0.0,7.0,2007.0,137000.0,1.0,0.0,1.0,0.0,1.0,0.0,0.0,0.0,0.03561643835616438,0.8678082191780822,0.8205479452054795,0.03561643835616438,0.7883561643835616,0.1541095890410959,0.05547945205479452,0.9897260273972602,0.18013698630136987,0.7815068493150685,0.0006849315068493151,0.0136986301369863,0.0136986301369863,0.43424657534246575,0.9780821917808219,0.06442769019876628,0.28063814358230604
1277,90.4,12936.0,1.0,0.0,0.0,3.0,6.0,6.0,1972.0,1972.0,0.0,2.0,2.0,2.0,1.0,3.0,2.0,593.0,5.0,0.0,130.0,723.0,2.0,735.0,660.0,0.0,1395.0,3.0,1.0,2.0,6.0,0.0,1.0,2.0,2.0,1972.0,2.0,2.0,497.0,2.0,2.0,0.0,294.0,116.0,0.0,0.0,0.0,0.0,4.0,4.0,0.0,12.0,2009.0,162000.0,1.0,0.0,1.0,0.0,0.0,0.0,0.0,0.0,0.8356164383561644,0.8678082191780822,0.8205479452054795,0.2047945205479452,0.7883561643835616,0.05,0.863013698630137,0.9897260273972602,0.06438356164383562,0.7815068493150685,0.9821917808219178,0.15205479452054796,0.09726027397260274,0.43424657534246575,0.9780821917808219,0.914324880054832,0.630891950688905
1278,101.0,17871.0,1.0,0.0,0.0,7.0,6.0,5.0,1967.0,1976.0,359.0,2.0,2.0,1.0,2.0,1.0,1.0,528.0,5.0,0.0,1152.0,1680.0,3.0,1724.0,0.0,0.0,1724.0,3.0,1.0,2.0,7.0,0.0,1.0,1.0,2.5,1967.0,1.0,2.0,480.0,2.0,2.0,0.0,0.0,0.0,0.0,0.0,0.0,0.0,4.0,4.0,0.0,6.0,2009.0,197900.0,1.0,0.0,1.0,1.0,0.0,0.0,0.0,0.0,0.8356164383561644,0.8678082191780822,0.8205479452054795,0.03972602739726028,0.7883561643835616,0.05,0.863013698630137,0.9897260273972602,0.06438356164383562,0.7815068493150685,0.9821917808219178,0.15205479452054796,0.14178082191780822,0.43424657534246575,0.9780821917808219,0.914324880054832,0.630891950688905
1279,75.0,9473.0,0.0,0.0,0.0,3.0,8.0,5.0,2002.0,2002.0,142.6,1.0,2.0,1.0,2.0,3.0,0.0,804.0,5.0,0.0,324.0,1128.0,0.0,1128.0,903.0,0.0,2031.0,3.0,1.0,1.0,7.0,0.0,1.0,1.0,3.5,2002.0,1.0,2.0,577.0,2.0,2.0,0.0,0.0,211.0,0.0,0.0,0.0,0.0,4.0,4.0,0.0,3.0,2008.0,237000.0,1.0,0.0,1.0,0.0,0.0,0.0,0.0,0.0,0.8356164383561644,0.8678082191780822,0.8205479452054795,0.2047945205479452,0.7883561643835616,0.10273972602739725,0.863013698630137,0.9897260273972602,0.7205479452054795,0.7815068493150685,0.9821917808219178,0.3527397260273973,0.3452054794520548,0.44315068493150683,0.9780821917808219,0.914324880054832,0.630891950688905
1280,60.0,7500.0,0.0,0.0,0.0,1.0,4.0,4.0,1920.0,1950.0,0.0,2.0,1.0,2.0,2.0,3.0,5.0,0.0,5.0,0.0,698.0,698.0,2.0,698.0,430.0,0.0,1128.0,2.0,1.0,2.0,6.0,0.0,0.0,5.0,1.0,1980.0,1.0,2.0,528.0,2.0,2.0,0.0,30.0,0.0,164.0,0.0,0.0,0.0,4.0,4.0,0.0,4.0,2010.0,68400.0,1.0,0.0,1.0,0.0,0.0,0.0,0.0,0.0,0.8356164383561644,0.02945205479452055,0.06917808219178082,0.09863013698630137,0.00684931506849315,0.025342465753424658,0.863013698630137,0.9897260273972602,0.7205479452054795,0.7815068493150685,0.9821917808219178,0.1506849315068493,0.14657534246575343,0.43424657534246575,0.9780821917808219,0.06442769019876628,0.28063814358230604
1281,67.0,9808.0,1.0,0.0,0.0,0.0,7.0,5.0,2002.0,2002.0,110.0,1.0,2.0,1.0,2.0,3.0,0.0,788.0,5.0,0.0,785.0,1573.0,0.0,1573.0,0.0,0.0,1573.0,3.0,1.0,1.0,6.0,0.0,0.0,5.0,3.0,2002.0,1.0,2.0,544.0,2.0,2.0,0.0,0.0,72.0,0.0,0.0,0.0,0.0,4.0,4.0,0.0,3.0,2009.0,227000.0,1.0,0.0,1.0,1.0,0.0,0.0,0.0,0.0,0.8356164383561644,0.8678082191780822,0.8205479452054795,0.36712328767123287,0.7883561643835616,0.10273972602739725,0.863013698630137,0.9897260273972602,0.7205479452054795,0.7815068493150685,0.9821917808219178,0.3527397260273973,0.3452054794520548,0.44315068493150683,0.9780821917808219,0.914324880054832,0.630891950688905
1282,50.0,8049.0,1.0,0.0,0.0,0.0,7.0,5.0,1990.0,1990.0,54.0,2.0,2.0,1.0,2.0,3.0,1.0,1053.0,5.0,0.0,256.0,1309.0,2.0,1339.0,0.0,0.0,1339.0,2.0,1.0,2.0,6.0,0.0,1.0,2.0,3.0,1990.0,0.0,2.0,484.0,1.0,1.0,0.0,0.0,58.0,0.0,0.0,90.0,0.0,4.0,4.0,0.0,7.0,2006.0,180000.0,1.0,0.0,1.0,1.0,0.0,0.0,0.0,0.0,0.8356164383561644,0.8678082191780822,0.8205479452054795,0.36712328767123287,0.7883561643835616,0.026027397260273973,0.863013698630137,0.9897260273972602,0.06438356164383562,0.1958904109589041,0.9821917808219178,0.15205479452054796,0.14178082191780822,0.43424657534246575,0.9780821917808219,0.914324880054832,0.630891950688905
1283,61.0,8800.0,1.0,0.0,0.0,0.0,5.0,7.0,1977.0,2008.0,0.0,2.0,2.0,1.0,2.0,2.0,4.0,532.0,3.0,144.0,364.0,1040.0,2.0,1040.0,0.0,0.0,1040.0,3.0,1.0,1.0,5.0,0.0,0.0,5.0,2.0,1977.0,2.0,2.0,484.0,2.0,2.0,0.0,0.0,0.0,0.0,0.0,288.0,0.0,4.0,4.0,0.0,9.0,2009.0,150500.0,1.0,0.0,1.0,0.0,0.0,0.0,0.0,0.0,0.8356164383561644,0.8678082191780822,0.8205479452054795,0.36712328767123287,0.7883561643835616,0.10273972602739725,0.863013698630137,0.9897260273972602,0.7205479452054795,0.7815068493150685,0.9821917808219178,0.15205479452054796,0.14178082191780822,0.43424657534246575,0.9780821917808219,0.914324880054832,0.28063814358230604
1284,94.0,9400.0,0.0,3.0,0.0,3.0,6.0,5.0,1971.0,1971.0,0.0,2.0,2.0,2.0,2.0,1.0,5.0,0.0,5.0,0.0,912.0,912.0,2.0,912.0,912.0,0.0,1824.0,4.0,2.0,2.0,8.0,0.0,0.0,5.0,3.0,1955.6,3.0,0.0,0.0,5.0,5.0,0.0,128.0,0.0,0.0,0.0,0.0,0.0,4.0,4.0,0.0,4.0,2010.0,139000.0,1.0,0.0,1.0,0.0,0.0,0.0,0.0,0.0,0.03561643835616438,0.8678082191780822,0.8205479452054795,0.03561643835616438,0.7883561643835616,0.03356164383561644,0.863013698630137,0.9897260273972602,0.18013698630136987,0.004794520547945206,0.9821917808219178,0.1506849315068493,0.026027397260273973,0.43424657534246575,0.9780821917808219,0.914324880054832,0.4907904278462654
1285,50.0,9638.0,0.0,0.0,0.0,1.0,6.0,7.0,1919.0,1990.0,0.0,2.0,2.0,2.0,2.0,3.0,5.0,0.0,5.0,0.0,804.0,804.0,0.0,1699.0,748.0,0.0,2447.0,4.0,1.0,1.0,10.0,2.0,1.0,1.0,2.0,1969.0,2.0,1.0,336.0,2.0,2.0,0.0,272.0,0.0,42.0,0.0,116.0,0.0,4.0,4.0,0.0,3.0,2010.0,169000.0,1.0,0.0,1.0,0.0,0.0,0.0,0.0,0.0,0.8356164383561644,0.8678082191780822,0.8205479452054795,0.09863013698630137,0.7883561643835616,0.017123287671232876,0.05547945205479452,0.9897260273972602,0.7205479452054795,0.7815068493150685,0.9821917808219178,0.1410958904109589,0.026027397260273973,0.44315068493150683,0.9780821917808219,0.914324880054832,0.28063814358230604
1286,50.0,6000.0,0.0,0.0,0.0,1.0,6.0,6.0,1939.0,1950.0,0.0,2.0,3.0,2.0,2.0,3.0,5.0,0.0,5.0,0.0,780.0,780.0,0.0,825.0,587.0,0.0,1412.0,4.0,1.0,2.0,6.0,0.0,1.0,1.0,1.0,1939.0,2.0,1.0,280.0,2.0,2.0,0.0,45.0,0.0,0.0,0.0,0.0,0.0,4.0,4.0,0.0,5.0,2009.0,132500.0,1.0,0.0,1.0,0.0,0.0,0.0,0.0,0.0,0.8356164383561644,0.8678082191780822,0.8205479452054795,0.09863013698630137,0.14931506849315068,0.03972602739726028,0.863013698630137,0.9897260273972602,0.7205479452054795,0.7815068493150685,0.9821917808219178,0.1506849315068493,0.14657534246575343,0.43424657534246575,0.9780821917808219,0.018505825908156272,0.28063814358230604
1287,76.2,9790.0,0.0,0.0,0.0,0.0,6.0,5.0,1963.0,1963.0,451.0,2.0,2.0,2.0,2.0,3.0,1.0,569.0,3.0,81.0,678.0,1328.0,2.0,1328.0,0.0,0.0,1328.0,3.0,1.0,2.0,6.0,0.0,2.0,1.0,2.5,1963.0,2.0,2.0,528.0,2.0,2.0,0.0,0.0,26.0,0.0,0.0,0.0,0.0,4.0,4.0,0.0,6.0,2010.0,143000.0,1.0,0.0,1.0,1.0,0.0,0.0,0.0,0.0,0.8356164383561644,0.8678082191780822,0.8205479452054795,0.36712328767123287,0.7883561643835616,0.05,0.05547945205479452,0.9897260273972602,0.7205479452054795,0.1958904109589041,0.9821917808219178,0.15205479452054796,0.14178082191780822,0.43424657534246575,0.9780821917808219,0.914324880054832,0.630891950688905
1288,88.6,36500.0,1.0,3.0,1.0,0.0,5.0,5.0,1964.0,1964.0,621.0,2.0,1.0,2.0,2.0,1.0,3.0,812.0,5.0,0.0,812.0,1624.0,3.0,1582.0,0.0,0.0,1582.0,4.0,1.0,2.0,7.0,0.0,0.0,5.0,2.5,1964.0,2.0,2.0,390.0,2.0,2.0,2.0,168.0,198.0,0.0,0.0,0.0,0.0,4.0,4.0,0.0,6.0,2006.0,190000.0,1.0,0.0,1.0,0.0,0.0,0.0,0.0,0.0,0.8356164383561644,0.8678082191780822,0.8205479452054795,0.36712328767123287,0.7883561643835616,0.019178082191780823,0.863013698630137,0.9897260273972602,0.7205479452054795,0.7815068493150685,0.9821917808219178,0.1410958904109589,0.13493150684931507,0.43424657534246575,0.9780821917808219,0.914324880054832,0.630891950688905
1289,40.0,5664.0,1.0,0.0,0.0,0.0,8.0,5.0,2000.0,2000.0,0.0,1.0,2.0,1.0,2.0,3.0,0.0,1158.0,5.0,0.0,343.0,1501.0,0.0,1659.0,0.0,0.0,1659.0,2.0,1.0,0.0,5.0,0.0,1.0,0.0,3.0,2000.0,0.0,2.0,499.0,2.0,2.0,0.0,212.0,59.0,0.0,0.0,0.0,0.0,4.0,4.0,0.0,10.0,2009.0,278000.0,1.0,0.0,1.0,0.0,0.0,0.0,0.0,0.0,0.07808219178082192,0.8678082191780822,0.8205479452054795,0.05958904109589041,0.7883561643835616,0.017123287671232876,0.863013698630137,0.9897260273972602,0.7205479452054795,0.7815068493150685,0.9821917808219178,0.04178082191780822,0.0410958904109589,0.44315068493150683,0.9780821917808219,0.914324880054832,0.630891950688905
1290,86.0,11065.0,1.0,0.0,0.0,3.0,8.0,5.0,2006.0,2006.0,788.0,1.0,2.0,1.0,2.0,2.0,5.0,0.0,5.0,0.0,1085.0,1085.0,0.0,1120.0,850.0,0.0,1970.0,3.0,1.0,0.0,8.0,0.0,1.0,1.0,2.5,2006.0,0.0,3.0,753.0,2.0,2.0,0.0,177.0,74.0,0.0,0.0,0.0,0.0,4.0,4.0,0.0,10.0,2006.0,281000.0,1.0,0.0,1.0,0.0,1.0,0.0,0.0,0.0,0.8356164383561644,0.08356164383561644,0.08561643835616438,0.2047945205479452,0.7883561643835616,0.05273972602739726,0.863013698630137,0.9897260273972602,0.7205479452054795,0.7815068493150685,0.9821917808219178,0.3527397260273973,0.3452054794520548,0.44315068493150683,0.9780821917808219,0.914324880054832,0.06381435823060189
1291,87.6,14112.0,1.0,0.0,0.0,7.0,5.0,7.0,1964.0,1964.0,86.0,2.0,2.0,2.0,2.0,1.0,0.0,1014.0,5.0,0.0,138.0,1152.0,2.0,1152.0,0.0,0.0,1152.0,3.0,1.0,2.0,6.0,0.0,1.0,1.0,2.0,1964.0,1.0,2.0,484.0,2.0,2.0,0.0,227.0,0.0,0.0,0.0,0.0,0.0,4.0,4.0,0.0,4.0,2010.0,180500.0,1.0,0.0,1.0,1.0,0.0,0.0,0.0,0.0,0.8356164383561644,0.8678082191780822,0.8205479452054795,0.03972602739726028,0.7883561643835616,0.1541095890410959,0.863013698630137,0.9897260273972602,0.18013698630136987,0.1958904109589041,0.9821917808219178,0.1410958904109589,0.14178082191780822,0.44315068493150683,0.9780821917808219,0.914324880054832,0.630891950688905
1292,21.0,1680.0,0.0,0.0,0.0,3.0,5.0,7.0,1972.0,1972.0,268.0,2.0,2.0,2.0,2.0,3.0,1.0,231.0,5.0,0.0,399.0,630.0,2.0,630.0,672.0,0.0,1302.0,3.0,1.0,2.0,6.0,0.0,0.0,5.0,2.5,1972.0,2.0,1.0,264.0,2.0,2.0,0.0,185.0,0.0,0.0,0.0,0.0,0.0,4.0,4.0,0.0,2.0,2009.0,119500.0,1.0,0.0,1.0,1.0,0.0,0.0,0.0,0.0,0.02945205479452055,0.8678082191780822,0.8205479452054795,0.04315068493150685,0.14931506849315068,0.010958904109589041,0.863013698630137,0.9897260273972602,0.7205479452054795,0.7815068493150685,0.9821917808219178,0.04178082191780822,0.0410958904109589,0.43424657534246575,0.9780821917808219,0.914324880054832,0.28063814358230604
1293,60.0,6600.0,0.0,0.0,0.0,3.0,5.0,4.0,1892.0,1965.0,0.0,2.0,2.0,2.0,2.0,3.0,5.0,0.0,5.0,0.0,994.0,994.0,2.0,1378.0,994.0,0.0,2372.0,4.0,2.0,2.0,11.0,2.0,0.0,5.0,2.0,1985.0,1.0,1.0,432.0,2.0,2.0,0.0,0.0,287.0,0.0,0.0,0.0,0.0,4.0,4.0,0.0,12.0,2009.0,107500.0,1.0,0.0,0.0,0.0,0.0,0.0,0.0,0.0,0.8356164383561644,0.8678082191780822,0.8205479452054795,0.0410958904109589,0.14931506849315068,0.0773972602739726,0.863013698630137,0.9897260273972602,0.18013698630136987,0.7815068493150685,0.9821917808219178,0.1410958904109589,0.13493150684931507,0.00410958904109589,0.9780821917808219,0.914324880054832,0.630891950688905
1294,78.0,10140.0,0.0,0.0,0.0,3.0,7.0,5.0,1976.0,1976.0,0.0,2.0,2.0,1.0,2.0,3.0,0.0,194.0,5.0,0.0,638.0,832.0,2.0,832.0,832.0,0.0,1664.0,4.0,1.0,2.0,8.0,0.0,1.0,2.0,2.5,1976.0,1.0,2.0,528.0,2.0,2.0,0.0,0.0,28.0,0.0,0.0,259.0,0.0,4.0,2.0,0.0,3.0,2006.0,162900.0,1.0,0.0,1.0,0.0,0.0,0.0,0.0,0.0,0.8356164383561644,0.8678082191780822,0.8205479452054795,0.2047945205479452,0.7883561643835616,0.05,0.863013698630137,0.9897260273972602,0.7205479452054795,0.7815068493150685,0.9821917808219178,0.15205479452054796,0.14178082191780822,0.44315068493150683,0.9780821917808219,0.914324880054832,0.630891950688905
1295,60.0,8172.0,0.0,0.0,0.0,0.0,5.0,7.0,1955.0,1990.0,0.0,2.0,2.0,2.0,2.0,3.0,3.0,167.0,5.0,0.0,697.0,864.0,2.0,864.0,0.0,0.0,864.0,2.0,1.0,2.0,5.0,0.0,0.0,5.0,2.0,1957.0,2.0,2.0,572.0,2.0,2.0,2.0,0.0,0.0,0.0,0.0,0.0,0.0,4.0,4.0,0.0,4.0,2006.0,115000.0,1.0,0.0,1.0,0.0,0.0,0.0,0.0,0.0,0.8356164383561644,0.8678082191780822,0.8205479452054795,0.36712328767123287,0.7883561643835616,0.0684931506849315,0.863013698630137,0.9897260273972602,0.7205479452054795,0.1958904109589041,0.9821917808219178,0.01780821917808219,0.09726027397260274,0.43424657534246575,0.9780821917808219,0.914324880054832,0.28063814358230604
1296,70.0,8400.0,0.0,0.0,0.0,0.0,5.0,5.0,1968.0,1968.0,168.0,2.0,2.0,2.0,2.0,1.0,2.0,1016.0,5.0,0.0,36.0,1052.0,1.0,1052.0,0.0,0.0,1052.0,3.0,1.0,2.0,5.0,0.0,0.0,5.0,2.5,1968.0,1.0,1.0,288.0,2.0,2.0,0.0,356.0,0.0,0.0,0.0,0.0,0.0,4.0,2.0,0.0,11.0,2006.0,138500.0,1.0,0.0,1.0,1.0,0.0,0.0,0.0,0.0,0.8356164383561644,0.8678082191780822,0.8205479452054795,0.36712328767123287,0.7883561643835616,0.1541095890410959,0.05547945205479452,0.9897260273972602,0.7205479452054795,0.1958904109589041,0.9821917808219178,0.15205479452054796,0.14178082191780822,0.43424657534246575,0.9780821917808219,0.914324880054832,0.630891950688905
1297,80.0,8700.0,0.0,0.0,0.0,0.0,5.0,6.0,1963.0,1963.0,148.0,2.0,1.0,2.0,2.0,2.0,1.0,776.0,5.0,0.0,344.0,1120.0,1.0,1128.0,0.0,0.0,1128.0,3.0,1.0,2.0,6.0,0.0,0.0,5.0,3.0,1963.0,1.0,2.0,525.0,2.0,2.0,0.0,192.0,20.0,123.0,0.0,0.0,0.0,4.0,1.0,0.0,12.0,2008.0,155000.0,1.0,0.0,1.0,1.0,0.0,0.0,0.0,0.0,0.8356164383561644,0.8678082191780822,0.8205479452054795,0.36712328767123287,0.7883561643835616,0.1541095890410959,0.863013698630137,0.9897260273972602,0.7205479452054795,0.1958904109589041,0.9821917808219178,0.1506849315068493,0.14657534246575343,0.43424657534246575,0.9780821917808219,0.914324880054832,0.630891950688905
1298,35.0,3675.0,0.0,0.0,0.0,6.0,6.0,5.0,2005.0,2006.0,82.0,2.0,2.0,1.0,2.0,0.0,0.0,547.0,5.0,0.0,0.0,547.0,1.0,1072.0,0.0,0.0,1072.0,2.0,1.0,2.0,5.0,0.0,0.0,5.0,3.0,2005.0,0.0,2.0,525.0,2.0,2.0,0.0,0.0,44.0,0.0,0.0,0.0,0.0,4.0,4.0,0.0,6.0,2006.0,140000.0,1.0,0.0,1.0,1.0,0.0,0.0,0.0,0.0,0.07808219178082192,0.08356164383561644,0.08561643835616438,0.00684931506849315,0.14931506849315068,0.0684931506849315,0.863013698630137,0.9897260273972602,0.7205479452054795,0.7815068493150685,0.9821917808219178,0.3527397260273973,0.3452054794520548,0.44315068493150683,0.9780821917808219,0.914324880054832,0.013778100072516316
1299,313.0,63887.0,3.0,1.0,0.0,3.0,10.0,5.0,2008.0,2008.0,796.0,0.0,2.0,0.0,2.0,0.0,0.0,5644.0,5.0,0.0,466.0,6110.0,0.0,4692.0,950.0,0.0,5642.0,3.0,1.0,0.0,12.0,0.0,3.0,1.0,4.5,2008.0,0.0,2.0,1418.0,2.0,2.0,0.0,214.0,292.0,0.0,0.0,0.0,480.0,1.0,4.0,0.0,1.0,2008.0,160000.0,1.0,0.0,1.0,0.0,1.0,0.0,0.0,0.0,0.8356164383561644,0.08356164383561644,0.08561643835616438,0.2047945205479452,0.7883561643835616,0.0684931506849315,0.05547945205479452,0.9897260273972602,0.18013698630136987,0.1958904109589041,0.0006849315068493151,0.017123287671232876,0.01780821917808219,0.44315068493150683,0.9780821917808219,0.914324880054832,0.630891950688905
1300,75.0,7500.0,0.0,0.0,0.0,0.0,5.0,7.0,1959.0,1994.0,0.0,2.0,2.0,2.0,2.0,3.0,4.0,340.0,3.0,906.0,0.0,1246.0,0.0,1246.0,0.0,0.0,1246.0,3.0,1.0,1.0,6.0,0.0,0.0,5.0,2.5,1959.0,1.0,1.0,305.0,2.0,2.0,0.0,218.0,0.0,0.0,0.0,0.0,0.0,4.0,0.0,0.0,5.0,2010.0,154000.0,1.0,0.0,1.0,0.0,0.0,0.0,0.0,0.0,0.8356164383561644,0.8678082191780822,0.8205479452054795,0.36712328767123287,0.7883561643835616,0.1541095890410959,0.863013698630137,0.9897260273972602,0.7205479452054795,0.1958904109589041,0.9821917808219178,0.03424657534246575,0.017123287671232876,0.43424657534246575,0.9780821917808219,0.914324880054832,0.630891950688905
1301,67.8,10762.0,1.0,0.0,0.0,3.0,7.0,5.0,1999.0,1999.0,344.0,1.0,2.0,1.0,2.0,3.0,0.0,694.0,5.0,0.0,284.0,978.0,0.0,1005.0,978.0,0.0,1983.0,3.0,1.0,1.0,9.0,0.0,1.0,2.0,2.5,1999.0,0.0,2.0,490.0,2.0,2.0,0.0,0.0,0.0,0.0,0.0,0.0,0.0,4.0,4.0,0.0,5.0,2009.0,225000.0,1.0,0.0,1.0,0.0,0.0,0.0,0.0,0.0,0.8356164383561644,0.8678082191780822,0.8205479452054795,0.2047945205479452,0.7883561643835616,0.05410958904109589,0.863013698630137,0.9897260273972602,0.06438356164383562,0.7815068493150685,0.9821917808219178,0.3527397260273973,0.3452054794520548,0.44315068493150683,0.9780821917808219,0.914324880054832,0.630891950688905
1302,61.2,7500.0,1.0,1.0,0.0,3.0,6.0,7.0,1942.0,1950.0,0.0,2.0,2.0,2.0,2.0,3.0,2.0,547.0,5.0,0.0,224.0,771.0,3.0,753.0,741.0,0.0,1494.0,3.0,1.0,1.0,7.0,0.0,2.0,1.0,1.0,1942.0,2.0,1.0,213.0,2.0,2.0,1.0,0.0,0.0,0.0,0.0,224.0,0.0,4.0,4.0,0.0,11.0,2009.0,177500.0,1.0,0.0,1.0,0.0,0.0,0.0,0.0,0.0,0.8356164383561644,0.8678082191780822,0.8205479452054795,0.0410958904109589,0.7883561643835616,0.03493150684931507,0.863013698630137,0.9897260273972602,0.7205479452054795,0.7815068493150685,0.9821917808219178,0.1410958904109589,0.13493150684931507,0.43424657534246575,0.9780821917808219,0.914324880054832,0.630891950688905
1303,92.0,10120.0,0.0,0.0,0.0,3.0,8.0,5.0,1994.0,1994.0,391.0,1.0,2.0,1.0,2.0,3.0,0.0,740.0,5.0,0.0,425.0,1165.0,0.0,1203.0,1323.0,0.0,2526.0,4.0,1.0,1.0,8.0,0.0,1.0,2.0,3.5,1994.0,1.0,3.0,844.0,2.0,2.0,0.0,309.0,78.0,0.0,0.0,0.0,0.0,4.0,4.0,0.0,12.0,2006.0,290000.0,1.0,0.0,1.0,1.0,0.0,0.0,0.0,0.0,0.8356164383561644,0.8678082191780822,0.8205479452054795,0.2047945205479452,0.7883561643835616,0.028082191780821917,0.863013698630137,0.9897260273972602,0.7205479452054795,0.1958904109589041,0.9821917808219178,0.3527397260273973,0.3452054794520548,0.44315068493150683,0.9780821917808219,0.914324880054832,0.630891950688905
1304,73.0,8688.0,0.0,0.0,0.0,0.0,7.0,5.0,2005.0,2005.0,228.0,1.0,2.0,1.0,2.0,1.0,5.0,0.0,5.0,0.0,1616.0,1616.0,0.0,1616.0,0.0,0.0,1616.0,3.0,1.0,1.0,7.0,0.0,0.0,5.0,2.0,2005.0,1.0,3.0,834.0,2.0,2.0,0.0,208.0,59.0,0.0,0.0,0.0,0.0,4.0,4.0,0.0,4.0,2006.0,232000.0,1.0,0.0,1.0,1.0,0.0,0.0,0.0,0.0,0.8356164383561644,0.8678082191780822,0.8205479452054795,0.36712328767123287,0.7883561643835616,0.0589041095890411,0.863013698630137,0.9897260273972602,0.7205479452054795,0.7815068493150685,0.9821917808219178,0.3527397260273973,0.3452054794520548,0.44315068493150683,0.9780821917808219,0.914324880054832,0.630891950688905
1305,32.0,3363.0,0.0,0.0,0.0,3.0,7.0,5.0,2004.0,2004.0,117.0,1.0,2.0,1.0,2.0,3.0,5.0,0.0,5.0,0.0,976.0,976.0,0.0,976.0,732.0,0.0,1708.0,3.0,1.0,1.0,7.0,4.0,0.0,5.0,2.0,2004.0,2.0,2.0,380.0,2.0,2.0,0.0,0.0,40.0,0.0,0.0,0.0,0.0,4.0,4.0,0.0,4.0,2006.0,130000.0,1.0,0.0,1.0,0.0,1.0,0.0,0.0,0.0,0.07808219178082192,0.8678082191780822,0.8205479452054795,0.04315068493150685,0.14931506849315068,0.0684931506849315,0.863013698630137,0.9897260273972602,0.7205479452054795,0.7815068493150685,0.9821917808219178,0.3527397260273973,0.3452054794520548,0.44315068493150683,0.9780821917808219,0.914324880054832,0.28063814358230604
1306,108.0,13173.0,1.0,0.0,0.0,0.0,9.0,5.0,2006.0,2007.0,300.0,1.0,2.0,0.0,2.0,3.0,0.0,1572.0,5.0,0.0,80.0,1652.0,0.0,1652.0,0.0,0.0,1652.0,2.0,1.0,0.0,6.0,0.0,2.0,0.0,3.0,2006.0,0.0,2.0,840.0,2.0,2.0,0.0,404.0,102.0,0.0,0.0,0.0,0.0,4.0,4.0,0.0,11.0,2009.0,325000.0,1.0,0.0,1.0,0.0,1.0,0.0,0.0,0.0,0.8356164383561644,0.8678082191780822,0.8205479452054795,0.36712328767123287,0.7883561643835616,0.05273972602739726,0.863013698630137,0.9897260273972602,0.18013698630136987,0.1958904109589041,0.9821917808219178,0.3527397260273973,0.3452054794520548,0.44315068493150683,0.9780821917808219,0.914324880054832,0.630891950688905
1307,48.0,6955.0,1.0,0.0,0.0,0.0,7.0,5.0,2005.0,2006.0,94.0,1.0,2.0,1.0,2.0,3.0,5.0,0.0,5.0,0.0,1368.0,1368.0,0.0,1368.0,0.0,0.0,1368.0,2.0,1.0,1.0,6.0,0.0,1.0,1.0,2.0,2005.0,1.0,2.0,474.0,2.0,2.0,0.0,132.0,35.0,0.0,0.0,0.0,0.0,4.0,4.0,0.0,9.0,2006.0,202500.0,1.0,0.0,1.0,0.0,1.0,0.0,0.0,0.0,0.07808219178082192,0.08356164383561644,0.08561643835616438,0.05958904109589041,0.7883561643835616,0.05273972602739726,0.863013698630137,0.9897260273972602,0.7205479452054795,0.7815068493150685,0.9821917808219178,0.3527397260273973,0.3452054794520548,0.44315068493150683,0.9780821917808219,0.914324880054832,0.630891950688905
1308,60.0,8072.0,0.0,0.0,0.0,0.0,5.0,5.0,1994.0,1995.0,0.0,2.0,1.0,1.0,1.0,3.0,1.0,746.0,5.0,0.0,244.0,990.0,0.0,990.0,0.0,0.0,990.0,3.0,1.0,2.0,5.0,0.0,0.0,5.0,2.0,2000.0,2.0,2.0,480.0,2.0,2.0,0.0,0.0,64.0,0.0,0.0,0.0,0.0,4.0,4.0,0.0,5.0,2009.0,138000.0,1.0,0.0,1.0,0.0,0.0,0.0,0.0,0.0,0.8356164383561644,0.8678082191780822,0.8205479452054795,0.36712328767123287,0.7883561643835616,0.10273972602739725,0.863013698630137,0.9897260273972602,0.7205479452054795,0.7815068493150685,0.9821917808219178,0.3527397260273973,0.3452054794520548,0.44315068493150683,0.9780821917808219,0.914324880054832,0.28063814358230604
1309,100.0,12000.0,0.0,0.0,0.0,0.0,5.0,7.0,1948.0,2005.0,0.0,2.0,2.0,2.0,2.0,3.0,0.0,144.0,1.0,608.0,172.0,924.0,0.0,1122.0,0.0,0.0,1122.0,2.0,1.0,1.0,6.0,0.0,0.0,5.0,2.0,1948.0,2.0,2.0,528.0,2.0,2.0,0.0,0.0,36.0,0.0,0.0,0.0,0.0,4.0,2.0,0.0,5.0,2008.0,147000.0,1.0,0.0,1.0,0.0,0.0,0.0,0.0,0.0,0.8356164383561644,0.8678082191780822,0.8205479452054795,0.36712328767123287,0.14931506849315068,0.0773972602739726,0.863013698630137,0.9897260273972602,0.7205479452054795,0.7815068493150685,0.9821917808219178,0.1506849315068493,0.14657534246575343,0.43424657534246575,0.9780821917808219,0.914324880054832,0.630891950688905
1310,52.6,7153.0,0.0,0.0,0.0,0.0,6.0,5.0,1991.0,1991.0,88.0,2.0,2.0,1.0,2.0,3.0,0.0,1200.0,5.0,0.0,78.0,1278.0,1.0,1294.0,0.0,0.0,1294.0,3.0,1.0,1.0,6.0,0.0,0.0,5.0,3.0,1991.0,1.0,2.0,496.0,2.0,2.0,0.0,112.0,51.0,0.0,0.0,0.0,0.0,4.0,2.0,0.0,6.0,2008.0,179200.0,1.0,0.0,1.0,1.0,0.0,0.0,0.0,0.0,0.8356164383561644,0.8678082191780822,0.8205479452054795,0.36712328767123287,0.7883561643835616,0.04041095890410959,0.863013698630137,0.9897260273972602,0.7205479452054795,0.7815068493150685,0.9821917808219178,0.15205479452054796,0.14178082191780822,0.43424657534246575,0.9780821917808219,0.914324880054832,0.630891950688905
1311,100.0,17500.0,0.0,0.0,0.0,0.0,7.0,8.0,1959.0,2002.0,0.0,1.0,1.0,1.0,2.0,1.0,0.0,1406.0,5.0,0.0,496.0,1902.0,2.0,1902.0,0.0,0.0,1902.0,3.0,1.0,0.0,7.0,0.0,2.0,2.0,3.0,1959.0,0.0,2.0,567.0,2.0,2.0,0.0,0.0,207.0,162.0,0.0,0.0,0.0,4.0,4.0,0.0,5.0,2010.0,335000.0,1.0,0.0,1.0,0.0,0.0,0.0,0.0,0.0,0.8356164383561644,0.8678082191780822,0.8205479452054795,0.36712328767123287,0.7883561643835616,0.03493150684931507,0.005479452054794521,0.9897260273972602,0.7205479452054795,0.7815068493150685,0.9821917808219178,0.03424657534246575,0.14178082191780822,0.44315068493150683,0.9780821917808219,0.914324880054832,0.630891950688905
1312,68.0,8814.0,0.0,0.0,0.0,0.0,7.0,5.0,2005.0,2007.0,80.0,1.0,2.0,1.0,2.0,3.0,0.0,925.0,5.0,0.0,349.0,1274.0,0.0,1274.0,0.0,0.0,1274.0,3.0,1.0,1.0,6.0,0.0,0.0,5.0,3.0,2005.0,1.0,2.0,508.0,2.0,2.0,0.0,264.0,98.0,0.0,0.0,0.0,0.0,4.0,4.0,0.0,1.0,2007.0,203000.0,1.0,0.0,1.0,1.0,0.0,0.0,0.0,0.0,0.8356164383561644,0.08356164383561644,0.08561643835616438,0.36712328767123287,0.7883561643835616,0.10273972602739725,0.863013698630137,0.9897260273972602,0.7205479452054795,0.7815068493150685,0.9821917808219178,0.3527397260273973,0.3452054794520548,0.44315068493150683,0.9780821917808219,0.914324880054832,0.630891950688905
1313,84.8,9572.0,1.0,0.0,0.0,3.0,8.0,5.0,1990.0,1990.0,336.0,1.0,2.0,0.0,2.0,3.0,0.0,482.0,5.0,0.0,971.0,1453.0,0.0,1453.0,1357.0,0.0,2810.0,4.0,1.0,1.0,9.0,0.0,1.0,0.0,2.5,1990.0,1.0,2.0,750.0,1.0,1.0,0.0,500.0,0.0,0.0,0.0,0.0,0.0,4.0,4.0,0.0,6.0,2007.0,302000.0,1.0,0.0,1.0,1.0,0.0,0.0,0.0,0.0,0.8356164383561644,0.8678082191780822,0.8205479452054795,0.2047945205479452,0.7883561643835616,0.028082191780821917,0.863013698630137,0.9897260273972602,0.7205479452054795,0.7815068493150685,0.9821917808219178,0.1410958904109589,0.13493150684931507,0.44315068493150683,0.9780821917808219,0.914324880054832,0.630891950688905
1314,108.0,14774.0,1.0,0.0,0.0,3.0,9.0,5.0,1999.0,1999.0,165.0,1.0,2.0,1.0,2.0,3.0,5.0,0.0,5.0,0.0,1393.0,1393.0,0.0,1422.0,1177.0,0.0,2599.0,4.0,1.0,1.0,10.0,0.0,1.0,2.0,2.5,1999.0,0.0,3.0,779.0,2.0,2.0,0.0,668.0,30.0,0.0,0.0,0.0,0.0,4.0,4.0,0.0,5.0,2010.0,333168.0,1.0,0.0,1.0,1.0,0.0,0.0,0.0,0.0,0.8356164383561644,0.8678082191780822,0.8205479452054795,0.2047945205479452,0.7883561643835616,0.028082191780821917,0.863013698630137,0.9897260273972602,0.18013698630136987,0.7815068493150685,0.9821917808219178,0.3527397260273973,0.3452054794520548,0.44315068493150683,0.9780821917808219,0.914324880054832,0.06381435823060189
1315,60.0,8190.0,0.0,0.0,0.0,0.0,4.0,6.0,1954.0,1954.0,0.0,2.0,2.0,2.0,2.0,3.0,3.0,732.0,5.0,0.0,216.0,948.0,0.0,948.0,0.0,0.0,948.0,3.0,1.0,2.0,5.0,0.0,1.0,2.0,2.0,1956.0,2.0,1.0,280.0,2.0,2.0,0.0,0.0,36.0,0.0,0.0,0.0,0.0,4.0,4.0,0.0,10.0,2007.0,119000.0,1.0,0.0,1.0,0.0,0.0,0.0,0.0,0.0,0.8356164383561644,0.8678082191780822,0.8205479452054795,0.36712328767123287,0.7883561643835616,0.0684931506849315,0.863013698630137,0.9897260273972602,0.7205479452054795,0.1958904109589041,0.9821917808219178,0.1410958904109589,0.13493150684931507,0.43424657534246575,0.9780821917808219,0.914324880054832,0.28063814358230604
1316,85.0,11075.0,0.0,0.0,0.0,3.0,6.0,5.0,1969.0,1969.0,0.0,2.0,2.0,3.0,2.0,2.0,1.0,500.0,4.0,276.0,176.0,952.0,2.0,1092.0,1020.0,0.0,2112.0,4.0,1.0,2.0,9.0,0.0,2.0,1.0,2.5,1969.0,2.0,2.0,576.0,2.0,2.0,0.0,280.0,0.0,0.0,0.0,0.0,0.0,4.0,4.0,0.0,6.0,2008.0,206900.0,1.0,0.0,1.0,0.0,0.0,0.0,0.0,0.0,0.8356164383561644,0.8678082191780822,0.8205479452054795,0.2047945205479452,0.7883561643835616,0.1541095890410959,0.863013698630137,0.9897260273972602,0.7205479452054795,0.7815068493150685,0.9821917808219178,0.15205479452054796,0.14178082191780822,0.43424657534246575,0.9780821917808219,0.914324880054832,0.630891950688905
1317,61.0,10226.0,1.0,0.0,0.0,0.0,8.0,5.0,2008.0,2008.0,270.0,1.0,2.0,0.0,2.0,0.0,5.0,0.0,5.0,0.0,1622.0,1622.0,0.0,1630.0,0.0,0.0,1630.0,3.0,1.0,0.0,8.0,0.0,1.0,1.0,3.0,2008.0,1.0,3.0,860.0,2.0,2.0,0.0,172.0,42.0,0.0,0.0,0.0,0.0,4.0,4.0,0.0,1.0,2009.0,295493.0,1.0,0.0,1.0,0.0,1.0,0.0,0.0,0.0,0.8356164383561644,0.8678082191780822,0.8205479452054795,0.36712328767123287,0.7883561643835616,0.10273972602739725,0.863013698630137,0.9897260273972602,0.7205479452054795,0.7815068493150685,0.9821917808219178,0.3527397260273973,0.3452054794520548,0.44315068493150683,0.9780821917808219,0.914324880054832,0.630891950688905
1318,47.0,4230.0,0.0,0.0,0.0,0.0,7.0,5.0,2006.0,2007.0,0.0,1.0,2.0,0.0,1.0,3.0,5.0,0.0,5.0,0.0,1352.0,1352.0,0.0,1352.0,0.0,0.0,1352.0,2.0,1.0,1.0,5.0,0.0,1.0,1.0,2.0,2006.0,1.0,2.0,466.0,2.0,2.0,0.0,0.0,241.0,0.0,0.0,0.0,0.0,4.0,4.0,0.0,4.0,2007.0,208900.0,1.0,1.0,1.0,0.0,0.0,0.0,0.0,0.0,0.07808219178082192,0.08356164383561644,0.08561643835616438,0.05958904109589041,0.04452054794520548,0.0589041095890411,0.863013698630137,0.9897260273972602,0.18013698630136987,0.7815068493150685,0.9821917808219178,0.3527397260273973,0.3452054794520548,0.44315068493150683,0.9780821917808219,0.914324880054832,0.630891950688905
1319,78.2,14781.0,2.0,0.0,0.0,0.0,8.0,5.0,2001.0,2002.0,178.0,1.0,2.0,1.0,2.0,0.0,5.0,0.0,5.0,0.0,1753.0,1753.0,0.0,1787.0,0.0,0.0,1787.0,3.0,1.0,1.0,7.0,0.0,1.0,2.0,2.0,2001.0,1.0,3.0,748.0,2.0,2.0,0.0,198.0,150.0,0.0,0.0,0.0,0.0,4.0,4.0,0.0,8.0,2006.0,275000.0,1.0,0.0,1.0,1.0,0.0,0.0,0.0,0.0,0.8356164383561644,0.8678082191780822,0.8205479452054795,0.36712328767123287,0.7883561643835616,0.10273972602739725,0.863013698630137,0.9897260273972602,0.06438356164383562,0.1958904109589041,0.9821917808219178,0.3527397260273973,0.3452054794520548,0.44315068493150683,0.9780821917808219,0.914324880054832,0.630891950688905
1320,75.0,10215.0,0.0,1.0,0.0,0.0,4.0,5.0,1954.0,1954.0,132.0,2.0,2.0,2.0,2.0,3.0,1.0,492.0,5.0,0.0,372.0,864.0,0.0,948.0,0.0,0.0,948.0,3.0,1.0,2.0,5.0,0.0,0.0,5.0,1.0,1954.0,2.0,1.0,248.0,2.0,2.0,0.0,0.0,0.0,0.0,0.0,0.0,0.0,4.0,4.0,0.0,2.0,2007.0,111000.0,1.0,0.0,1.0,1.0,0.0,0.0,0.0,0.0,0.8356164383561644,0.8678082191780822,0.8205479452054795,0.36712328767123287,0.7883561643835616,0.0684931506849315,0.863013698630137,0.9897260273972602,0.7205479452054795,0.1958904109589041,0.9821917808219178,0.1410958904109589,0.13493150684931507,0.44315068493150683,0.9780821917808219,0.914324880054832,0.630891950688905
1321,70.0,8400.0,0.0,0.0,0.0,0.0,6.0,3.0,1957.0,1957.0,0.0,2.0,2.0,2.0,2.0,3.0,1.0,189.0,3.0,661.0,628.0,1478.0,1.0,1478.0,0.0,0.0,1478.0,3.0,1.0,2.0,6.0,0.0,2.0,1.0,2.5,1957.0,1.0,2.0,442.0,2.0,2.0,0.0,114.0,0.0,0.0,0.0,216.0,0.0,4.0,4.0,0.0,6.0,2009.0,156500.0,1.0,0.0,1.0,0.0,0.0,0.0,0.0,0.0,0.8356164383561644,0.8678082191780822,0.8205479452054795,0.36712328767123287,0.7883561643835616,0.1541095890410959,0.863013698630137,0.9897260273972602,0.7205479452054795,0.1958904109589041,0.9821917808219178,0.03424657534246575,0.017123287671232876,0.43424657534246575,0.9780821917808219,0.914324880054832,0.630891950688905
1322,53.0,6627.0,1.0,0.0,0.0,0.0,3.0,6.0,1949.0,1950.0,0.0,2.0,2.0,5.0,5.0,4.0,6.0,0.0,6.0,0.0,0.0,0.0,2.0,720.0,0.0,0.0,720.0,2.0,1.0,2.0,4.0,0.0,0.0,5.0,1.0,1955.0,2.0,1.0,287.0,2.0,3.0,0.0,0.0,0.0,0.0,0.0,0.0,0.0,4.0,4.0,0.0,7.0,2008.0,72500.0,1.0,0.0,0.0,0.0,0.0,0.0,0.0,0.0,0.8356164383561644,0.8678082191780822,0.8205479452054795,0.36712328767123287,0.7883561643835616,0.03972602739726028,0.05547945205479452,0.9897260273972602,0.18013698630136987,0.1958904109589041,0.9821917808219178,0.3527397260273973,0.3452054794520548,0.43424657534246575,0.0006849315068493151,0.914324880054832,0.28063814358230604
1323,107.0,10186.0,1.0,0.0,0.0,3.0,7.0,5.0,1992.0,1992.0,0.0,1.0,2.0,1.0,2.0,3.0,0.0,674.0,5.0,0.0,76.0,750.0,0.0,1061.0,862.0,0.0,1923.0,3.0,1.0,1.0,8.0,0.0,1.0,2.0,3.5,1992.0,1.0,2.0,564.0,2.0,2.0,0.0,240.0,39.0,0.0,0.0,0.0,0.0,4.0,4.0,0.0,6.0,2010.0,190000.0,1.0,0.0,1.0,0.0,0.0,0.0,0.0,0.0,0.8356164383561644,0.8678082191780822,0.8205479452054795,0.2047945205479452,0.7883561643835616,0.028082191780821917,0.863013698630137,0.9897260273972602,0.7205479452054795,0.7815068493150685,0.9821917808219178,0.15205479452054796,0.14178082191780822,0.44315068493150683,0.9780821917808219,0.914324880054832,0.630891950688905
1324,50.0,5330.0,0.0,2.0,0.0,0.0,4.0,7.0,1940.0,1950.0,0.0,3.0,2.0,2.0,2.0,3.0,4.0,280.0,5.0,0.0,140.0,420.0,1.0,708.0,0.0,0.0,708.0,2.0,1.0,3.0,5.0,0.0,0.0,5.0,1.0,1955.4,3.0,0.0,0.0,5.0,5.0,0.0,164.0,0.0,0.0,0.0,0.0,0.0,4.0,4.0,0.0,12.0,2009.0,82500.0,1.0,0.0,1.0,0.0,0.0,0.0,0.0,0.0,0.8356164383561644,0.8678082191780822,0.8205479452054795,0.04726027397260274,0.7883561643835616,0.03972602739726028,0.863013698630137,0.9897260273972602,0.7205479452054795,0.1958904109589041,0.9821917808219178,0.3527397260273973,0.3452054794520548,0.43424657534246575,0.9780821917808219,0.914324880054832,0.2958665699782451
1325,75.0,9986.0,0.0,0.0,0.0,0.0,8.0,5.0,2006.0,2007.0,428.0,1.0,2.0,0.0,2.0,1.0,5.0,0.0,5.0,0.0,1795.0,1795.0,0.0,1795.0,0.0,0.0,1795.0,2.0,1.0,1.0,7.0,0.0,1.0,1.0,2.0,2007.0,1.0,3.0,895.0,2.0,2.0,0.0,0.0,49.0,0.0,0.0,0.0,0.0,4.0,4.0,0.0,2.0,2007.0,147000.0,1.0,0.0,1.0,1.0,0.0,0.0,0.0,0.0,0.8356164383561644,0.08356164383561644,0.08561643835616438,0.36712328767123287,0.7883561643835616,0.0589041095890411,0.863013698630137,0.9897260273972602,0.7205479452054795,0.7815068493150685,0.9821917808219178,0.3527397260273973,0.3452054794520548,0.44315068493150683,0.9780821917808219,0.914324880054832,0.630891950688905
1326,40.0,3636.0,0.0,0.0,0.0,0.0,4.0,4.0,1922.0,1950.0,0.0,2.0,2.0,2.0,3.0,3.0,5.0,0.0,5.0,0.0,796.0,796.0,3.0,796.0,0.0,0.0,796.0,2.0,1.0,2.0,5.0,0.0,0.0,5.0,1.0,1948.6,3.0,0.0,0.0,5.0,5.0,2.0,0.0,0.0,100.0,0.0,0.0,0.0,4.0,1.0,0.0,1.0,2008.0,55000.0,1.0,0.0,0.0,0.0,0.0,0.0,0.0,0.0,0.8356164383561644,0.8678082191780822,0.8205479452054795,0.04726027397260274,0.14931506849315068,0.025342465753424658,0.863013698630137,0.9897260273972602,0.7205479452054795,0.7815068493150685,0.9821917808219178,0.0136986301369863,0.0136986301369863,0.1,0.9780821917808219,0.914324880054832,0.29731689630166785
1327,70.0,4270.0,0.0,1.0,1.0,0.0,3.0,6.0,1931.0,2006.0,0.0,2.0,2.0,2.0,2.0,3.0,3.0,544.0,5.0,0.0,0.0,544.0,0.0,774.0,0.0,0.0,774.0,3.0,1.0,1.0,6.0,0.0,0.0,5.0,1.0,1945.6,3.0,0.0,0.0,5.0,5.0,0.0,0.0,0.0,286.0,0.0,0.0,0.0,4.0,4.0,0.0,5.0,2007.0,79000.0,1.0,0.0,1.0,0.0,0.0,0.0,0.0,0.0,0.8356164383561644,0.8678082191780822,0.8205479452054795,0.04726027397260274,0.010958904109589041,0.0684931506849315,0.863013698630137,0.9897260273972602,0.7205479452054795,0.7815068493150685,0.9821917808219178,0.1506849315068493,0.14657534246575343,0.1,0.9780821917808219,0.914324880054832,0.4907904278462654
1328,60.0,6600.0,0.0,0.0,0.0,0.0,5.0,9.0,1982.0,2008.0,0.0,1.0,1.0,2.0,2.0,3.0,1.0,641.0,5.0,0.0,175.0,816.0,0.0,816.0,0.0,0.0,816.0,3.0,1.0,1.0,5.0,0.0,1.0,0.0,1.5,1982.0,2.0,1.0,264.0,2.0,2.0,0.0,0.0,0.0,0.0,0.0,0.0,0.0,4.0,1.0,0.0,10.0,2008.0,130500.0,1.0,0.0,1.0,0.0,0.0,0.0,0.0,0.0,0.8356164383561644,0.8678082191780822,0.8205479452054795,0.36712328767123287,0.7883561643835616,0.03356164383561644,0.863013698630137,0.9897260273972602,0.7205479452054795,0.7815068493150685,0.9821917808219178,0.3527397260273973,0.3452054794520548,0.43424657534246575,0.9780821917808219,0.914324880054832,0.630891950688905
1329,60.0,10440.0,0.0,0.0,0.0,1.0,6.0,7.0,1920.0,1950.0,0.0,1.0,1.0,1.0,2.0,3.0,4.0,493.0,5.0,0.0,1017.0,1510.0,0.0,1584.0,1208.0,0.0,2792.0,5.0,1.0,2.0,8.0,3.0,2.0,2.0,2.0,1920.0,2.0,2.0,520.0,3.0,2.0,0.0,0.0,547.0,0.0,0.0,480.0,0.0,4.0,1.0,1150.0,6.0,2008.0,256000.0,1.0,0.0,1.0,0.0,0.0,0.0,1.0,0.0,0.8356164383561644,0.8678082191780822,0.8205479452054795,0.09863013698630137,0.14931506849315068,0.0773972602739726,0.863013698630137,0.9897260273972602,0.18013698630136987,0.7815068493150685,0.9821917808219178,0.03424657534246575,0.13493150684931507,0.1,0.012328767123287671,0.914324880054832,0.28063814358230604
1330,63.0,9084.0,1.0,0.0,0.0,3.0,7.0,5.0,1998.0,1998.0,0.0,2.0,2.0,1.0,2.0,3.0,5.0,0.0,5.0,0.0,935.0,935.0,1.0,955.0,677.0,0.0,1632.0,3.0,1.0,2.0,8.0,0.0,1.0,2.0,2.5,1998.0,0.0,2.0,462.0,2.0,2.0,0.0,0.0,28.0,0.0,0.0,0.0,0.0,4.0,4.0,0.0,6.0,2006.0,176500.0,1.0,0.0,1.0,0.0,0.0,0.0,0.0,0.0,0.8356164383561644,0.8678082191780822,0.8205479452054795,0.2047945205479452,0.7883561643835616,0.05410958904109589,0.863013698630137,0.9897260273972602,0.7205479452054795,0.1958904109589041,0.9821917808219178,0.3527397260273973,0.3452054794520548,0.44315068493150683,0.9780821917808219,0.914324880054832,0.630891950688905
1331,85.0,10000.0,0.0,0.0,0.0,0.0,8.0,5.0,2006.0,2006.0,410.0,1.0,2.0,1.0,1.0,1.0,5.0,0.0,5.0,0.0,1588.0,1588.0,0.0,1588.0,0.0,0.0,1588.0,3.0,1.0,1.0,7.0,0.0,1.0,1.0,2.0,2006.0,1.0,3.0,825.0,2.0,2.0,0.0,144.0,45.0,0.0,0.0,0.0,0.0,4.0,4.0,0.0,12.0,2007.0,227000.0,1.0,0.0,1.0,0.0,1.0,0.0,0.0,0.0,0.8356164383561644,0.8678082191780822,0.8205479452054795,0.36712328767123287,0.7883561643835616,0.0589041095890411,0.863013698630137,0.9897260273972602,0.7205479452054795,0.1958904109589041,0.9821917808219178,0.3527397260273973,0.3452054794520548,0.44315068493150683,0.9780821917808219,0.914324880054832,0.630891950688905
1332,55.0,10780.0,1.0,0.0,0.0,7.0,5.0,5.0,1976.0,1976.0,0.0,2.0,2.0,2.0,2.0,1.0,1.0,483.0,5.0,0.0,428.0,911.0,1.0,954.0,0.0,0.0,954.0,3.0,1.0,2.0,6.0,0.0,0.0,5.0,1.0,1976.0,2.0,2.0,576.0,2.0,2.0,0.0,0.0,0.0,0.0,0.0,0.0,0.0,4.0,4.0,0.0,7.0,2006.0,132500.0,1.0,0.0,1.0,0.0,0.0,0.0,0.0,0.0,0.8356164383561644,0.8678082191780822,0.8205479452054795,0.03972602739726028,0.7883561643835616,0.10273972602739725,0.863013698630137,0.9897260273972602,0.7205479452054795,0.7815068493150685,0.9821917808219178,0.1506849315068493,0.14657534246575343,0.43424657534246575,0.9780821917808219,0.914324880054832,0.28063814358230604
1333,67.0,8877.0,0.0,0.0,1.0,0.0,4.0,6.0,1938.0,1958.0,0.0,2.0,2.0,2.0,2.0,2.0,1.0,690.0,5.0,0.0,126.0,816.0,0.0,816.0,0.0,0.0,816.0,2.0,1.0,2.0,3.0,0.0,1.0,1.0,2.0,1958.0,2.0,1.0,288.0,3.0,3.0,0.0,0.0,0.0,0.0,0.0,0.0,0.0,4.0,4.0,0.0,5.0,2009.0,100000.0,1.0,0.0,1.0,0.0,0.0,0.0,0.0,0.0,0.8356164383561644,0.8678082191780822,0.8205479452054795,0.36712328767123287,0.7883561643835616,0.0684931506849315,0.863013698630137,0.9897260273972602,0.7205479452054795,0.7815068493150685,0.9821917808219178,0.1506849315068493,0.14657534246575343,0.43424657534246575,0.9780821917808219,0.914324880054832,0.28063814358230604
1334,60.0,7200.0,0.0,0.0,0.0,1.0,5.0,6.0,1938.0,1995.0,0.0,2.0,2.0,2.0,2.0,3.0,5.0,0.0,5.0,0.0,803.0,803.0,0.0,803.0,557.0,0.0,1360.0,2.0,1.0,1.0,6.0,0.0,0.0,5.0,1.5,1951.0,2.0,1.0,297.0,2.0,2.0,0.0,0.0,65.0,190.0,0.0,0.0,0.0,4.0,1.0,0.0,7.0,2006.0,125500.0,1.0,0.0,1.0,0.0,0.0,0.0,0.0,0.0,0.8356164383561644,0.8678082191780822,0.8205479452054795,0.09863013698630137,0.14931506849315068,0.025342465753424658,0.863013698630137,0.9897260273972602,0.18013698630136987,0.7815068493150685,0.9821917808219178,0.1410958904109589,0.13493150684931507,0.43424657534246575,0.9780821917808219,0.914324880054832,0.28063814358230604
1335,24.0,2368.0,0.0,0.0,0.0,3.0,5.0,6.0,1970.0,1970.0,312.0,2.0,2.0,2.0,2.0,3.0,4.0,765.0,5.0,0.0,0.0,765.0,2.0,765.0,600.0,0.0,1365.0,3.0,1.0,2.0,7.0,1.0,0.0,5.0,1.5,1970.0,2.0,2.0,440.0,2.0,2.0,0.0,0.0,36.0,0.0,0.0,0.0,0.0,4.0,4.0,0.0,5.0,2009.0,125000.0,1.0,0.0,1.0,0.0,0.0,0.0,0.0,0.0,0.07808219178082192,0.8678082191780822,0.8205479452054795,0.04315068493150685,0.14931506849315068,0.010958904109589041,0.863013698630137,0.9897260273972602,0.7205479452054795,0.7815068493150685,0.9821917808219178,0.15205479452054796,0.14178082191780822,0.43424657534246575,0.9780821917808219,0.914324880054832,0.630891950688905
1336,80.0,9650.0,0.0,0.0,0.0,0.0,6.0,5.0,1977.0,1977.0,360.0,2.0,2.0,1.0,2.0,3.0,1.0,686.0,5.0,0.0,664.0,1350.0,2.0,1334.0,0.0,0.0,1334.0,2.0,1.0,2.0,6.0,0.0,1.0,2.0,2.5,1977.0,1.0,2.0,630.0,2.0,2.0,0.0,0.0,16.0,0.0,0.0,0.0,0.0,4.0,4.0,0.0,4.0,2009.0,167900.0,1.0,0.0,1.0,1.0,0.0,0.0,0.0,0.0,0.8356164383561644,0.8678082191780822,0.8205479452054795,0.36712328767123287,0.7883561643835616,0.05,0.863013698630137,0.9897260273972602,0.7205479452054795,0.7815068493150685,0.9821917808219178,0.07397260273972603,0.09726027397260274,0.43424657534246575,0.9780821917808219,0.914324880054832,0.630891950688905
1337,87.0,9246.0,1.0,0.0,0.0,0.0,5.0,5.0,1973.0,1973.0,564.0,2.0,2.0,2.0,2.0,3.0,5.0,0.0,5.0,0.0,1656.0,1656.0,2.0,1656.0,0.0,0.0,1656.0,4.0,2.0,2.0,8.0,0.0,0.0,5.0,2.0,1973.0,2.0,2.0,506.0,2.0,2.0,0.0,0.0,211.0,0.0,0.0,0.0,0.0,4.0,4.0,0.0,11.0,2008.0,135000.0,1.0,0.0,1.0,1.0,0.0,0.0,0.0,0.0,0.03561643835616438,0.8678082191780822,0.8205479452054795,0.03561643835616438,0.7883561643835616,0.05,0.05547945205479452,0.9897260273972602,0.7205479452054795,0.7815068493150685,0.9821917808219178,0.07397260273972603,0.09726027397260274,0.43424657534246575,0.9780821917808219,0.914324880054832,0.28063814358230604
1338,153.0,4118.0,1.0,1.0,1.0,0.0,4.0,4.0,1941.0,1950.0,0.0,2.0,2.0,2.0,2.0,3.0,5.0,0.0,5.0,0.0,693.0,693.0,3.0,693.0,0.0,0.0,693.0,2.0,1.0,3.0,4.0,0.0,0.0,5.0,1.0,1948.6,3.0,0.0,0.0,5.0,5.0,2.0,0.0,20.0,0.0,0.0,0.0,0.0,4.0,4.0,0.0,3.0,2006.0,52500.0,1.0,0.0,0.0,0.0,0.0,0.0,0.0,0.0,0.8356164383561644,0.8678082191780822,0.8205479452054795,0.04726027397260274,0.14931506849315068,0.0773972602739726,0.05547945205479452,0.9897260273972602,0.18013698630136987,0.7815068493150685,0.9821917808219178,0.1410958904109589,0.13493150684931507,0.43424657534246575,0.004794520547945206,0.06442769019876628,0.29731689630166785
1339,95.0,13450.0,1.0,0.0,0.0,3.0,7.0,5.0,2002.0,2002.0,0.0,1.0,2.0,1.0,2.0,3.0,0.0,700.0,5.0,0.0,216.0,916.0,0.0,920.0,941.0,0.0,1861.0,3.0,1.0,1.0,8.0,0.0,0.0,5.0,3.5,2002.0,1.0,2.0,492.0,2.0,2.0,0.0,146.0,91.0,0.0,0.0,0.0,0.0,4.0,4.0,0.0,6.0,2006.0,200000.0,1.0,0.0,1.0,0.0,0.0,0.0,0.0,0.0,0.8356164383561644,0.8678082191780822,0.8205479452054795,0.2047945205479452,0.7883561643835616,0.10273972602739725,0.863013698630137,0.9897260273972602,0.18013698630136987,0.7815068493150685,0.9821917808219178,0.3527397260273973,0.3452054794520548,0.44315068493150683,0.9780821917808219,0.914324880054832,0.06381435823060189
1340,120.0,9560.0,1.0,0.0,0.0,0.0,5.0,7.0,1972.0,1972.0,0.0,2.0,1.0,2.0,2.0,2.0,3.0,360.0,5.0,0.0,504.0,864.0,0.0,864.0,0.0,0.0,864.0,3.0,1.0,2.0,5.0,0.0,0.0,5.0,1.0,1972.0,1.0,1.0,288.0,2.0,2.0,0.0,0.0,0.0,0.0,0.0,0.0,0.0,4.0,4.0,0.0,6.0,2006.0,128500.0,1.0,0.0,1.0,0.0,0.0,0.0,0.0,0.0,0.8356164383561644,0.8678082191780822,0.8205479452054795,0.36712328767123287,0.7883561643835616,0.10273972602739725,0.863013698630137,0.9897260273972602,0.18013698630136987,0.1958904109589041,0.9821917808219178,0.1506849315068493,0.14657534246575343,0.43424657534246575,0.9780821917808219,0.914324880054832,0.630891950688905
1341,70.0,8294.0,0.0,0.0,0.0,0.0,4.0,5.0,1971.0,1971.0,0.0,2.0,2.0,2.0,2.0,3.0,5.0,0.0,5.0,0.0,858.0,858.0,2.0,872.0,0.0,0.0,872.0,3.0,1.0,2.0,5.0,0.0,0.0,5.0,1.0,1974.0,2.0,4.0,480.0,2.0,2.0,0.0,0.0,0.0,0.0,0.0,0.0,0.0,4.0,2.0,0.0,6.0,2007.0,123000.0,1.0,0.0,1.0,0.0,0.0,0.0,0.0,0.0,0.8356164383561644,0.8678082191780822,0.8205479452054795,0.36712328767123287,0.7883561643835616,0.1541095890410959,0.863013698630137,0.9897260273972602,0.7205479452054795,0.7815068493150685,0.9821917808219178,0.1506849315068493,0.14657534246575343,0.43424657534246575,0.9780821917808219,0.914324880054832,0.28063814358230604
1342,66.0,13695.0,0.0,0.0,0.0,0.0,6.0,5.0,2003.0,2004.0,0.0,2.0,2.0,1.0,2.0,3.0,0.0,814.0,5.0,0.0,300.0,1114.0,0.0,1114.0,0.0,0.0,1114.0,3.0,1.0,1.0,6.0,0.0,0.0,5.0,2.0,2004.0,2.0,2.0,576.0,2.0,2.0,0.0,0.0,78.0,0.0,0.0,0.0,0.0,4.0,4.0,0.0,7.0,2008.0,155000.0,1.0,0.0,1.0,0.0,0.0,0.0,0.0,0.0,0.8356164383561644,0.8678082191780822,0.8205479452054795,0.36712328767123287,0.7883561643835616,0.04041095890410959,0.007534246575342466,0.9897260273972602,0.7205479452054795,0.7815068493150685,0.9821917808219178,0.3527397260273973,0.3452054794520548,0.44315068493150683,0.9780821917808219,0.914324880054832,0.28063814358230604
1343,74.8,9375.0,0.0,0.0,0.0,3.0,8.0,5.0,2002.0,2002.0,149.0,1.0,2.0,1.0,2.0,3.0,5.0,0.0,5.0,0.0,1284.0,1284.0,0.0,1284.0,885.0,0.0,2169.0,3.0,1.0,1.0,7.0,0.0,1.0,1.0,2.5,2002.0,1.0,2.0,647.0,2.0,2.0,0.0,192.0,87.0,0.0,0.0,0.0,0.0,4.0,4.0,0.0,8.0,2007.0,228500.0,1.0,0.0,1.0,1.0,0.0,0.0,0.0,0.0,0.8356164383561644,0.8678082191780822,0.8205479452054795,0.2047945205479452,0.7883561643835616,0.10273972602739725,0.863013698630137,0.9897260273972602,0.7205479452054795,0.7815068493150685,0.9821917808219178,0.3527397260273973,0.3452054794520548,0.44315068493150683,0.9780821917808219,0.914324880054832,0.630891950688905
1344,57.0,7558.0,0.0,1.0,0.0,1.0,6.0,6.0,1928.0,1950.0,0.0,2.0,2.0,2.0,2.0,3.0,5.0,0.0,5.0,0.0,896.0,896.0,1.0,1172.0,741.0,0.0,1913.0,3.0,1.0,2.0,9.0,0.0,1.0,2.0,1.5,1929.0,2.0,2.0,342.0,3.0,3.0,0.0,0.0,0.0,0.0,0.0,0.0,0.0,4.0,4.0,0.0,3.0,2009.0,177000.0,1.0,0.0,1.0,0.0,0.0,0.0,0.0,0.0,0.8356164383561644,0.8678082191780822,0.8205479452054795,0.09863013698630137,0.7883561643835616,0.03493150684931507,0.863013698630137,0.9897260273972602,0.7205479452054795,0.7815068493150685,0.9821917808219178,0.03424657534246575,0.003424657534246575,0.1,0.9780821917808219,0.914324880054832,0.28063814358230604
1345,85.0,11103.0,1.0,0.0,0.0,3.0,7.0,5.0,2006.0,2006.0,0.0,1.0,2.0,1.0,2.0,3.0,5.0,0.0,5.0,0.0,728.0,728.0,0.0,728.0,728.0,0.0,1456.0,3.0,1.0,1.0,8.0,0.0,1.0,2.0,2.5,2006.0,0.0,2.0,440.0,2.0,2.0,0.0,0.0,0.0,0.0,0.0,0.0,0.0,4.0,4.0,0.0,7.0,2007.0,155835.0,1.0,0.0,1.0,0.0,0.0,0.0,0.0,0.0,0.8356164383561644,0.08356164383561644,0.08561643835616438,0.2047945205479452,0.7883561643835616,0.10273972602739725,0.863013698630137,0.9897260273972602,0.18013698630136987,0.7815068493150685,0.9821917808219178,0.3527397260273973,0.3452054794520548,0.44315068493150683,0.9780821917808219,0.914324880054832,0.630891950688905
1346,50.0,6000.0,0.0,0.0,0.0,0.0,4.0,4.0,1920.0,1950.0,0.0,2.0,2.0,2.0,2.0,3.0,1.0,250.0,5.0,0.0,710.0,960.0,1.0,960.0,0.0,0.0,960.0,2.0,1.0,3.0,5.0,0.0,0.0,5.0,1.0,1997.0,2.0,1.0,308.0,2.0,2.0,0.0,0.0,0.0,168.0,0.0,0.0,0.0,4.0,4.0,0.0,7.0,2007.0,108500.0,1.0,0.0,1.0,0.0,0.0,0.0,0.0,0.0,0.8356164383561644,0.8678082191780822,0.8205479452054795,0.04726027397260274,0.14931506849315068,0.0773972602739726,0.863013698630137,0.9897260273972602,0.7205479452054795,0.1958904109589041,0.9821917808219178,0.1506849315068493,0.14657534246575343,0.44315068493150683,0.9780821917808219,0.06442769019876628,0.28063814358230604
1347,113.6,20781.0,2.0,0.0,0.0,0.0,7.0,7.0,1968.0,2003.0,0.0,2.0,2.0,2.0,2.0,3.0,2.0,297.0,3.0,68.0,1203.0,1568.0,2.0,2156.0,0.0,0.0,2156.0,3.0,1.0,2.0,9.0,0.0,1.0,1.0,2.0,1968.0,1.0,2.0,508.0,1.0,2.0,0.0,0.0,80.0,0.0,290.0,0.0,0.0,4.0,4.0,0.0,6.0,2006.0,262500.0,1.0,0.0,1.0,0.0,0.0,0.0,0.0,0.0,0.8356164383561644,0.8678082191780822,0.8205479452054795,0.36712328767123287,0.7883561643835616,0.05,0.013013698630136987,0.9897260273972602,0.06438356164383562,0.1958904109589041,0.9821917808219178,0.03424657534246575,0.14178082191780822,0.43424657534246575,0.9780821917808219,0.914324880054832,0.630891950688905
1348,93.0,15306.0,1.0,2.0,0.0,0.0,8.0,5.0,2006.0,2007.0,100.0,1.0,2.0,0.0,2.0,0.0,0.0,80.0,5.0,0.0,1652.0,1732.0,0.0,1776.0,0.0,0.0,1776.0,3.0,1.0,1.0,7.0,0.0,1.0,1.0,3.0,2006.0,0.0,3.0,712.0,2.0,2.0,0.0,0.0,0.0,0.0,0.0,0.0,0.0,4.0,4.0,0.0,5.0,2007.0,283463.0,1.0,0.0,1.0,0.0,1.0,0.0,0.0,0.0,0.8356164383561644,0.08356164383561644,0.08561643835616438,0.36712328767123287,0.7883561643835616,0.026027397260273973,0.863013698630137,0.9897260273972602,0.18013698630136987,0.7815068493150685,0.9821917808219178,0.3527397260273973,0.3452054794520548,0.44315068493150683,0.9780821917808219,0.914324880054832,0.630891950688905
1349,68.4,16196.0,3.0,3.0,0.0,0.0,7.0,5.0,1998.0,1998.0,0.0,1.0,2.0,1.0,2.0,0.0,0.0,1443.0,5.0,0.0,39.0,1482.0,0.0,1494.0,0.0,0.0,1494.0,3.0,1.0,1.0,5.0,0.0,1.0,3.0,3.0,1998.0,1.0,2.0,514.0,2.0,2.0,0.0,402.0,25.0,0.0,0.0,0.0,0.0,4.0,4.0,0.0,8.0,2007.0,215000.0,1.0,0.0,1.0,0.0,0.0,0.0,0.0,0.0,0.8356164383561644,0.8678082191780822,0.8205479452054795,0.36712328767123287,0.7883561643835616,0.04041095890410959,0.863013698630137,0.9897260273972602,0.7205479452054795,0.7815068493150685,0.9821917808219178,0.3527397260273973,0.3452054794520548,0.44315068493150683,0.9780821917808219,0.914324880054832,0.630891950688905
1350,50.0,5250.0,0.0,0.0,0.0,3.0,8.0,5.0,1872.0,1987.0,0.0,2.0,1.0,2.0,3.0,3.0,4.0,259.0,5.0,0.0,425.0,684.0,3.0,938.0,1215.0,205.0,2358.0,4.0,1.0,2.0,8.0,0.0,0.0,5.0,2.0,1962.0,3.0,0.0,0.0,5.0,5.0,0.0,0.0,54.0,20.0,0.0,0.0,0.0,4.0,4.0,0.0,12.0,2008.0,122000.0,1.0,1.0,0.0,0.0,0.0,0.0,0.0,0.0,0.8356164383561644,0.8678082191780822,0.8205479452054795,0.0410958904109589,0.14931506849315068,0.0773972602739726,0.863013698630137,0.9897260273972602,0.7205479452054795,0.7815068493150685,0.9821917808219178,0.1506849315068493,0.14657534246575343,0.1,0.0013698630136986301,0.914324880054832,0.23727338651196522
1351,91.0,11643.0,0.0,0.0,0.0,3.0,5.0,5.0,1969.0,1969.0,368.0,2.0,2.0,2.0,2.0,3.0,4.0,500.0,5.0,0.0,748.0,1248.0,2.0,1338.0,1296.0,0.0,2634.0,6.0,2.0,2.0,12.0,0.0,0.0,5.0,4.5,1969.0,2.0,4.0,968.0,2.0,2.0,0.0,0.0,0.0,0.0,0.0,0.0,0.0,4.0,4.0,0.0,8.0,2009.0,200000.0,1.0,0.0,1.0,1.0,0.0,0.0,0.0,0.0,0.03561643835616438,0.8678082191780822,0.8205479452054795,0.03561643835616438,0.7883561643835616,0.1541095890410959,0.03287671232876712,0.9897260273972602,0.7205479452054795,0.7815068493150685,0.9821917808219178,0.1506849315068493,0.14657534246575343,0.43424657534246575,0.9780821917808219,0.914324880054832,0.28063814358230604
1352,70.0,9247.0,1.0,0.0,0.0,3.0,6.0,6.0,1962.0,1962.0,318.0,2.0,2.0,2.0,2.0,3.0,3.0,319.0,5.0,0.0,539.0,858.0,0.0,858.0,858.0,0.0,1716.0,4.0,1.0,2.0,8.0,0.0,1.0,1.0,1.5,1962.0,0.0,2.0,490.0,2.0,2.0,0.0,0.0,84.0,0.0,0.0,120.0,0.0,4.0,4.0,0.0,3.0,2008.0,171000.0,1.0,0.0,1.0,1.0,0.0,0.0,0.0,0.0,0.8356164383561644,0.8678082191780822,0.8205479452054795,0.2047945205479452,0.7883561643835616,0.1541095890410959,0.863013698630137,0.9897260273972602,0.7205479452054795,0.7815068493150685,0.9821917808219178,0.15205479452054796,0.14178082191780822,0.43424657534246575,0.9780821917808219,0.914324880054832,0.630891950688905
1353,50.0,6000.0,0.0,0.0,0.0,1.0,6.0,9.0,1937.0,2000.0,0.0,1.0,2.0,2.0,2.0,3.0,5.0,0.0,5.0,0.0,698.0,698.0,2.0,786.0,390.0,0.0,1176.0,2.0,1.0,2.0,4.0,0.0,0.0,5.0,1.0,1999.0,2.0,2.0,624.0,2.0,2.0,2.0,210.0,0.0,0.0,0.0,0.0,0.0,4.0,4.0,0.0,7.0,2009.0,134900.0,1.0,0.0,1.0,0.0,0.0,0.0,0.0,0.0,0.8356164383561644,0.8678082191780822,0.8205479452054795,0.09863013698630137,0.14931506849315068,0.03972602739726028,0.863013698630137,0.9897260273972602,0.7205479452054795,0.7815068493150685,0.9821917808219178,0.1506849315068493,0.14657534246575343,0.1,0.9780821917808219,0.914324880054832,0.28063814358230604
1354,56.0,14720.0,1.0,0.0,0.0,1.0,8.0,5.0,1995.0,1996.0,579.0,1.0,2.0,1.0,2.0,1.0,0.0,816.0,5.0,0.0,1217.0,2033.0,0.0,2053.0,1185.0,0.0,3238.0,4.0,1.0,1.0,9.0,0.0,1.0,0.0,3.5,1996.0,0.0,3.0,666.0,2.0,2.0,0.0,283.0,86.0,0.0,0.0,0.0,0.0,4.0,4.0,0.0,3.0,2010.0,410000.0,1.0,0.0,1.0,1.0,0.0,0.0,0.0,0.0,0.8356164383561644,0.8678082191780822,0.8205479452054795,0.09863013698630137,0.7883561643835616,0.028082191780821917,0.863013698630137,0.9897260273972602,0.06438356164383562,0.1958904109589041,0.9821917808219178,0.3527397260273973,0.3452054794520548,0.44315068493150683,0.9780821917808219,0.914324880054832,0.630891950688905
1355,70.8,10316.0,1.0,0.0,0.0,3.0,7.0,5.0,2000.0,2000.0,0.0,1.0,2.0,1.0,2.0,3.0,0.0,735.0,5.0,0.0,257.0,992.0,0.0,992.0,873.0,0.0,1865.0,3.0,1.0,1.0,7.0,0.0,1.0,2.0,3.5,2000.0,1.0,3.0,839.0,2.0,2.0,0.0,0.0,184.0,0.0,0.0,0.0,0.0,4.0,4.0,0.0,6.0,2008.0,235000.0,1.0,0.0,1.0,0.0,0.0,0.0,0.0,0.0,0.8356164383561644,0.8678082191780822,0.8205479452054795,0.2047945205479452,0.7883561643835616,0.10273972602739725,0.863013698630137,0.9897260273972602,0.7205479452054795,0.7815068493150685,0.9821917808219178,0.3527397260273973,0.3452054794520548,0.44315068493150683,0.9780821917808219,0.914324880054832,0.630891950688905
1356,102.0,10192.0,1.0,0.0,0.0,7.0,7.0,6.0,1968.0,1992.0,143.0,2.0,2.0,2.0,2.0,3.0,5.0,0.0,5.0,0.0,570.0,570.0,1.0,1222.0,698.0,0.0,1920.0,4.0,1.0,1.0,8.0,0.0,1.0,2.0,3.0,1968.0,1.0,2.0,487.0,2.0,2.0,0.0,0.0,98.0,0.0,0.0,0.0,0.0,4.0,0.0,0.0,9.0,2006.0,170000.0,1.0,0.0,1.0,1.0,0.0,0.0,0.0,0.0,0.8356164383561644,0.8678082191780822,0.8205479452054795,0.03972602739726028,0.7883561643835616,0.05,0.863013698630137,0.9897260273972602,0.7205479452054795,0.7815068493150685,0.9821917808219178,0.1506849315068493,0.14657534246575343,0.43424657534246575,0.9780821917808219,0.914324880054832,0.630891950688905
1357,66.4,9477.0,0.0,0.0,0.0,0.0,5.0,5.0,1966.0,1966.0,65.0,2.0,2.0,2.0,2.0,3.0,3.0,340.0,5.0,0.0,524.0,864.0,2.0,892.0,0.0,0.0,892.0,3.0,1.0,2.0,5.0,0.0,0.0,5.0,1.0,1966.0,1.0,1.0,264.0,2.0,2.0,0.0,0.0,0.0,0.0,0.0,0.0,0.0,4.0,2.0,0.0,10.0,2008.0,110000.0,1.0,0.0,1.0,1.0,0.0,0.0,0.0,0.0,0.8356164383561644,0.8678082191780822,0.8205479452054795,0.36712328767123287,0.7883561643835616,0.1541095890410959,0.863013698630137,0.9897260273972602,0.18013698630136987,0.7815068493150685,0.9821917808219178,0.15205479452054796,0.14178082191780822,0.43424657534246575,0.9780821917808219,0.914324880054832,0.630891950688905
1358,88.6,12537.0,1.0,0.0,0.0,0.0,5.0,6.0,1971.0,2008.0,0.0,2.0,2.0,2.0,2.0,3.0,0.0,734.0,5.0,0.0,344.0,1078.0,0.0,1078.0,0.0,0.0,1078.0,3.0,1.0,2.0,6.0,0.0,1.0,3.0,2.5,1971.0,0.0,2.0,500.0,2.0,2.0,0.0,0.0,0.0,0.0,0.0,0.0,0.0,4.0,4.0,0.0,4.0,2010.0,149900.0,1.0,0.0,1.0,0.0,0.0,0.0,0.0,0.0,0.8356164383561644,0.8678082191780822,0.8205479452054795,0.36712328767123287,0.7883561643835616,0.1541095890410959,0.863013698630137,0.9897260273972602,0.06438356164383562,0.7815068493150685,0.9821917808219178,0.3527397260273973,0.3452054794520548,0.43424657534246575,0.9780821917808219,0.914324880054832,0.630891950688905
1359,33.8,2117.0,0.0,0.0,0.0,3.0,6.0,5.0,2000.0,2000.0,216.0,1.0,2.0,1.0,2.0,3.0,0.0,378.0,5.0,0.0,378.0,756.0,0.0,769.0,804.0,0.0,1573.0,3.0,1.0,1.0,5.0,0.0,0.0,5.0,2.5,2000.0,2.0,2.0,440.0,2.0,2.0,0.0,0.0,32.0,0.0,0.0,0.0,0.0,4.0,4.0,0.0,6.0,2010.0,177500.0,1.0,0.0,1.0,1.0,0.0,0.0,0.0,0.0,0.02945205479452055,0.8678082191780822,0.8205479452054795,0.04315068493150685,0.04452054794520548,0.0589041095890411,0.863013698630137,0.9897260273972602,0.7205479452054795,0.7815068493150685,0.9821917808219178,0.1506849315068493,0.14657534246575343,0.44315068493150683,0.9780821917808219,0.914324880054832,0.28063814358230604
1360,129.0,16737.0,0.0,0.0,0.0,0.0,9.0,5.0,2004.0,2005.0,66.0,1.0,2.0,0.0,2.0,1.0,0.0,1447.0,5.0,0.0,533.0,1980.0,0.0,1980.0,0.0,0.0,1980.0,3.0,1.0,0.0,8.0,0.0,1.0,1.0,3.0,2004.0,0.0,3.0,770.0,2.0,2.0,0.0,194.0,45.0,0.0,0.0,0.0,0.0,4.0,4.0,0.0,9.0,2006.0,315000.0,1.0,0.0,1.0,1.0,0.0,0.0,0.0,0.0,0.8356164383561644,0.8678082191780822,0.8205479452054795,0.36712328767123287,0.7883561643835616,0.05273972602739726,0.863013698630137,0.9897260273972602,0.0027397260273972603,0.1958904109589041,0.9821917808219178,0.3527397260273973,0.3452054794520548,0.44315068493150683,0.9780821917808219,0.914324880054832,0.630891950688905
1361,51.0,9842.0,0.0,0.0,0.0,3.0,5.0,6.0,1921.0,1998.0,0.0,2.0,2.0,2.0,3.0,3.0,5.0,0.0,5.0,0.0,612.0,612.0,0.0,990.0,1611.0,0.0,2601.0,4.0,1.0,2.0,8.0,0.0,0.0,5.0,3.5,1998.0,1.0,2.0,621.0,2.0,2.0,0.0,183.0,0.0,301.0,0.0,0.0,0.0,4.0,4.0,0.0,5.0,2008.0,189000.0,1.0,0.0,1.0,0.0,0.0,0.0,0.0,0.0,0.8356164383561644,0.8678082191780822,0.8205479452054795,0.0410958904109589,0.7883561643835616,0.017123287671232876,0.05547945205479452,0.9897260273972602,0.7205479452054795,0.7815068493150685,0.9821917808219178,0.1506849315068493,0.13493150684931507,0.1,0.9780821917808219,0.914324880054832,0.06381435823060189
1362,124.0,16158.0,1.0,3.0,1.0,0.0,7.0,5.0,2005.0,2005.0,16.0,1.0,2.0,0.0,2.0,1.0,1.0,1274.0,5.0,0.0,256.0,1530.0,0.0,1530.0,0.0,0.0,1530.0,3.0,1.0,1.0,7.0,0.0,1.0,1.0,3.0,2005.0,0.0,2.0,430.0,2.0,2.0,0.0,168.0,36.0,0.0,0.0,0.0,0.0,4.0,4.0,0.0,6.0,2009.0,260000.0,1.0,0.0,1.0,0.0,1.0,0.0,0.0,0.0,0.8356164383561644,0.8678082191780822,0.8205479452054795,0.36712328767123287,0.7883561643835616,0.017123287671232876,0.863013698630137,0.9897260273972602,0.7205479452054795,0.1958904109589041,0.9821917808219178,0.3527397260273973,0.3452054794520548,0.44315068493150683,0.9780821917808219,0.914324880054832,0.630891950688905
1363,63.8,12513.0,1.0,0.0,0.0,1.0,4.0,4.0,1920.0,2007.0,0.0,2.0,1.0,2.0,3.0,3.0,5.0,0.0,5.0,0.0,715.0,715.0,1.0,1281.0,457.0,0.0,1738.0,4.0,1.0,2.0,7.0,0.0,1.0,1.0,2.0,1920.0,2.0,1.0,368.0,2.0,2.0,0.0,55.0,0.0,0.0,0.0,0.0,0.0,4.0,4.0,0.0,6.0,2009.0,104900.0,1.0,0.0,1.0,0.0,0.0,0.0,0.0,0.0,0.8356164383561644,0.8678082191780822,0.8205479452054795,0.09863013698630137,0.7883561643835616,0.1541095890410959,0.05547945205479452,0.9897260273972602,0.03219178082191781,0.7815068493150685,0.9821917808219178,0.3527397260273973,0.3452054794520548,0.1,0.9780821917808219,0.914324880054832,0.630891950688905
1364,73.0,8499.0,1.0,0.0,0.0,3.0,6.0,5.0,2006.0,2007.0,0.0,2.0,2.0,1.0,2.0,3.0,5.0,0.0,5.0,0.0,616.0,616.0,0.0,616.0,796.0,0.0,1412.0,3.0,1.0,1.0,6.0,0.0,1.0,1.0,2.5,2007.0,0.0,2.0,432.0,2.0,2.0,0.0,0.0,36.0,0.0,0.0,0.0,0.0,4.0,4.0,0.0,3.0,2007.0,156932.0,1.0,0.0,1.0,0.0,0.0,0.0,0.0,0.0,0.8356164383561644,0.08356164383561644,0.08561643835616438,0.2047945205479452,0.7883561643835616,0.05410958904109589,0.863013698630137,0.9897260273972602,0.7205479452054795,0.7815068493150685,0.9821917808219178,0.3527397260273973,0.3452054794520548,0.44315068493150683,0.9780821917808219,0.914324880054832,0.06381435823060189
1365,30.0,3180.0,0.0,0.0,0.0,3.0,7.0,5.0,2005.0,2005.0,0.0,1.0,2.0,1.0,2.0,3.0,5.0,0.0,5.0,0.0,600.0,600.0,0.0,520.0,600.0,80.0,1200.0,2.0,1.0,1.0,4.0,0.0,0.0,5.0,2.5,2005.0,1.0,2.0,480.0,2.0,2.0,0.0,0.0,166.0,0.0,0.0,0.0,0.0,4.0,4.0,0.0,4.0,2006.0,144152.0,1.0,1.0,1.0,0.0,0.0,0.0,0.0,0.0,0.07808219178082192,0.8678082191780822,0.06917808219178082,0.04315068493150685,0.04452054794520548,0.0589041095890411,0.863013698630137,0.9897260273972602,0.7205479452054795,0.7815068493150685,0.9821917808219178,0.1506849315068493,0.14657534246575343,0.44315068493150683,0.9780821917808219,0.914324880054832,0.28063814358230604
1366,74.2,7500.0,0.0,0.0,0.0,3.0,7.0,5.0,2000.0,2000.0,0.0,1.0,2.0,1.0,2.0,3.0,0.0,533.0,5.0,0.0,281.0,814.0,0.0,814.0,860.0,0.0,1674.0,3.0,1.0,1.0,7.0,0.0,0.0,5.0,3.5,2000.0,1.0,2.0,663.0,2.0,2.0,0.0,0.0,96.0,0.0,0.0,0.0,0.0,4.0,4.0,0.0,1.0,2010.0,216000.0,1.0,0.0,1.0,0.0,0.0,0.0,0.0,0.0,0.8356164383561644,0.8678082191780822,0.8205479452054795,0.2047945205479452,0.04452054794520548,0.0589041095890411,0.863013698630137,0.9897260273972602,0.7205479452054795,0.7815068493150685,0.9821917808219178,0.3527397260273973,0.3452054794520548,0.44315068493150683,0.9780821917808219,0.914324880054832,0.630891950688905
1367,68.0,9179.0,1.0,0.0,0.0,3.0,7.0,5.0,1999.0,1999.0,158.0,1.0,2.0,1.0,2.0,3.0,0.0,633.0,5.0,0.0,240.0,873.0,0.0,882.0,908.0,0.0,1790.0,3.0,1.0,1.0,7.0,0.0,0.0,5.0,3.5,1999.0,1.0,2.0,588.0,2.0,2.0,0.0,0.0,88.0,0.0,0.0,0.0,0.0,4.0,4.0,0.0,6.0,2008.0,193000.0,1.0,0.0,1.0,1.0,0.0,0.0,0.0,0.0,0.8356164383561644,0.8678082191780822,0.06917808219178082,0.2047945205479452,0.7883561643835616,0.10273972602739725,0.863013698630137,0.9897260273972602,0.7205479452054795,0.7815068493150685,0.9821917808219178,0.3527397260273973,0.3452054794520548,0.44315068493150683,0.9780821917808219,0.914324880054832,0.630891950688905
1368,41.0,2665.0,0.0,0.0,0.0,3.0,5.0,6.0,1977.0,1977.0,0.0,2.0,2.0,2.0,2.0,3.0,1.0,548.0,3.0,173.0,36.0,757.0,0.0,925.0,550.0,0.0,1475.0,4.0,1.0,2.0,6.0,0.0,1.0,2.0,2.0,1977.0,1.0,1.0,336.0,2.0,2.0,0.0,104.0,26.0,0.0,0.0,0.0,0.0,4.0,4.0,0.0,7.0,2006.0,127000.0,1.0,0.0,1.0,0.0,0.0,0.0,0.0,0.0,0.07808219178082192,0.8678082191780822,0.8205479452054795,0.04315068493150685,0.14931506849315068,0.011643835616438357,0.863013698630137,0.9897260273972602,0.7205479452054795,0.7815068493150685,0.9821917808219178,0.04178082191780822,0.0410958904109589,0.44315068493150683,0.9780821917808219,0.914324880054832,0.630891950688905
1369,46.6,4435.0,0.0,0.0,0.0,0.0,6.0,5.0,2003.0,2004.0,170.0,1.0,2.0,1.0,2.0,1.0,0.0,685.0,5.0,0.0,163.0,848.0,0.0,848.0,0.0,0.0,848.0,1.0,1.0,1.0,4.0,0.0,0.0,5.0,2.0,2003.0,0.0,2.0,420.0,2.0,2.0,0.0,140.0,0.0,0.0,0.0,0.0,0.0,4.0,4.0,0.0,6.0,2009.0,144000.0,1.0,0.0,1.0,1.0,0.0,0.0,0.0,0.0,0.07808219178082192,0.8678082191780822,0.8205479452054795,0.05958904109589041,0.14931506849315068,0.10273972602739725,0.863013698630137,0.9897260273972602,0.7205479452054795,0.7815068493150685,0.9821917808219178,0.3527397260273973,0.3452054794520548,0.44315068493150683,0.9780821917808219,0.914324880054832,0.630891950688905
1370,48.0,10635.0,2.0,0.0,0.0,0.0,8.0,5.0,2003.0,2003.0,171.0,1.0,2.0,1.0,2.0,1.0,2.0,370.0,0.0,972.0,315.0,1657.0,0.0,1668.0,0.0,0.0,1668.0,3.0,1.0,1.0,8.0,0.0,1.0,2.0,3.0,2003.0,0.0,2.0,502.0,2.0,2.0,0.0,0.0,262.0,0.0,0.0,0.0,0.0,4.0,4.0,0.0,5.0,2010.0,232000.0,1.0,0.0,1.0,1.0,0.0,0.0,0.0,0.0,0.8356164383561644,0.8678082191780822,0.8205479452054795,0.36712328767123287,0.7883561643835616,0.10273972602739725,0.863013698630137,0.9897260273972602,0.03219178082191781,0.1958904109589041,0.9821917808219178,0.3527397260273973,0.3452054794520548,0.44315068493150683,0.9780821917808219,0.914324880054832,0.630891950688905
1371,90.0,5400.0,0.0,0.0,0.0,1.0,4.0,6.0,1920.0,1950.0,0.0,3.0,2.0,2.0,2.0,3.0,1.0,315.0,3.0,105.0,420.0,840.0,0.0,840.0,534.0,0.0,1374.0,2.0,1.0,2.0,6.0,0.0,0.0,5.0,1.0,1967.0,0.0,1.0,338.0,2.0,2.0,0.0,0.0,0.0,198.0,0.0,0.0,0.0,4.0,4.0,0.0,10.0,2009.0,105000.0,1.0,0.0,1.0,0.0,0.0,0.0,0.0,0.0,0.8356164383561644,0.8678082191780822,0.8205479452054795,0.09863013698630137,0.7883561643835616,0.0773972602739726,0.03287671232876712,0.9897260273972602,0.18013698630136987,0.7815068493150685,0.9821917808219178,0.0006849315068493151,0.0006849315068493151,0.44315068493150683,0.9780821917808219,0.914324880054832,0.28063814358230604
1372,80.0,9600.0,0.0,0.0,0.0,7.0,6.0,6.0,1955.0,1996.0,0.0,2.0,2.0,2.0,2.0,1.0,2.0,831.0,5.0,0.0,161.0,992.0,1.0,1661.0,0.0,0.0,1661.0,3.0,1.0,1.0,8.0,0.0,1.0,2.0,2.0,1955.0,1.0,1.0,377.0,2.0,2.0,0.0,0.0,28.0,0.0,0.0,178.0,0.0,4.0,1.0,0.0,10.0,2008.0,165500.0,1.0,0.0,1.0,0.0,0.0,0.0,0.0,0.0,0.8356164383561644,0.8678082191780822,0.8205479452054795,0.03972602739726028,0.7883561643835616,0.1541095890410959,0.863013698630137,0.9897260273972602,0.7205479452054795,0.1958904109589041,0.9821917808219178,0.0136986301369863,0.0136986301369863,0.43424657534246575,0.9780821917808219,0.914324880054832,0.06381435823060189
1373,75.0,9750.0,0.0,0.0,0.0,3.0,7.0,6.0,1998.0,1998.0,0.0,2.0,2.0,1.0,2.0,1.0,0.0,975.0,5.0,0.0,133.0,1108.0,0.0,1108.0,989.0,0.0,2097.0,3.0,1.0,1.0,8.0,0.0,1.0,2.0,3.5,1998.0,1.0,2.0,583.0,2.0,2.0,0.0,253.0,170.0,0.0,0.0,0.0,0.0,4.0,4.0,0.0,6.0,2006.0,274300.0,1.0,0.0,1.0,0.0,0.0,0.0,0.0,0.0,0.8356164383561644,0.8678082191780822,0.8205479452054795,0.2047945205479452,0.7883561643835616,0.10273972602739725,0.863013698630137,0.9897260273972602,0.18013698630136987,0.7815068493150685,0.9821917808219178,0.3527397260273973,0.3452054794520548,0.44315068493150683,0.9780821917808219,0.914324880054832,0.28063814358230604
1374,93.0,11400.0,0.0,0.0,0.0,0.0,10.0,5.0,2001.0,2002.0,705.0,0.0,2.0,0.0,2.0,0.0,0.0,1282.0,5.0,0.0,1351.0,2633.0,0.0,2633.0,0.0,0.0,2633.0,2.0,1.0,0.0,8.0,0.0,2.0,1.0,3.5,2001.0,1.0,3.0,804.0,2.0,2.0,0.0,314.0,140.0,0.0,0.0,0.0,0.0,4.0,4.0,0.0,3.0,2007.0,466500.0,1.0,0.0,1.0,1.0,0.0,0.0,0.0,0.0,0.8356164383561644,0.8678082191780822,0.8205479452054795,0.36712328767123287,0.7883561643835616,0.028082191780821917,0.863013698630137,0.9897260273972602,0.7205479452054795,0.1958904109589041,0.9821917808219178,0.3527397260273973,0.3452054794520548,0.44315068493150683,0.9780821917808219,0.914324880054832,0.630891950688905
1375,85.0,10625.0,0.0,0.0,0.0,3.0,7.0,5.0,2005.0,2005.0,0.0,1.0,2.0,1.0,2.0,3.0,5.0,0.0,5.0,0.0,1026.0,1026.0,0.0,1026.0,932.0,0.0,1958.0,3.0,1.0,1.0,9.0,0.0,1.0,1.0,2.5,2005.0,0.0,3.0,936.0,2.0,2.0,0.0,154.0,210.0,0.0,0.0,0.0,0.0,4.0,4.0,0.0,7.0,2008.0,250000.0,1.0,0.0,1.0,0.0,0.0,0.0,0.0,0.0,0.8356164383561644,0.8678082191780822,0.8205479452054795,0.2047945205479452,0.04452054794520548,0.0589041095890411,0.863013698630137,0.9897260273972602,0.7205479452054795,0.7815068493150685,0.9821917808219178,0.04178082191780822,0.0410958904109589,0.44315068493150683,0.9780821917808219,0.914324880054832,0.630891950688905
1376,89.0,10991.0,1.0,2.0,0.0,0.0,8.0,5.0,2007.0,2007.0,80.0,1.0,2.0,1.0,2.0,0.0,5.0,0.0,5.0,0.0,1571.0,1571.0,0.0,1571.0,0.0,0.0,1571.0,3.0,1.0,1.0,7.0,0.0,1.0,1.0,2.0,2007.0,0.0,3.0,722.0,2.0,2.0,0.0,100.0,36.0,0.0,0.0,0.0,0.0,4.0,4.0,0.0,12.0,2007.0,239000.0,1.0,0.0,1.0,1.0,0.0,0.0,0.0,0.0,0.8356164383561644,0.08356164383561644,0.08561643835616438,0.36712328767123287,0.7883561643835616,0.026027397260273973,0.863013698630137,0.9897260273972602,0.7205479452054795,0.7815068493150685,0.9821917808219178,0.3527397260273973,0.3452054794520548,0.44315068493150683,0.9780821917808219,0.914324880054832,0.630891950688905
1377,52.0,6292.0,0.0,1.0,0.0,0.0,6.0,5.0,1930.0,1950.0,0.0,2.0,2.0,1.0,2.0,2.0,3.0,384.0,5.0,0.0,384.0,768.0,2.0,790.0,0.0,0.0,790.0,2.0,1.0,2.0,4.0,0.0,0.0,5.0,1.0,1925.0,2.0,1.0,160.0,3.0,2.0,0.0,0.0,141.0,0.0,0.0,0.0,0.0,4.0,4.0,0.0,4.0,2008.0,91000.0,1.0,0.0,0.0,0.0,0.0,0.0,0.0,0.0,0.8356164383561644,0.8678082191780822,0.8205479452054795,0.04726027397260274,0.7883561643835616,0.017123287671232876,0.863013698630137,0.9897260273972602,0.7205479452054795,0.7815068493150685,0.9821917808219178,0.1410958904109589,0.13493150684931507,0.1,0.9780821917808219,0.914324880054832,0.28063814358230604
1378,60.0,10998.0,0.0,0.0,0.0,1.0,5.0,5.0,1941.0,1960.0,0.0,2.0,2.0,2.0,2.0,3.0,4.0,408.0,2.0,420.0,156.0,984.0,0.0,984.0,620.0,0.0,1604.0,3.0,1.0,2.0,6.0,2.0,0.0,5.0,2.0,1977.0,2.0,2.0,660.0,2.0,2.0,0.0,0.0,68.0,0.0,0.0,0.0,0.0,4.0,4.0,0.0,7.0,2009.0,117000.0,1.0,0.0,1.0,0.0,0.0,0.0,0.0,0.0,0.8356164383561644,0.8678082191780822,0.8205479452054795,0.09863013698630137,0.7883561643835616,0.0684931506849315,0.863013698630137,0.9897260273972602,0.7205479452054795,0.7815068493150685,0.9821917808219178,0.1410958904109589,0.13493150684931507,0.43424657534246575,0.9780821917808219,0.914324880054832,0.28063814358230604
1379,21.0,1953.0,0.0,0.0,0.0,3.0,6.0,5.0,1973.0,1973.0,408.0,2.0,2.0,2.0,3.0,3.0,2.0,309.0,5.0,0.0,174.0,483.0,2.0,483.0,504.0,0.0,987.0,2.0,1.0,2.0,5.0,0.0,0.0,5.0,1.5,1973.0,2.0,1.0,264.0,2.0,2.0,0.0,72.0,0.0,0.0,0.0,0.0,0.0,4.0,4.0,0.0,6.0,2006.0,83000.0,1.0,0.0,1.0,1.0,0.0,0.0,0.0,0.0,0.02945205479452055,0.8678082191780822,0.8205479452054795,0.04315068493150685,0.14931506849315068,0.010958904109589041,0.863013698630137,0.9897260273972602,0.7205479452054795,0.7815068493150685,0.9821917808219178,0.15205479452054796,0.14178082191780822,0.43424657534246575,0.9780821917808219,0.914324880054832,0.28063814358230604
1380,73.0,9735.0,0.0,0.0,0.0,7.0,5.0,5.0,2006.0,2007.0,0.0,2.0,2.0,1.0,2.0,3.0,5.0,0.0,5.0,0.0,384.0,384.0,1.0,754.0,640.0,0.0,1394.0,3.0,1.0,1.0,7.0,0.0,0.0,5.0,2.5,2007.0,0.0,2.0,400.0,2.0,2.0,0.0,100.0,0.0,0.0,0.0,0.0,0.0,4.0,4.0,0.0,5.0,2008.0,167500.0,1.0,0.0,1.0,0.0,0.0,0.0,0.0,0.0,0.8356164383561644,0.8678082191780822,0.8205479452054795,0.03972602739726028,0.7883561643835616,0.026027397260273973,0.863013698630137,0.9897260273972602,0.7205479452054795,0.7815068493150685,0.9821917808219178,0.3527397260273973,0.3452054794520548,0.44315068493150683,0.9780821917808219,0.914324880054832,0.06381435823060189
1381,45.0,8212.0,0.0,0.0,0.0,0.0,3.0,3.0,1914.0,1950.0,0.0,2.0,3.0,2.0,3.0,3.0,3.0,203.0,5.0,0.0,661.0,864.0,2.0,864.0,0.0,0.0,864.0,2.0,1.0,2.0,5.0,0.0,0.0,5.0,2.0,1938.0,2.0,1.0,200.0,2.0,3.0,0.0,0.0,0.0,96.0,0.0,0.0,0.0,4.0,4.0,0.0,6.0,2010.0,58500.0,1.0,0.0,0.0,0.0,0.0,0.0,0.0,0.0,0.8356164383561644,0.8678082191780822,0.8205479452054795,0.04726027397260274,0.7883561643835616,0.0684931506849315,0.863013698630137,0.9897260273972602,0.7205479452054795,0.7815068493150685,0.9821917808219178,0.017123287671232876,0.01780821917808219,0.1,0.9780821917808219,0.018505825908156272,0.28063814358230604
1382,96.4,12925.0,1.0,0.0,0.0,0.0,6.0,7.0,1970.0,1970.0,0.0,2.0,2.0,2.0,2.0,2.0,2.0,865.0,5.0,0.0,340.0,1205.0,0.0,2117.0,0.0,0.0,2117.0,4.0,1.0,2.0,7.0,0.0,2.0,1.0,2.5,1970.0,0.0,2.0,550.0,2.0,2.0,0.0,0.0,42.0,0.0,0.0,0.0,0.0,4.0,4.0,0.0,5.0,2008.0,237500.0,1.0,0.0,1.0,0.0,0.0,0.0,0.0,0.0,0.8356164383561644,0.8678082191780822,0.8205479452054795,0.36712328767123287,0.7883561643835616,0.1541095890410959,0.863013698630137,0.9897260273972602,0.18013698630136987,0.7815068493150685,0.9821917808219178,0.03424657534246575,0.09726027397260274,0.43424657534246575,0.9780821917808219,0.914324880054832,0.630891950688905
1383,60.0,7200.0,0.0,0.0,0.0,3.0,7.0,7.0,1920.0,1950.0,0.0,2.0,2.0,3.0,2.0,3.0,5.0,0.0,5.0,0.0,596.0,596.0,0.0,998.0,764.0,0.0,1762.0,4.0,1.0,1.0,8.0,0.0,0.0,5.0,2.5,1989.0,2.0,2.0,576.0,2.0,2.0,2.0,36.0,0.0,221.0,0.0,0.0,0.0,4.0,4.0,0.0,10.0,2006.0,157000.0,1.0,0.0,1.0,0.0,0.0,0.0,0.0,0.0,0.8356164383561644,0.8678082191780822,0.8205479452054795,0.0410958904109589,0.14931506849315068,0.0773972602739726,0.863013698630137,0.9897260273972602,0.18013698630136987,0.1958904109589041,0.9821917808219178,0.1410958904109589,0.13493150684931507,0.1,0.9780821917808219,0.914324880054832,0.28063814358230604
1384,88.6,25339.0,0.0,0.0,0.0,0.0,5.0,7.0,1918.0,2007.0,0.0,2.0,1.0,2.0,2.0,3.0,5.0,0.0,5.0,0.0,816.0,816.0,0.0,1416.0,0.0,0.0,1416.0,3.0,1.0,1.0,7.0,0.0,0.0,5.0,2.0,2007.0,2.0,2.0,576.0,2.0,2.0,2.0,0.0,0.0,112.0,0.0,0.0,0.0,4.0,4.0,0.0,8.0,2007.0,112000.0,1.0,0.0,1.0,0.0,0.0,0.0,0.0,0.0,0.8356164383561644,0.8678082191780822,0.8205479452054795,0.04726027397260274,0.7883561643835616,0.050684931506849315,0.863013698630137,0.9897260273972602,0.7205479452054795,0.7815068493150685,0.9821917808219178,0.1410958904109589,0.13493150684931507,0.1,0.9780821917808219,0.914324880054832,0.630891950688905
1385,60.0,9060.0,0.0,0.0,0.0,1.0,6.0,5.0,1939.0,1950.0,0.0,2.0,2.0,2.0,2.0,2.0,3.0,204.0,5.0,0.0,356.0,560.0,2.0,698.0,560.0,0.0,1258.0,2.0,1.0,2.0,6.0,0.0,0.0,5.0,1.0,1939.0,2.0,1.0,280.0,2.0,2.0,1.0,0.0,0.0,0.0,0.0,0.0,0.0,4.0,1.0,0.0,10.0,2009.0,105000.0,1.0,0.0,1.0,0.0,0.0,0.0,0.0,0.0,0.8356164383561644,0.8678082191780822,0.8205479452054795,0.09863013698630137,0.7883561643835616,0.0684931506849315,0.863013698630137,0.9897260273972602,0.7205479452054795,0.7815068493150685,0.9821917808219178,0.01780821917808219,0.026027397260273973,0.1,0.9780821917808219,0.914324880054832,0.28063814358230604
1386,40.0,5436.0,0.0,0.0,0.0,1.0,4.0,8.0,1922.0,2007.0,0.0,2.0,1.0,2.0,2.0,3.0,2.0,735.0,5.0,0.0,61.0,796.0,1.0,796.0,358.0,0.0,1154.0,3.0,1.0,1.0,7.0,0.0,0.0,5.0,2.0,1922.0,2.0,1.0,240.0,2.0,2.0,2.0,0.0,96.0,0.0,0.0,0.0,0.0,4.0,1.0,0.0,5.0,2010.0,125500.0,1.0,0.0,1.0,0.0,0.0,0.0,0.0,0.0,0.8356164383561644,0.8678082191780822,0.8205479452054795,0.09863013698630137,0.14931506849315068,0.025342465753424658,0.863013698630137,0.9897260273972602,0.7205479452054795,0.7815068493150685,0.9821917808219178,0.3527397260273973,0.3452054794520548,0.1,0.9780821917808219,0.914324880054832,0.28063814358230604
1387,80.0,16692.0,1.0,0.0,0.0,3.0,7.0,5.0,1978.0,1978.0,184.0,2.0,2.0,1.0,2.0,3.0,2.0,790.0,4.0,469.0,133.0,1392.0,2.0,1392.0,1392.0,0.0,2784.0,5.0,1.0,1.0,12.0,0.0,2.0,2.0,4.5,1978.0,1.0,2.0,564.0,2.0,2.0,0.0,0.0,112.0,0.0,0.0,440.0,519.0,3.0,1.0,2000.0,7.0,2006.0,250000.0,1.0,0.0,1.0,1.0,0.0,0.0,0.0,1.0,0.8356164383561644,0.8678082191780822,0.8205479452054795,0.2047945205479452,0.7883561643835616,0.05,0.01780821917808219,0.9897260273972602,0.7205479452054795,0.7815068493150685,0.9821917808219178,0.07397260273972603,0.09726027397260274,0.43424657534246575,0.9780821917808219,0.914324880054832,0.630891950688905
1388,60.0,8520.0,0.0,0.0,0.0,1.0,6.0,7.0,1916.0,1950.0,0.0,2.0,1.0,2.0,2.0,3.0,3.0,168.0,4.0,546.0,0.0,714.0,2.0,1664.0,862.0,0.0,2526.0,5.0,1.0,1.0,10.0,0.0,1.0,1.0,2.0,1916.0,2.0,1.0,216.0,2.0,2.0,0.0,88.0,15.0,0.0,0.0,0.0,0.0,4.0,2.0,0.0,8.0,2007.0,136000.0,1.0,0.0,0.0,0.0,0.0,0.0,0.0,0.0,0.8356164383561644,0.0027397260273972603,0.0136986301369863,0.09863013698630137,0.14931506849315068,0.0773972602739726,0.03287671232876712,0.9897260273972602,0.7205479452054795,0.7815068493150685,0.9821917808219178,0.017123287671232876,0.01780821917808219,0.1,0.012328767123287671,0.914324880054832,0.28063814358230604
1389,42.0,14892.0,1.0,2.0,0.0,0.0,9.0,5.0,2006.0,2007.0,160.0,0.0,2.0,0.0,2.0,0.0,0.0,1320.0,5.0,0.0,426.0,1746.0,0.0,1746.0,0.0,0.0,1746.0,3.0,1.0,0.0,7.0,0.0,2.0,1.0,3.0,2006.0,0.0,3.0,758.0,2.0,2.0,0.0,201.0,39.0,0.0,0.0,0.0,0.0,4.0,4.0,0.0,10.0,2009.0,377500.0,1.0,0.0,1.0,0.0,1.0,0.0,0.0,0.0,0.8356164383561644,0.8678082191780822,0.8205479452054795,0.36712328767123287,0.7883561643835616,0.05410958904109589,0.863013698630137,0.9897260273972602,0.06438356164383562,0.7815068493150685,0.9821917808219178,0.3527397260273973,0.3452054794520548,0.44315068493150683,0.9780821917808219,0.914324880054832,0.630891950688905
1390,60.0,6000.0,0.0,0.0,0.0,1.0,6.0,6.0,1941.0,1950.0,0.0,2.0,1.0,2.0,1.0,3.0,1.0,375.0,5.0,0.0,360.0,735.0,0.0,869.0,349.0,0.0,1218.0,3.0,1.0,2.0,6.0,0.0,1.0,1.0,1.5,2003.0,2.0,2.0,440.0,2.0,2.0,0.0,0.0,0.0,0.0,0.0,0.0,0.0,4.0,4.0,0.0,3.0,2007.0,131000.0,1.0,0.0,1.0,0.0,0.0,0.0,0.0,0.0,0.8356164383561644,0.8678082191780822,0.8205479452054795,0.09863013698630137,0.14931506849315068,0.03972602739726028,0.863013698630137,0.9897260273972602,0.7205479452054795,0.7815068493150685,0.9821917808219178,0.1410958904109589,0.13493150684931507,0.1,0.9780821917808219,0.914324880054832,0.28063814358230604
1391,70.0,9100.0,0.0,0.0,0.0,0.0,7.0,5.0,2000.0,2000.0,244.0,1.0,2.0,1.0,2.0,1.0,0.0,1400.0,5.0,0.0,125.0,1525.0,0.0,1525.0,0.0,0.0,1525.0,3.0,1.0,1.0,6.0,0.0,0.0,5.0,3.0,2000.0,1.0,2.0,541.0,2.0,2.0,0.0,219.0,36.0,0.0,0.0,0.0,0.0,4.0,4.0,0.0,9.0,2006.0,235000.0,1.0,0.0,1.0,1.0,0.0,0.0,0.0,0.0,0.8356164383561644,0.8678082191780822,0.8205479452054795,0.36712328767123287,0.7883561643835616,0.10273972602739725,0.863013698630137,0.9897260273972602,0.7205479452054795,0.7815068493150685,0.9821917808219178,0.3527397260273973,0.3452054794520548,0.44315068493150683,0.9780821917808219,0.914324880054832,0.630891950688905
1392,65.0,8944.0,0.0,0.0,0.0,0.0,5.0,5.0,1967.0,1967.0,0.0,2.0,2.0,2.0,2.0,3.0,5.0,0.0,5.0,0.0,1584.0,1584.0,2.0,1584.0,0.0,0.0,1584.0,4.0,2.0,2.0,8.0,3.0,0.0,5.0,2.0,1967.0,2.0,3.0,792.0,2.0,2.0,0.0,0.0,152.0,0.0,0.0,0.0,0.0,4.0,4.0,0.0,4.0,2009.0,124000.0,1.0,0.0,1.0,0.0,0.0,0.0,0.0,0.0,0.03561643835616438,0.8678082191780822,0.8205479452054795,0.03561643835616438,0.7883561643835616,0.1541095890410959,0.863013698630137,0.9897260273972602,0.7205479452054795,0.7815068493150685,0.9821917808219178,0.07397260273972603,0.09726027397260274,0.43424657534246575,0.9780821917808219,0.914324880054832,0.28063814358230604
1393,68.0,7838.0,0.0,0.0,0.0,6.0,5.0,5.0,1967.0,1967.0,0.0,2.0,2.0,2.0,2.0,1.0,1.0,769.0,5.0,0.0,95.0,864.0,2.0,900.0,0.0,0.0,900.0,3.0,1.0,2.0,6.0,0.0,1.0,4.0,2.0,1967.0,1.0,1.0,288.0,2.0,2.0,0.0,175.0,144.0,0.0,0.0,0.0,0.0,4.0,3.0,0.0,12.0,2006.0,123000.0,1.0,0.0,1.0,0.0,0.0,0.0,0.0,0.0,0.8356164383561644,0.8678082191780822,0.8205479452054795,0.0136986301369863,0.7883561643835616,0.1541095890410959,0.863013698630137,0.9897260273972602,0.7205479452054795,0.7815068493150685,0.9821917808219178,0.15205479452054796,0.14178082191780822,0.43424657534246575,0.9780821917808219,0.914324880054832,0.630891950688905
1394,60.0,10800.0,0.0,0.0,0.0,1.0,6.0,7.0,1905.0,2000.0,0.0,2.0,2.0,3.0,2.0,3.0,5.0,0.0,5.0,0.0,482.0,482.0,0.0,1221.0,691.0,0.0,1912.0,3.0,2.0,2.0,7.0,0.0,1.0,2.0,2.0,2003.0,2.0,2.0,672.0,1.0,2.0,0.0,0.0,25.0,212.0,0.0,0.0,0.0,4.0,4.0,0.0,4.0,2008.0,163000.0,1.0,1.0,0.0,0.0,0.0,0.0,0.0,0.0,0.021232876712328767,0.8678082191780822,0.8205479452054795,0.02054794520547945,0.14931506849315068,0.0773972602739726,0.863013698630137,0.9897260273972602,0.7205479452054795,0.7815068493150685,0.9821917808219178,0.1410958904109589,0.13493150684931507,0.1,0.9780821917808219,0.914324880054832,0.28063814358230604
1395,53.0,4045.0,0.0,0.0,0.0,0.0,7.0,5.0,2006.0,2006.0,45.0,1.0,2.0,1.0,2.0,1.0,0.0,1070.0,5.0,0.0,286.0,1356.0,0.0,1500.0,0.0,0.0,1500.0,2.0,1.0,1.0,6.0,0.0,1.0,1.0,3.0,2006.0,0.0,3.0,648.0,2.0,2.0,0.0,161.0,20.0,0.0,0.0,0.0,0.0,4.0,4.0,0.0,10.0,2006.0,246578.0,1.0,0.0,1.0,1.0,0.0,0.0,0.0,0.0,0.07808219178082192,0.08356164383561644,0.08561643835616438,0.05958904109589041,0.7883561643835616,0.011643835616438357,0.863013698630137,0.9897260273972602,0.7205479452054795,0.1958904109589041,0.9821917808219178,0.3527397260273973,0.3452054794520548,0.44315068493150683,0.9780821917808219,0.914324880054832,0.630891950688905
1396,88.0,12665.0,1.0,0.0,0.0,3.0,8.0,5.0,2005.0,2006.0,245.0,1.0,2.0,1.0,1.0,0.0,5.0,0.0,5.0,0.0,1094.0,1094.0,0.0,1133.0,1349.0,0.0,2482.0,4.0,1.0,1.0,9.0,0.0,1.0,1.0,2.5,2005.0,0.0,3.0,642.0,2.0,2.0,0.0,144.0,39.0,0.0,0.0,0.0,0.0,4.0,4.0,0.0,2.0,2007.0,281213.0,1.0,0.0,1.0,1.0,0.0,0.0,0.0,0.0,0.8356164383561644,0.8678082191780822,0.8205479452054795,0.2047945205479452,0.7883561643835616,0.026027397260273973,0.863013698630137,0.9897260273972602,0.7205479452054795,0.1958904109589041,0.9821917808219178,0.3527397260273973,0.3452054794520548,0.44315068493150683,0.9780821917808219,0.914324880054832,0.06381435823060189
1397,131.6,57200.0,1.0,1.0,2.0,0.0,5.0,5.0,1948.0,1950.0,0.0,2.0,2.0,2.0,2.0,1.0,2.0,353.0,3.0,334.0,60.0,747.0,2.0,1687.0,0.0,0.0,1687.0,3.0,1.0,2.0,7.0,1.0,2.0,2.0,2.0,1966.0,2.0,2.0,572.0,2.0,2.0,2.0,0.0,0.0,50.0,0.0,0.0,0.0,4.0,4.0,0.0,6.0,2010.0,160000.0,1.0,0.0,1.0,0.0,0.0,0.0,0.0,0.0,0.8356164383561644,0.8678082191780822,0.8205479452054795,0.36712328767123287,0.7883561643835616,0.026027397260273973,0.863013698630137,0.9897260273972602,0.7205479452054795,0.7815068493150685,0.9821917808219178,0.1410958904109589,0.13493150684931507,0.43424657534246575,0.9780821917808219,0.914324880054832,0.28063814358230604
1398,51.0,6120.0,0.0,0.0,0.0,3.0,5.0,8.0,1920.0,2004.0,0.0,2.0,2.0,2.0,2.0,2.0,5.0,0.0,5.0,0.0,939.0,939.0,0.0,939.0,574.0,0.0,1513.0,4.0,1.0,2.0,8.0,0.0,0.0,5.0,1.5,1933.0,2.0,1.0,180.0,3.0,3.0,2.0,24.0,0.0,150.0,0.0,0.0,0.0,4.0,4.0,0.0,5.0,2007.0,137500.0,1.0,0.0,1.0,0.0,0.0,0.0,0.0,0.0,0.8356164383561644,0.8678082191780822,0.8205479452054795,0.0410958904109589,0.14931506849315068,0.03972602739726028,0.863013698630137,0.9897260273972602,0.7205479452054795,0.7815068493150685,0.9821917808219178,0.1506849315068493,0.14657534246575343,0.1,0.9780821917808219,0.914324880054832,0.28063814358230604
1399,60.0,7200.0,0.0,0.0,0.0,1.0,5.0,4.0,1950.0,1982.0,0.0,2.0,2.0,2.0,2.0,3.0,3.0,180.0,2.0,352.0,676.0,1208.0,1.0,1136.0,768.0,0.0,1904.0,3.0,1.0,2.0,7.0,1.0,0.0,5.0,2.5,1950.0,2.0,1.0,240.0,2.0,2.0,0.0,0.0,0.0,168.0,0.0,0.0,0.0,4.0,0.0,0.0,5.0,2009.0,138000.0,1.0,0.0,1.0,0.0,0.0,0.0,0.0,0.0,0.8356164383561644,0.8678082191780822,0.8205479452054795,0.09863013698630137,0.7883561643835616,0.1541095890410959,0.863013698630137,0.9897260273972602,0.7205479452054795,0.7815068493150685,0.9821917808219178,0.3527397260273973,0.13493150684931507,0.43424657534246575,0.9780821917808219,0.06442769019876628,0.630891950688905
1400,51.0,6171.0,0.0,0.0,0.0,1.0,6.0,6.0,1925.0,1990.0,0.0,2.0,2.0,2.0,2.0,3.0,2.0,264.0,5.0,0.0,712.0,976.0,0.0,1160.0,448.0,0.0,1608.0,3.0,1.0,1.0,7.0,0.0,1.0,1.0,2.5,1925.0,2.0,1.0,216.0,3.0,2.0,0.0,147.0,16.0,0.0,0.0,0.0,0.0,4.0,1.0,0.0,10.0,2009.0,137450.0,1.0,0.0,1.0,0.0,0.0,0.0,0.0,0.0,0.8356164383561644,0.8678082191780822,0.8205479452054795,0.09863013698630137,0.7883561643835616,0.017123287671232876,0.863013698630137,0.9897260273972602,0.7205479452054795,0.7815068493150685,0.9821917808219178,0.01780821917808219,0.026027397260273973,0.1,0.9780821917808219,0.914324880054832,0.28063814358230604
1401,50.0,6000.0,0.0,0.0,0.0,1.0,6.0,7.0,1929.0,1950.0,0.0,2.0,2.0,2.0,2.0,3.0,5.0,0.0,5.0,0.0,862.0,862.0,2.0,950.0,208.0,0.0,1158.0,3.0,1.0,2.0,5.0,0.0,1.0,1.0,1.0,1929.0,1.0,1.0,208.0,2.0,2.0,0.0,0.0,0.0,112.0,0.0,0.0,0.0,4.0,4.0,0.0,7.0,2008.0,120000.0,1.0,0.0,1.0,0.0,0.0,0.0,0.0,0.0,0.8356164383561644,0.8678082191780822,0.8205479452054795,0.09863013698630137,0.14931506849315068,0.03972602739726028,0.863013698630137,0.9897260273972602,0.18013698630136987,0.7815068493150685,0.9821917808219178,0.01780821917808219,0.026027397260273973,0.1,0.9780821917808219,0.914324880054832,0.06381435823060189
1402,62.0,7415.0,1.0,0.0,0.0,3.0,6.0,5.0,2004.0,2004.0,0.0,2.0,2.0,2.0,2.0,3.0,0.0,759.0,5.0,0.0,80.0,839.0,0.0,864.0,729.0,0.0,1593.0,3.0,1.0,2.0,8.0,0.0,1.0,2.0,3.5,2004.0,0.0,2.0,398.0,2.0,2.0,0.0,100.0,75.0,0.0,0.0,0.0,0.0,4.0,4.0,0.0,4.0,2008.0,193000.0,1.0,0.0,1.0,0.0,0.0,0.0,0.0,0.0,0.8356164383561644,0.8678082191780822,0.8205479452054795,0.2047945205479452,0.7883561643835616,0.05410958904109589,0.863013698630137,0.9897260273972602,0.7205479452054795,0.7815068493150685,0.9821917808219178,0.3527397260273973,0.3452054794520548,0.44315068493150683,0.9780821917808219,0.914324880054832,0.630891950688905
1403,64.0,6762.0,0.0,0.0,0.0,0.0,7.0,5.0,2006.0,2006.0,0.0,1.0,2.0,1.0,1.0,1.0,5.0,0.0,5.0,0.0,1286.0,1286.0,0.0,1294.0,0.0,0.0,1294.0,2.0,1.0,1.0,6.0,0.0,1.0,1.0,2.0,2006.0,1.0,2.0,662.0,2.0,2.0,0.0,168.0,55.0,0.0,0.0,0.0,0.0,4.0,4.0,0.0,7.0,2006.0,193879.0,1.0,0.0,1.0,0.0,0.0,0.0,0.0,0.0,0.8356164383561644,0.08356164383561644,0.08561643835616438,0.36712328767123287,0.7883561643835616,0.10273972602739725,0.863013698630137,0.9897260273972602,0.7205479452054795,0.7815068493150685,0.9821917808219178,0.3527397260273973,0.3452054794520548,0.44315068493150683,0.9780821917808219,0.914324880054832,0.630891950688905
1404,49.0,15256.0,1.0,0.0,0.0,0.0,8.0,5.0,2007.0,2007.0,84.0,1.0,2.0,1.0,2.0,0.0,0.0,929.0,5.0,0.0,556.0,1485.0,0.0,1464.0,0.0,0.0,1464.0,3.0,1.0,1.0,6.0,0.0,0.0,5.0,3.0,2007.0,2.0,3.0,754.0,2.0,2.0,0.0,168.0,160.0,0.0,0.0,0.0,0.0,4.0,4.0,0.0,8.0,2007.0,282922.0,1.0,0.0,1.0,0.0,1.0,0.0,0.0,0.0,0.8356164383561644,0.8678082191780822,0.8205479452054795,0.36712328767123287,0.7883561643835616,0.0589041095890411,0.01780821917808219,0.9897260273972602,0.06438356164383562,0.7815068493150685,0.9821917808219178,0.3527397260273973,0.3452054794520548,0.44315068493150683,0.9780821917808219,0.914324880054832,0.630891950688905
1405,60.0,10410.0,0.0,0.0,0.0,1.0,3.0,4.0,1915.0,1950.0,0.0,2.0,2.0,2.0,2.0,3.0,5.0,0.0,5.0,0.0,672.0,672.0,2.0,694.0,520.0,0.0,1214.0,3.0,1.0,2.0,6.0,0.0,0.0,5.0,1.0,1998.0,2.0,3.0,936.0,2.0,2.0,0.0,216.0,0.0,160.0,0.0,0.0,0.0,4.0,1.0,0.0,1.0,2006.0,105000.0,1.0,0.0,1.0,0.0,0.0,0.0,0.0,0.0,0.8356164383561644,0.8678082191780822,0.0136986301369863,0.09863013698630137,0.7883561643835616,0.0773972602739726,0.03287671232876712,0.9897260273972602,0.18013698630136987,0.7815068493150685,0.9821917808219178,0.1410958904109589,0.13493150684931507,0.44315068493150683,0.9780821917808219,0.914324880054832,0.28063814358230604
1406,44.0,3842.0,1.0,2.0,1.0,0.0,8.0,5.0,2004.0,2005.0,174.0,1.0,2.0,0.0,2.0,0.0,0.0,1373.0,5.0,0.0,221.0,1594.0,0.0,1646.0,0.0,0.0,1646.0,2.0,1.0,1.0,5.0,0.0,1.0,1.0,3.5,2004.0,0.0,2.0,482.0,2.0,2.0,0.0,128.0,53.0,0.0,0.0,155.0,0.0,4.0,4.0,0.0,1.0,2008.0,275000.0,1.0,0.0,1.0,0.0,1.0,0.0,0.0,0.0,0.07808219178082192,0.8678082191780822,0.8205479452054795,0.05958904109589041,0.14931506849315068,0.03493150684931507,0.863013698630137,0.9897260273972602,0.7205479452054795,0.1958904109589041,0.9821917808219178,0.04178082191780822,0.0410958904109589,0.44315068493150683,0.9780821917808219,0.914324880054832,0.630891950688905
1407,70.0,8445.0,0.0,0.0,0.0,6.0,5.0,7.0,1972.0,2007.0,0.0,2.0,2.0,1.0,2.0,1.0,0.0,656.0,5.0,0.0,112.0,768.0,2.0,768.0,0.0,0.0,768.0,2.0,1.0,2.0,5.0,0.0,0.0,5.0,2.0,1988.0,2.0,2.0,396.0,2.0,2.0,0.0,58.0,0.0,0.0,0.0,0.0,0.0,4.0,1.0,0.0,3.0,2009.0,133000.0,1.0,0.0,1.0,0.0,0.0,0.0,0.0,0.0,0.8356164383561644,0.8678082191780822,0.8205479452054795,0.0136986301369863,0.7883561643835616,0.10273972602739725,0.863013698630137,0.9897260273972602,0.18013698630136987,0.7815068493150685,0.9821917808219178,0.15205479452054796,0.026027397260273973,0.43424657534246575,0.9780821917808219,0.914324880054832,0.28063814358230604
1408,63.0,8780.0,1.0,0.0,0.0,0.0,5.0,5.0,1985.0,1985.0,0.0,2.0,2.0,2.0,2.0,3.0,1.0,625.0,5.0,0.0,208.0,833.0,0.0,833.0,0.0,0.0,833.0,3.0,1.0,2.0,5.0,0.0,0.0,5.0,2.0,1961.8,3.0,0.0,0.0,5.0,5.0,0.0,0.0,0.0,0.0,0.0,0.0,0.0,4.0,1.0,0.0,3.0,2009.0,112000.0,1.0,0.0,1.0,0.0,0.0,0.0,0.0,0.0,0.8356164383561644,0.8678082191780822,0.8205479452054795,0.36712328767123287,0.7883561643835616,0.03356164383561644,0.863013698630137,0.9897260273972602,0.18013698630136987,0.7815068493150685,0.9821917808219178,0.15205479452054796,0.09726027397260274,0.43424657534246575,0.9780821917808219,0.914324880054832,0.43741841914430746
1409,60.0,7740.0,0.0,0.0,0.0,3.0,4.0,7.0,1910.0,1950.0,0.0,2.0,2.0,3.0,2.0,3.0,5.0,0.0,5.0,0.0,622.0,622.0,1.0,741.0,622.0,0.0,1363.0,3.0,1.0,2.0,6.0,0.0,0.0,5.0,1.0,1966.0,2.0,2.0,528.0,2.0,2.0,0.0,0.0,0.0,0.0,0.0,168.0,0.0,4.0,4.0,0.0,6.0,2010.0,125500.0,1.0,0.0,1.0,0.0,0.0,0.0,0.0,0.0,0.8356164383561644,0.8678082191780822,0.8205479452054795,0.0410958904109589,0.14931506849315068,0.0773972602739726,0.863013698630137,0.9897260273972602,0.7205479452054795,0.7815068493150685,0.9821917808219178,0.3527397260273973,0.3452054794520548,0.43424657534246575,0.9780821917808219,0.914324880054832,0.28063814358230604
1410,46.0,20544.0,1.0,0.0,0.0,3.0,7.0,6.0,1986.0,1991.0,123.0,2.0,1.0,1.0,2.0,3.0,5.0,0.0,5.0,0.0,791.0,791.0,1.0,1236.0,857.0,0.0,2093.0,3.0,1.0,2.0,7.0,0.0,1.0,2.0,2.5,1986.0,0.0,2.0,542.0,2.0,2.0,0.0,364.0,63.0,0.0,0.0,0.0,0.0,4.0,1.0,0.0,11.0,2008.0,215000.0,1.0,0.0,1.0,1.0,0.0,0.0,0.0,0.0,0.8356164383561644,0.8678082191780822,0.8205479452054795,0.2047945205479452,0.7883561643835616,0.05,0.863013698630137,0.9897260273972602,0.06438356164383562,0.7815068493150685,0.9821917808219178,0.07397260273972603,0.09726027397260274,0.43424657534246575,0.9780821917808219,0.914324880054832,0.630891950688905
1411,79.0,12420.0,0.0,0.0,0.0,3.0,7.0,5.0,2001.0,2001.0,0.0,1.0,2.0,1.0,2.0,3.0,0.0,666.0,5.0,0.0,278.0,944.0,0.0,944.0,896.0,0.0,1840.0,3.0,1.0,1.0,6.0,0.0,0.0,5.0,3.5,2001.0,1.0,2.0,622.0,2.0,2.0,0.0,0.0,45.0,0.0,0.0,0.0,0.0,4.0,4.0,0.0,6.0,2009.0,230000.0,1.0,0.0,1.0,0.0,0.0,0.0,0.0,0.0,0.8356164383561644,0.8678082191780822,0.8205479452054795,0.2047945205479452,0.7883561643835616,0.10273972602739725,0.863013698630137,0.9897260273972602,0.7205479452054795,0.7815068493150685,0.9821917808219178,0.3527397260273973,0.3452054794520548,0.44315068493150683,0.9780821917808219,0.914324880054832,0.630891950688905
1412,80.0,9600.0,0.0,0.0,0.0,1.0,6.0,8.0,1950.0,2005.0,0.0,2.0,1.0,2.0,2.0,3.0,2.0,120.0,5.0,0.0,736.0,856.0,0.0,1112.0,556.0,0.0,1668.0,3.0,1.0,2.0,6.0,2.0,0.0,5.0,1.5,1950.0,2.0,1.0,271.0,2.0,2.0,0.0,0.0,0.0,0.0,0.0,0.0,0.0,4.0,1.0,0.0,9.0,2009.0,140000.0,1.0,0.0,1.0,0.0,0.0,0.0,0.0,0.0,0.8356164383561644,0.8678082191780822,0.8205479452054795,0.09863013698630137,0.7883561643835616,0.1541095890410959,0.863013698630137,0.9897260273972602,0.7205479452054795,0.7815068493150685,0.9821917808219178,0.3527397260273973,0.3452054794520548,0.43424657534246575,0.9780821917808219,0.914324880054832,0.630891950688905
1413,60.0,7200.0,0.0,0.0,0.0,0.0,4.0,5.0,1949.0,1950.0,0.0,2.0,2.0,5.0,5.0,4.0,6.0,0.0,6.0,0.0,0.0,0.0,3.0,1040.0,0.0,0.0,1040.0,2.0,2.0,2.0,6.0,0.0,0.0,5.0,2.0,1956.0,2.0,2.0,420.0,2.0,2.0,0.0,0.0,0.0,0.0,0.0,0.0,0.0,4.0,4.0,0.0,6.0,2009.0,90000.0,1.0,0.0,0.0,0.0,0.0,0.0,0.0,0.0,0.03561643835616438,0.8678082191780822,0.8205479452054795,0.03561643835616438,0.7883561643835616,0.1541095890410959,0.863013698630137,0.9897260273972602,0.7205479452054795,0.7815068493150685,0.9821917808219178,0.03424657534246575,0.003424657534246575,0.01643835616438356,0.0027397260273972603,0.018505825908156272,0.28063814358230604
1414,88.0,10994.0,1.0,0.0,0.0,0.0,8.0,5.0,2005.0,2006.0,366.0,1.0,2.0,1.0,1.0,3.0,0.0,976.0,5.0,0.0,868.0,1844.0,0.0,1844.0,0.0,0.0,1844.0,2.0,1.0,1.0,7.0,0.0,1.0,1.0,3.0,2005.0,0.0,2.0,620.0,2.0,2.0,0.0,165.0,44.0,0.0,0.0,0.0,0.0,4.0,4.0,0.0,9.0,2009.0,257000.0,1.0,0.0,1.0,0.0,1.0,0.0,0.0,0.0,0.8356164383561644,0.02945205479452055,0.06917808219178082,0.36712328767123287,0.7883561643835616,0.04041095890410959,0.863013698630137,0.9897260273972602,0.18013698630136987,0.7815068493150685,0.9821917808219178,0.3527397260273973,0.3452054794520548,0.44315068493150683,0.9780821917808219,0.914324880054832,0.630891950688905
1415,64.0,13053.0,0.0,1.0,0.0,1.0,6.0,7.0,1923.0,2000.0,0.0,2.0,2.0,2.0,2.0,3.0,5.0,0.0,5.0,0.0,833.0,833.0,1.0,1053.0,795.0,0.0,1848.0,4.0,1.0,1.0,8.0,0.0,1.0,1.0,1.5,1922.0,2.0,2.0,370.0,2.0,2.0,2.0,0.0,0.0,0.0,0.0,220.0,0.0,4.0,4.0,0.0,6.0,2008.0,207000.0,1.0,1.0,1.0,0.0,0.0,0.0,0.0,0.0,0.8356164383561644,0.8678082191780822,0.8205479452054795,0.09863013698630137,0.7883561643835616,0.03972602739726028,0.863013698630137,0.9897260273972602,0.7205479452054795,0.007534246575342466,0.9821917808219178,0.1410958904109589,0.13493150684931507,0.1,0.9780821917808219,0.914324880054832,0.28063814358230604
1416,51.0,3635.0,0.0,0.0,0.0,0.0,7.0,5.0,2007.0,2007.0,130.0,1.0,2.0,1.0,2.0,3.0,1.0,988.0,5.0,0.0,398.0,1386.0,0.0,1569.0,0.0,0.0,1569.0,1.0,1.0,1.0,7.0,0.0,1.0,2.0,2.5,2007.0,1.0,3.0,660.0,2.0,2.0,0.0,143.0,20.0,0.0,0.0,0.0,0.0,4.0,4.0,0.0,5.0,2009.0,175900.0,1.0,0.0,1.0,1.0,0.0,0.0,0.0,0.0,0.07808219178082192,0.8678082191780822,0.8205479452054795,0.05958904109589041,0.7883561643835616,0.011643835616438357,0.863013698630137,0.9897260273972602,0.7205479452054795,0.1958904109589041,0.9821917808219178,0.3527397260273973,0.3452054794520548,0.44315068493150683,0.9780821917808219,0.914324880054832,0.630891950688905
1417,60.0,11340.0,0.0,0.0,0.0,3.0,4.0,6.0,1885.0,1950.0,0.0,2.0,2.0,2.0,2.0,3.0,5.0,0.0,5.0,0.0,777.0,777.0,1.0,1246.0,1044.0,0.0,2290.0,4.0,2.0,2.0,11.0,0.0,0.0,5.0,2.0,1971.0,2.0,2.0,560.0,2.0,2.0,2.0,0.0,0.0,114.0,0.0,0.0,0.0,4.0,4.0,0.0,4.0,2010.0,122500.0,1.0,0.0,1.0,0.0,0.0,0.0,0.0,0.0,0.021232876712328767,0.8678082191780822,0.8205479452054795,0.02054794520547945,0.14931506849315068,0.0773972602739726,0.863013698630137,0.9897260273972602,0.7205479452054795,0.7815068493150685,0.9821917808219178,0.3527397260273973,0.0136986301369863,0.44315068493150683,0.9780821917808219,0.914324880054832,0.28063814358230604
1418,98.8,16545.0,1.0,0.0,0.0,3.0,8.0,5.0,1998.0,1998.0,731.0,1.0,2.0,1.0,2.0,2.0,0.0,781.0,5.0,0.0,503.0,1284.0,0.0,1310.0,1140.0,0.0,2450.0,3.0,1.0,1.0,7.0,0.0,1.0,2.0,3.5,1998.0,0.0,3.0,1069.0,2.0,2.0,0.0,0.0,126.0,0.0,0.0,0.0,0.0,4.0,4.0,0.0,5.0,2009.0,340000.0,1.0,0.0,1.0,1.0,0.0,0.0,0.0,0.0,0.8356164383561644,0.8678082191780822,0.8205479452054795,0.2047945205479452,0.7883561643835616,0.028082191780821917,0.863013698630137,0.9897260273972602,0.7205479452054795,0.7815068493150685,0.9821917808219178,0.3527397260273973,0.3452054794520548,0.44315068493150683,0.9780821917808219,0.914324880054832,0.630891950688905
1419,71.0,9204.0,0.0,0.0,0.0,0.0,5.0,5.0,1963.0,1963.0,0.0,2.0,2.0,2.0,2.0,3.0,2.0,25.0,3.0,872.0,247.0,1144.0,2.0,1144.0,0.0,0.0,1144.0,3.0,1.0,2.0,6.0,0.0,0.0,5.0,2.5,1962.0,2.0,1.0,336.0,2.0,2.0,0.0,0.0,88.0,0.0,0.0,0.0,0.0,4.0,4.0,0.0,8.0,2008.0,124000.0,1.0,0.0,1.0,0.0,0.0,0.0,0.0,0.0,0.8356164383561644,0.02945205479452055,0.8205479452054795,0.36712328767123287,0.7883561643835616,0.1541095890410959,0.863013698630137,0.9897260273972602,0.7205479452054795,0.7815068493150685,0.9821917808219178,0.15205479452054796,0.14178082191780822,0.43424657534246575,0.9780821917808219,0.914324880054832,0.28063814358230604
1420,85.2,16381.0,1.0,0.0,0.0,0.0,6.0,5.0,1969.0,1969.0,312.0,1.0,1.0,2.0,2.0,1.0,3.0,1110.0,5.0,0.0,734.0,1844.0,1.0,1844.0,0.0,0.0,1844.0,3.0,1.0,1.0,7.0,0.0,1.0,2.0,3.0,1969.0,1.0,2.0,540.0,2.0,2.0,0.0,0.0,73.0,216.0,0.0,0.0,0.0,4.0,4.0,0.0,12.0,2006.0,223000.0,1.0,0.0,1.0,1.0,0.0,0.0,0.0,0.0,0.8356164383561644,0.8678082191780822,0.8205479452054795,0.36712328767123287,0.7883561643835616,0.03493150684931507,0.863013698630137,0.9897260273972602,0.7205479452054795,0.7815068493150685,0.9821917808219178,0.07397260273972603,0.09726027397260274,0.43424657534246575,0.9780821917808219,0.914324880054832,0.630891950688905
1421,90.0,11700.0,0.0,0.0,0.0,3.0,6.0,6.0,1968.0,1968.0,420.0,2.0,2.0,2.0,2.0,3.0,1.0,404.0,5.0,0.0,304.0,708.0,1.0,708.0,708.0,0.0,1416.0,3.0,1.0,2.0,7.0,0.0,1.0,2.0,2.5,1968.0,1.0,2.0,776.0,2.0,2.0,0.0,0.0,169.0,0.0,0.0,119.0,0.0,4.0,4.0,0.0,5.0,2006.0,179900.0,1.0,0.0,1.0,1.0,0.0,0.0,0.0,0.0,0.8356164383561644,0.8678082191780822,0.8205479452054795,0.2047945205479452,0.7883561643835616,0.05,0.863013698630137,0.9897260273972602,0.18013698630136987,0.7815068493150685,0.9821917808219178,0.15205479452054796,0.14178082191780822,0.43424657534246575,0.9780821917808219,0.914324880054832,0.630891950688905
1422,53.0,4043.0,0.0,0.0,0.0,0.0,6.0,5.0,1977.0,1977.0,0.0,2.0,2.0,1.0,2.0,3.0,1.0,360.0,5.0,0.0,709.0,1069.0,2.0,1069.0,0.0,0.0,1069.0,2.0,1.0,2.0,4.0,0.0,1.0,3.0,2.0,1977.0,1.0,2.0,440.0,2.0,2.0,0.0,0.0,55.0,0.0,0.0,165.0,0.0,4.0,4.0,0.0,7.0,2010.0,127500.0,1.0,0.0,1.0,0.0,0.0,0.0,0.0,0.0,0.07808219178082192,0.8678082191780822,0.8205479452054795,0.05958904109589041,0.7883561643835616,0.0061643835616438354,0.863013698630137,0.9897260273972602,0.7205479452054795,0.7815068493150685,0.9821917808219178,0.07397260273972603,0.09726027397260274,0.43424657534246575,0.9780821917808219,0.914324880054832,0.630891950688905
1423,37.0,4435.0,0.0,0.0,0.0,0.0,6.0,5.0,2003.0,2003.0,170.0,1.0,2.0,1.0,2.0,1.0,0.0,686.0,5.0,0.0,162.0,848.0,0.0,848.0,0.0,0.0,848.0,1.0,1.0,1.0,3.0,0.0,0.0,5.0,2.0,2003.0,0.0,2.0,420.0,2.0,2.0,0.0,140.0,0.0,0.0,0.0,0.0,0.0,4.0,4.0,0.0,3.0,2008.0,136500.0,1.0,0.0,1.0,1.0,0.0,0.0,0.0,0.0,0.07808219178082192,0.8678082191780822,0.8205479452054795,0.05958904109589041,0.14931506849315068,0.10273972602739725,0.863013698630137,0.9897260273972602,0.7205479452054795,0.7815068493150685,0.9821917808219178,0.3527397260273973,0.3452054794520548,0.44315068493150683,0.9780821917808219,0.914324880054832,0.630891950688905
1424,102.8,19690.0,1.0,0.0,0.0,7.0,6.0,7.0,1966.0,1966.0,0.0,1.0,1.0,1.0,2.0,1.0,5.0,0.0,5.0,0.0,697.0,697.0,2.0,1575.0,626.0,0.0,2201.0,4.0,1.0,1.0,8.0,0.0,1.0,1.0,2.0,1966.0,2.0,2.0,432.0,1.0,1.0,0.0,586.0,236.0,0.0,0.0,0.0,738.0,1.0,0.0,0.0,8.0,2006.0,274970.0,1.0,0.0,1.0,0.0,0.0,0.0,0.0,0.0,0.8356164383561644,0.8678082191780822,0.00821917808219178,0.03972602739726028,0.7883561643835616,0.0684931506849315,0.863013698630137,0.9897260273972602,0.06438356164383562,0.008904109589041096,0.007534246575342466,0.07397260273972603,0.09726027397260274,0.43424657534246575,0.9780821917808219,0.914324880054832,0.630891950688905
1425,72.6,9503.0,0.0,0.0,0.0,0.0,5.0,5.0,1958.0,1983.0,0.0,2.0,2.0,2.0,2.0,3.0,1.0,457.0,3.0,374.0,193.0,1024.0,2.0,1344.0,0.0,0.0,1344.0,2.0,1.0,2.0,6.0,1.0,1.0,2.0,2.0,1970.0,2.0,1.0,484.0,2.0,2.0,0.0,316.0,28.0,0.0,0.0,0.0,0.0,4.0,2.0,0.0,6.0,2007.0,144000.0,1.0,0.0,1.0,0.0,0.0,0.0,0.0,0.0,0.8356164383561644,0.8678082191780822,0.8205479452054795,0.36712328767123287,0.7883561643835616,0.1541095890410959,0.863013698630137,0.9897260273972602,0.7205479452054795,0.1958904109589041,0.9821917808219178,0.15205479452054796,0.14178082191780822,0.43424657534246575,0.9780821917808219,0.914324880054832,0.28063814358230604
1426,80.0,10721.0,1.0,0.0,0.0,0.0,6.0,6.0,1959.0,1959.0,243.0,1.0,2.0,2.0,2.0,3.0,5.0,0.0,5.0,0.0,1252.0,1252.0,0.0,1252.0,0.0,0.0,1252.0,3.0,1.0,1.0,7.0,0.0,0.0,5.0,1.0,1960.0,2.0,2.0,528.0,2.0,2.0,0.0,0.0,39.0,0.0,0.0,0.0,0.0,4.0,4.0,0.0,10.0,2008.0,142000.0,1.0,0.0,1.0,0.0,1.0,0.0,0.0,0.0,0.8356164383561644,0.8678082191780822,0.8205479452054795,0.36712328767123287,0.7883561643835616,0.1541095890410959,0.863013698630137,0.9897260273972602,0.7205479452054795,0.1958904109589041,0.9821917808219178,0.15205479452054796,0.14178082191780822,0.43424657534246575,0.9780821917808219,0.914324880054832,0.28063814358230604
1427,81.0,10944.0,1.0,0.0,0.0,3.0,7.0,5.0,1994.0,1994.0,448.0,1.0,2.0,1.0,2.0,3.0,0.0,1000.0,5.0,0.0,223.0,1223.0,0.0,1223.0,904.0,0.0,2127.0,3.0,1.0,1.0,5.0,0.0,2.0,2.0,3.5,1994.0,1.0,2.0,525.0,2.0,2.0,0.0,171.0,132.0,0.0,0.0,0.0,0.0,4.0,4.0,0.0,8.0,2008.0,271000.0,1.0,0.0,1.0,1.0,0.0,0.0,0.0,0.0,0.8356164383561644,0.8678082191780822,0.8205479452054795,0.2047945205479452,0.7883561643835616,0.028082191780821917,0.863013698630137,0.9897260273972602,0.7205479452054795,0.7815068493150685,0.9821917808219178,0.3527397260273973,0.3452054794520548,0.44315068493150683,0.9780821917808219,0.914324880054832,0.630891950688905
1428,60.0,10930.0,0.0,1.0,0.0,1.0,5.0,6.0,1945.0,1950.0,0.0,2.0,2.0,2.0,2.0,3.0,2.0,580.0,5.0,0.0,333.0,913.0,2.0,1048.0,510.0,0.0,1558.0,3.0,1.0,2.0,6.0,0.0,1.0,2.0,2.5,1962.0,2.0,1.0,288.0,2.0,2.0,0.0,0.0,0.0,0.0,0.0,0.0,0.0,4.0,4.0,0.0,4.0,2008.0,140000.0,1.0,0.0,1.0,0.0,0.0,0.0,0.0,0.0,0.8356164383561644,0.8678082191780822,0.8205479452054795,0.09863013698630137,0.7883561643835616,0.1541095890410959,0.03287671232876712,0.9897260273972602,0.7205479452054795,0.7815068493150685,0.9821917808219178,0.1506849315068493,0.14657534246575343,0.43424657534246575,0.9780821917808219,0.06442769019876628,0.630891950688905
1429,60.0,7200.0,0.0,0.0,0.0,0.0,5.0,7.0,1940.0,1992.0,294.0,2.0,1.0,2.0,2.0,3.0,2.0,510.0,5.0,0.0,278.0,788.0,2.0,804.0,0.0,0.0,804.0,2.0,1.0,1.0,4.0,0.0,2.0,1.0,2.0,1940.0,2.0,1.0,240.0,2.0,2.0,0.0,0.0,0.0,154.0,0.0,0.0,0.0,4.0,1.0,0.0,2.0,2010.0,119000.0,1.0,0.0,1.0,0.0,1.0,0.0,0.0,0.0,0.8356164383561644,0.8678082191780822,0.06917808219178082,0.04726027397260274,0.14931506849315068,0.0773972602739726,0.863013698630137,0.9897260273972602,0.18013698630136987,0.7815068493150685,0.9821917808219178,0.1506849315068493,0.14657534246575343,0.43424657534246575,0.9780821917808219,0.914324880054832,0.630891950688905
1430,80.2,12546.0,1.0,0.0,0.0,0.0,6.0,7.0,1981.0,1981.0,310.0,1.0,1.0,1.0,2.0,3.0,2.0,678.0,5.0,0.0,762.0,1440.0,0.0,1440.0,0.0,0.0,1440.0,3.0,1.0,1.0,7.0,0.0,1.0,2.0,2.0,1981.0,0.0,2.0,467.0,2.0,2.0,0.0,0.0,0.0,99.0,0.0,0.0,0.0,4.0,4.0,0.0,4.0,2007.0,182900.0,1.0,0.0,1.0,1.0,0.0,0.0,0.0,0.0,0.8356164383561644,0.8678082191780822,0.8205479452054795,0.36712328767123287,0.7883561643835616,0.05,0.863013698630137,0.9897260273972602,0.18013698630136987,0.7815068493150685,0.9821917808219178,0.1506849315068493,0.14657534246575343,0.43424657534246575,0.9780821917808219,0.914324880054832,0.630891950688905
1431,60.0,21930.0,3.0,0.0,0.0,3.0,5.0,5.0,2005.0,2005.0,0.0,1.0,2.0,1.0,1.0,1.0,5.0,0.0,5.0,0.0,732.0,732.0,0.0,734.0,1104.0,0.0,1838.0,4.0,1.0,2.0,7.0,0.0,1.0,1.0,2.5,2005.0,0.0,2.0,372.0,2.0,2.0,0.0,100.0,40.0,0.0,0.0,0.0,0.0,4.0,4.0,0.0,7.0,2006.0,192140.0,1.0,0.0,1.0,0.0,0.0,0.0,0.0,0.0,0.8356164383561644,0.8678082191780822,0.8205479452054795,0.2047945205479452,0.7883561643835616,0.05410958904109589,0.01780821917808219,0.9897260273972602,0.7205479452054795,0.7815068493150685,0.9821917808219178,0.3527397260273973,0.3452054794520548,0.44315068493150683,0.9780821917808219,0.914324880054832,0.06381435823060189
1432,52.6,4928.0,1.0,0.0,0.0,0.0,6.0,6.0,1976.0,1976.0,0.0,2.0,2.0,1.0,2.0,3.0,4.0,958.0,5.0,0.0,0.0,958.0,2.0,958.0,0.0,0.0,958.0,2.0,1.0,2.0,5.0,0.0,0.0,5.0,2.0,1976.0,1.0,2.0,440.0,2.0,2.0,0.0,0.0,60.0,0.0,0.0,0.0,0.0,4.0,4.0,0.0,10.0,2009.0,143750.0,1.0,0.0,1.0,0.0,0.0,0.0,0.0,0.0,0.07808219178082192,0.8678082191780822,0.8205479452054795,0.05958904109589041,0.7883561643835616,0.0061643835616438354,0.863013698630137,0.9897260273972602,0.7205479452054795,0.7815068493150685,0.9821917808219178,0.07397260273972603,0.09726027397260274,0.43424657534246575,0.9780821917808219,0.914324880054832,0.630891950688905
1433,60.0,10800.0,0.0,0.0,0.0,0.0,4.0,6.0,1927.0,2007.0,0.0,2.0,2.0,2.0,2.0,3.0,5.0,0.0,5.0,0.0,656.0,656.0,2.0,968.0,0.0,0.0,968.0,4.0,1.0,2.0,5.0,0.0,0.0,5.0,2.0,1928.0,2.0,1.0,216.0,3.0,3.0,0.0,0.0,0.0,0.0,0.0,0.0,0.0,4.0,4.0,0.0,8.0,2007.0,64500.0,1.0,0.0,1.0,0.0,0.0,0.0,0.0,0.0,0.8356164383561644,0.8678082191780822,0.8205479452054795,0.04726027397260274,0.7883561643835616,0.0773972602739726,0.863013698630137,0.9897260273972602,0.7205479452054795,0.7815068493150685,0.9821917808219178,0.1410958904109589,0.13493150684931507,0.1,0.9780821917808219,0.914324880054832,0.28063814358230604
1434,93.0,10261.0,1.0,0.0,0.0,3.0,6.0,5.0,2000.0,2000.0,318.0,2.0,2.0,1.0,2.0,3.0,5.0,0.0,5.0,0.0,936.0,936.0,0.0,962.0,830.0,0.0,1792.0,3.0,1.0,2.0,8.0,0.0,1.0,2.0,3.5,2000.0,0.0,2.0,451.0,2.0,2.0,0.0,0.0,0.0,0.0,0.0,0.0,0.0,4.0,4.0,0.0,5.0,2008.0,186500.0,1.0,0.0,1.0,1.0,0.0,0.0,0.0,0.0,0.8356164383561644,0.8678082191780822,0.8205479452054795,0.2047945205479452,0.7883561643835616,0.05410958904109589,0.863013698630137,0.9897260273972602,0.7205479452054795,0.7815068493150685,0.9821917808219178,0.3527397260273973,0.3452054794520548,0.44315068493150683,0.9780821917808219,0.914324880054832,0.630891950688905
1435,80.0,17400.0,0.0,3.0,1.0,0.0,5.0,5.0,1977.0,1977.0,0.0,2.0,2.0,2.0,2.0,3.0,1.0,936.0,5.0,0.0,190.0,1126.0,3.0,1126.0,0.0,0.0,1126.0,3.0,1.0,2.0,5.0,0.0,1.0,1.0,3.0,1977.0,1.0,2.0,484.0,2.0,2.0,1.0,295.0,41.0,0.0,0.0,0.0,0.0,4.0,4.0,0.0,5.0,2006.0,160000.0,1.0,0.0,1.0,0.0,0.0,0.0,0.0,0.0,0.8356164383561644,0.8678082191780822,0.8205479452054795,0.36712328767123287,0.7883561643835616,0.03356164383561644,0.863013698630137,0.9897260273972602,0.7205479452054795,0.7815068493150685,0.9821917808219178,0.03424657534246575,0.017123287671232876,0.43424657534246575,0.9780821917808219,0.914324880054832,0.630891950688905
1436,80.0,8400.0,0.0,0.0,0.0,0.0,6.0,9.0,1962.0,2005.0,237.0,1.0,1.0,2.0,2.0,3.0,5.0,0.0,5.0,0.0,1319.0,1319.0,2.0,1537.0,0.0,0.0,1537.0,3.0,1.0,1.0,7.0,0.0,1.0,1.0,2.5,1962.0,1.0,2.0,462.0,2.0,2.0,0.0,0.0,36.0,0.0,0.0,0.0,0.0,4.0,0.0,0.0,7.0,2008.0,174000.0,1.0,0.0,1.0,1.0,0.0,0.0,0.0,0.0,0.8356164383561644,0.02945205479452055,0.06917808219178082,0.36712328767123287,0.7883561643835616,0.1541095890410959,0.863013698630137,0.9897260273972602,0.7205479452054795,0.7815068493150685,0.9821917808219178,0.1410958904109589,0.13493150684931507,0.43424657534246575,0.9780821917808219,0.914324880054832,0.630891950688905
1437,60.0,9000.0,0.0,0.0,0.0,0.0,4.0,6.0,1971.0,1971.0,0.0,2.0,2.0,2.0,2.0,3.0,1.0,616.0,5.0,0.0,248.0,864.0,2.0,864.0,0.0,0.0,864.0,3.0,1.0,2.0,5.0,0.0,0.0,5.0,1.0,1974.0,2.0,2.0,528.0,2.0,2.0,0.0,0.0,0.0,0.0,0.0,0.0,0.0,4.0,2.0,0.0,5.0,2007.0,120500.0,1.0,0.0,1.0,0.0,0.0,0.0,0.0,0.0,0.8356164383561644,0.8678082191780822,0.8205479452054795,0.36712328767123287,0.7883561643835616,0.1541095890410959,0.863013698630137,0.9897260273972602,0.03219178082191781,0.7815068493150685,0.9821917808219178,0.15205479452054796,0.14178082191780822,0.44315068493150683,0.9780821917808219,0.914324880054832,0.28063814358230604
1438,96.0,12444.0,0.0,0.0,0.0,0.0,8.0,5.0,2008.0,2008.0,426.0,0.0,2.0,0.0,2.0,1.0,0.0,1336.0,5.0,0.0,596.0,1932.0,0.0,1932.0,0.0,0.0,1932.0,2.0,1.0,0.0,7.0,0.0,1.0,1.0,3.0,2008.0,0.0,3.0,774.0,2.0,2.0,0.0,0.0,66.0,0.0,304.0,0.0,0.0,4.0,4.0,0.0,11.0,2008.0,394617.0,1.0,0.0,1.0,0.0,1.0,0.0,0.0,0.0,0.8356164383561644,0.08356164383561644,0.08561643835616438,0.36712328767123287,0.7883561643835616,0.05273972602739726,0.863013698630137,0.9897260273972602,0.03219178082191781,0.1958904109589041,0.9821917808219178,0.3527397260273973,0.3452054794520548,0.44315068493150683,0.9780821917808219,0.914324880054832,0.630891950688905
1439,90.0,7407.0,0.0,0.0,0.0,0.0,6.0,7.0,1957.0,1996.0,0.0,2.0,2.0,2.0,2.0,3.0,0.0,600.0,5.0,0.0,312.0,912.0,2.0,1236.0,0.0,0.0,1236.0,2.0,1.0,2.0,6.0,0.0,0.0,5.0,2.0,1957.0,2.0,2.0,923.0,2.0,2.0,0.0,0.0,158.0,158.0,0.0,0.0,0.0,4.0,1.0,0.0,4.0,2010.0,149700.0,1.0,0.0,1.0,0.0,0.0,0.0,0.0,0.0,0.8356164383561644,0.8678082191780822,0.8205479452054795,0.36712328767123287,0.14931506849315068,0.0773972602739726,0.03287671232876712,0.9897260273972602,0.7205479452054795,0.7815068493150685,0.9821917808219178,0.1506849315068493,0.14657534246575343,0.43424657534246575,0.9780821917808219,0.06442769019876628,0.630891950688905
1440,80.0,11584.0,0.0,0.0,0.0,7.0,7.0,6.0,1979.0,1979.0,96.0,2.0,2.0,2.0,2.0,3.0,0.0,315.0,3.0,110.0,114.0,539.0,2.0,1040.0,685.0,0.0,1725.0,3.0,1.0,2.0,6.0,0.0,1.0,2.0,2.5,1979.0,1.0,2.0,550.0,2.0,2.0,0.0,0.0,88.0,216.0,0.0,0.0,0.0,4.0,4.0,0.0,11.0,2007.0,197000.0,1.0,0.0,1.0,1.0,0.0,0.0,0.0,0.0,0.8356164383561644,0.8678082191780822,0.8205479452054795,0.2047945205479452,0.7883561643835616,0.05,0.863013698630137,0.9897260273972602,0.7205479452054795,0.1958904109589041,0.9821917808219178,0.15205479452054796,0.14178082191780822,0.43424657534246575,0.9780821917808219,0.914324880054832,0.630891950688905
1441,79.0,11526.0,1.0,1.0,1.0,4.0,6.0,7.0,1922.0,1994.0,0.0,2.0,2.0,0.0,2.0,3.0,5.0,0.0,5.0,0.0,588.0,588.0,3.0,1423.0,748.0,384.0,2555.0,3.0,1.0,2.0,11.0,1.0,1.0,1.0,2.0,1993.0,0.0,2.0,672.0,2.0,2.0,0.0,431.0,0.0,0.0,0.0,0.0,0.0,4.0,4.0,0.0,9.0,2008.0,191000.0,1.0,0.0,1.0,0.0,0.0,0.0,0.0,0.0,0.8356164383561644,0.8678082191780822,0.8205479452054795,0.0410958904109589,0.7883561643835616,0.03493150684931507,0.863013698630137,0.9897260273972602,0.7205479452054795,0.7815068493150685,0.9821917808219178,0.1506849315068493,0.14657534246575343,0.1,0.9780821917808219,0.914324880054832,0.28063814358230604
1442,34.2,4426.0,0.0,0.0,0.0,0.0,6.0,5.0,2004.0,2004.0,147.0,1.0,2.0,1.0,2.0,1.0,0.0,697.0,5.0,0.0,151.0,848.0,0.0,848.0,0.0,0.0,848.0,1.0,1.0,1.0,3.0,0.0,1.0,2.0,2.0,2004.0,1.0,2.0,420.0,2.0,2.0,0.0,149.0,0.0,0.0,0.0,0.0,0.0,4.0,4.0,0.0,5.0,2008.0,149300.0,1.0,0.0,1.0,1.0,0.0,0.0,0.0,0.0,0.07808219178082192,0.8678082191780822,0.8205479452054795,0.05958904109589041,0.14931506849315068,0.10273972602739725,0.863013698630137,0.9897260273972602,0.7205479452054795,0.7815068493150685,0.9821917808219178,0.3527397260273973,0.3452054794520548,0.44315068493150683,0.9780821917808219,0.914324880054832,0.630891950688905
1443,85.0,11003.0,0.0,0.0,0.0,3.0,10.0,5.0,2008.0,2008.0,160.0,0.0,2.0,0.0,2.0,1.0,0.0,765.0,5.0,0.0,252.0,1017.0,0.0,1026.0,981.0,0.0,2007.0,3.0,1.0,0.0,10.0,0.0,1.0,0.0,3.5,2008.0,0.0,3.0,812.0,2.0,2.0,0.0,168.0,52.0,0.0,0.0,0.0,0.0,4.0,4.0,0.0,4.0,2009.0,310000.0,1.0,0.0,1.0,0.0,1.0,0.0,0.0,0.0,0.8356164383561644,0.8678082191780822,0.8205479452054795,0.2047945205479452,0.04452054794520548,0.0589041095890411,0.863013698630137,0.9897260273972602,0.7205479452054795,0.7815068493150685,0.9821917808219178,0.3527397260273973,0.3452054794520548,0.44315068493150683,0.9780821917808219,0.914324880054832,0.630891950688905
1444,60.2,8854.0,0.0,0.0,0.0,2.0,6.0,6.0,1916.0,1950.0,0.0,2.0,2.0,2.0,2.0,3.0,5.0,0.0,5.0,0.0,952.0,952.0,3.0,952.0,0.0,0.0,952.0,2.0,1.0,3.0,4.0,0.0,1.0,1.0,1.0,1916.0,2.0,1.0,192.0,3.0,4.0,1.0,0.0,98.0,0.0,0.0,40.0,0.0,4.0,4.0,0.0,5.0,2009.0,121000.0,1.0,0.0,0.0,0.0,0.0,0.0,0.0,0.0,0.8356164383561644,0.8678082191780822,0.8205479452054795,0.04726027397260274,0.7883561643835616,0.03972602739726028,0.863013698630137,0.9897260273972602,0.7205479452054795,0.7815068493150685,0.9821917808219178,0.1410958904109589,0.13493150684931507,0.1,0.004794520547945206,0.018505825908156272,0.28063814358230604
1445,63.0,8500.0,0.0,0.0,0.0,0.0,7.0,5.0,2004.0,2004.0,106.0,1.0,2.0,1.0,2.0,1.0,5.0,0.0,5.0,0.0,1422.0,1422.0,0.0,1422.0,0.0,0.0,1422.0,3.0,1.0,1.0,7.0,0.0,0.0,5.0,2.0,2004.0,1.0,2.0,626.0,2.0,2.0,0.0,192.0,60.0,0.0,0.0,0.0,0.0,4.0,4.0,0.0,11.0,2007.0,179600.0,1.0,0.0,1.0,1.0,0.0,0.0,0.0,0.0,0.8356164383561644,0.8678082191780822,0.8205479452054795,0.36712328767123287,0.7883561643835616,0.10273972602739725,0.863013698630137,0.9897260273972602,0.03219178082191781,0.7815068493150685,0.9821917808219178,0.3527397260273973,0.3452054794520548,0.44315068493150683,0.9780821917808219,0.914324880054832,0.630891950688905
1446,70.0,8400.0,0.0,0.0,0.0,6.0,6.0,5.0,1966.0,1966.0,0.0,2.0,2.0,2.0,2.0,0.0,4.0,187.0,3.0,627.0,0.0,814.0,1.0,913.0,0.0,0.0,913.0,3.0,1.0,2.0,6.0,0.0,0.0,5.0,2.0,1990.0,2.0,1.0,240.0,2.0,2.0,0.0,0.0,0.0,252.0,0.0,0.0,0.0,4.0,4.0,0.0,5.0,2007.0,129000.0,1.0,0.0,1.0,0.0,0.0,0.0,0.0,0.0,0.8356164383561644,0.8678082191780822,0.8205479452054795,0.0136986301369863,0.7883561643835616,0.050684931506849315,0.863013698630137,0.9897260273972602,0.7205479452054795,0.7815068493150685,0.9821917808219178,0.3527397260273973,0.3452054794520548,0.43424657534246575,0.9780821917808219,0.914324880054832,0.28063814358230604
1447,90.0,26142.0,1.0,0.0,0.0,0.0,5.0,7.0,1962.0,1962.0,189.0,2.0,2.0,2.0,2.0,3.0,3.0,593.0,5.0,0.0,595.0,1188.0,2.0,1188.0,0.0,0.0,1188.0,3.0,1.0,2.0,6.0,0.0,0.0,5.0,1.0,1962.0,2.0,1.0,312.0,2.0,2.0,1.0,261.0,39.0,0.0,0.0,0.0,0.0,4.0,4.0,0.0,4.0,2010.0,157900.0,1.0,0.0,1.0,1.0,0.0,0.0,0.0,0.0,0.8356164383561644,0.8678082191780822,0.8205479452054795,0.36712328767123287,0.7883561643835616,0.03356164383561644,0.863013698630137,0.9897260273972602,0.06438356164383562,0.7815068493150685,0.9821917808219178,0.15205479452054796,0.14178082191780822,0.43424657534246575,0.9780821917808219,0.914324880054832,0.630891950688905
1448,80.0,10000.0,0.0,0.0,0.0,3.0,8.0,5.0,1995.0,1996.0,438.0,1.0,2.0,1.0,2.0,3.0,0.0,1079.0,5.0,0.0,141.0,1220.0,0.0,1220.0,870.0,0.0,2090.0,3.0,1.0,1.0,8.0,0.0,1.0,2.0,3.5,1995.0,1.0,2.0,556.0,2.0,2.0,0.0,0.0,65.0,0.0,0.0,0.0,0.0,4.0,4.0,0.0,12.0,2007.0,240000.0,1.0,0.0,1.0,1.0,0.0,0.0,0.0,0.0,0.8356164383561644,0.8678082191780822,0.8205479452054795,0.2047945205479452,0.7883561643835616,0.10273972602739725,0.863013698630137,0.9897260273972602,0.7205479452054795,0.7815068493150685,0.9821917808219178,0.3527397260273973,0.3452054794520548,0.44315068493150683,0.9780821917808219,0.914324880054832,0.630891950688905
1449,70.0,11767.0,0.0,0.0,0.0,3.0,4.0,7.0,1910.0,2000.0,0.0,2.0,2.0,3.0,2.0,3.0,5.0,0.0,5.0,0.0,560.0,560.0,1.0,796.0,550.0,0.0,1346.0,2.0,1.0,2.0,6.0,2.0,0.0,5.0,1.5,1950.0,2.0,1.0,384.0,3.0,2.0,0.0,168.0,24.0,0.0,0.0,0.0,0.0,4.0,2.0,0.0,5.0,2007.0,112000.0,1.0,0.0,0.0,0.0,0.0,0.0,0.0,0.0,0.8356164383561644,0.8678082191780822,0.8205479452054795,0.09863013698630137,0.7883561643835616,0.0684931506849315,0.863013698630137,0.9897260273972602,0.7205479452054795,0.7815068493150685,0.9821917808219178,0.1506849315068493,0.14178082191780822,0.43424657534246575,0.9780821917808219,0.914324880054832,0.28063814358230604
1450,21.0,1533.0,0.0,0.0,0.0,6.0,5.0,7.0,1970.0,1970.0,0.0,2.0,2.0,1.0,2.0,1.0,0.0,553.0,5.0,0.0,77.0,630.0,0.0,630.0,0.0,0.0,630.0,1.0,1.0,0.0,3.0,0.0,0.0,5.0,2.0,1975.2,3.0,0.0,0.0,5.0,5.0,0.0,0.0,0.0,0.0,0.0,0.0,0.0,4.0,4.0,0.0,8.0,2006.0,92000.0,1.0,0.0,1.0,0.0,0.0,0.0,0.0,0.0,0.02945205479452055,0.8678082191780822,0.06917808219178082,0.00684931506849315,0.14931506849315068,0.011643835616438357,0.863013698630137,0.9897260273972602,0.7205479452054795,0.7815068493150685,0.9821917808219178,0.04178082191780822,0.0410958904109589,0.43424657534246575,0.9780821917808219,0.914324880054832,0.37737490935460477
1451,60.0,9000.0,0.0,0.0,0.0,3.0,5.0,5.0,1974.0,1974.0,0.0,2.0,2.0,1.0,2.0,3.0,5.0,0.0,5.0,0.0,896.0,896.0,2.0,896.0,896.0,0.0,1792.0,4.0,2.0,2.0,8.0,0.0,0.0,5.0,3.0,1932.6,3.0,0.0,0.0,5.0,5.0,0.0,32.0,45.0,0.0,0.0,0.0,0.0,4.0,4.0,0.0,9.0,2009.0,136000.0,1.0,0.0,1.0,0.0,0.0,0.0,0.0,0.0,0.03561643835616438,0.8678082191780822,0.8205479452054795,0.03561643835616438,0.7883561643835616,0.1541095890410959,0.863013698630137,0.9897260273972602,0.03219178082191781,0.7815068493150685,0.9821917808219178,0.3527397260273973,0.3452054794520548,0.43424657534246575,0.9780821917808219,0.914324880054832,0.3506889050036258
1452,78.0,9262.0,0.0,0.0,0.0,0.0,8.0,5.0,2008.0,2009.0,194.0,1.0,2.0,1.0,2.0,3.0,5.0,0.0,5.0,0.0,1573.0,1573.0,0.0,1578.0,0.0,0.0,1578.0,3.0,1.0,0.0,7.0,0.0,1.0,1.0,2.0,2008.0,0.0,3.0,840.0,2.0,2.0,0.0,0.0,36.0,0.0,0.0,0.0,0.0,4.0,4.0,0.0,5.0,2009.0,287090.0,1.0,0.0,1.0,0.0,1.0,0.0,0.0,0.0,0.8356164383561644,0.08356164383561644,0.08561643835616438,0.36712328767123287,0.7883561643835616,0.0589041095890411,0.863013698630137,0.9897260273972602,0.7205479452054795,0.7815068493150685,0.9821917808219178,0.04178082191780822,0.0410958904109589,0.44315068493150683,0.9780821917808219,0.914324880054832,0.630891950688905
1453,35.0,3675.0,0.0,0.0,0.0,7.0,5.0,5.0,2005.0,2005.0,80.0,2.0,2.0,1.0,2.0,0.0,0.0,547.0,5.0,0.0,0.0,547.0,1.0,1072.0,0.0,0.0,1072.0,2.0,1.0,2.0,5.0,0.0,0.0,5.0,2.0,2005.0,0.0,2.0,525.0,2.0,2.0,0.0,0.0,28.0,0.0,0.0,0.0,0.0,4.0,4.0,0.0,5.0,2006.0,145000.0,1.0,0.0,1.0,1.0,0.0,0.0,0.0,0.0,0.07808219178082192,0.8678082191780822,0.8205479452054795,0.00684931506849315,0.14931506849315068,0.0684931506849315,0.863013698630137,0.9897260273972602,0.7205479452054795,0.7815068493150685,0.9821917808219178,0.3527397260273973,0.3452054794520548,0.44315068493150683,0.9780821917808219,0.914324880054832,0.013778100072516316
1454,90.0,17217.0,0.0,0.0,0.0,0.0,5.0,5.0,2006.0,2006.0,0.0,2.0,2.0,1.0,2.0,3.0,5.0,0.0,5.0,0.0,1140.0,1140.0,0.0,1140.0,0.0,0.0,1140.0,3.0,1.0,2.0,6.0,0.0,0.0,5.0,1.0,1967.0,3.0,0.0,0.0,5.0,5.0,0.0,36.0,56.0,0.0,0.0,0.0,0.0,4.0,4.0,0.0,7.0,2006.0,84500.0,1.0,0.0,1.0,0.0,0.0,0.0,0.0,0.0,0.8356164383561644,0.8678082191780822,0.06917808219178082,0.36712328767123287,0.7883561643835616,0.03356164383561644,0.863013698630137,0.9897260273972602,0.7205479452054795,0.7815068493150685,0.9821917808219178,0.3527397260273973,0.3452054794520548,0.44315068493150683,0.9780821917808219,0.914324880054832,0.3506889050036258
1455,62.0,7500.0,0.0,0.0,0.0,0.0,7.0,5.0,2004.0,2005.0,0.0,1.0,2.0,1.0,2.0,3.0,0.0,410.0,5.0,0.0,811.0,1221.0,0.0,1221.0,0.0,0.0,1221.0,2.0,1.0,1.0,6.0,0.0,0.0,5.0,3.0,2004.0,1.0,2.0,400.0,2.0,2.0,0.0,0.0,113.0,0.0,0.0,0.0,0.0,4.0,4.0,0.0,10.0,2009.0,185000.0,1.0,1.0,1.0,0.0,0.0,0.0,0.0,0.0,0.8356164383561644,0.8678082191780822,0.8205479452054795,0.36712328767123287,0.04452054794520548,0.0589041095890411,0.863013698630137,0.9897260273972602,0.7205479452054795,0.7815068493150685,0.9821917808219178,0.3527397260273973,0.3452054794520548,0.44315068493150683,0.9780821917808219,0.914324880054832,0.630891950688905
1456,62.0,7917.0,0.0,0.0,0.0,3.0,6.0,5.0,1999.0,2000.0,0.0,2.0,2.0,1.0,2.0,3.0,5.0,0.0,5.0,0.0,953.0,953.0,0.0,953.0,694.0,0.0,1647.0,3.0,1.0,2.0,7.0,0.0,1.0,2.0,2.5,1999.0,1.0,2.0,460.0,2.0,2.0,0.0,0.0,40.0,0.0,0.0,0.0,0.0,4.0,4.0,0.0,8.0,2007.0,175000.0,1.0,0.0,1.0,0.0,0.0,0.0,0.0,0.0,0.8356164383561644,0.8678082191780822,0.8205479452054795,0.2047945205479452,0.7883561643835616,0.05410958904109589,0.863013698630137,0.9897260273972602,0.7205479452054795,0.7815068493150685,0.9821917808219178,0.3527397260273973,0.3452054794520548,0.44315068493150683,0.9780821917808219,0.914324880054832,0.630891950688905
1457,85.0,13175.0,0.0,0.0,0.0,0.0,6.0,6.0,1978.0,1988.0,119.0,2.0,2.0,1.0,2.0,3.0,1.0,790.0,3.0,163.0,589.0,1542.0,2.0,2073.0,0.0,0.0,2073.0,3.0,1.0,2.0,7.0,1.0,2.0,2.0,3.0,1978.0,2.0,2.0,500.0,2.0,2.0,0.0,349.0,0.0,0.0,0.0,0.0,0.0,4.0,1.0,0.0,2.0,2010.0,210000.0,1.0,0.0,1.0,0.0,1.0,0.0,0.0,0.0,0.8356164383561644,0.8678082191780822,0.8205479452054795,0.36712328767123287,0.7883561643835616,0.05,0.863013698630137,0.9897260273972602,0.7205479452054795,0.7815068493150685,0.9821917808219178,0.07397260273972603,0.09726027397260274,0.43424657534246575,0.9780821917808219,0.914324880054832,0.630891950688905
1458,66.0,9042.0,0.0,0.0,0.0,3.0,7.0,9.0,1941.0,2006.0,0.0,0.0,1.0,2.0,1.0,3.0,0.0,275.0,5.0,0.0,877.0,1152.0,0.0,1188.0,1152.0,0.0,2340.0,4.0,1.0,1.0,9.0,0.0,2.0,1.0,2.0,1941.0,1.0,1.0,252.0,2.0,2.0,0.0,0.0,60.0,0.0,0.0,0.0,0.0,4.0,0.0,2500.0,5.0,2010.0,266500.0,1.0,0.0,1.0,0.0,0.0,0.0,1.0,0.0,0.8356164383561644,0.8678082191780822,0.8205479452054795,0.0410958904109589,0.7883561643835616,0.03493150684931507,0.863013698630137,0.9897260273972602,0.7205479452054795,0.7815068493150685,0.9821917808219178,0.04178082191780822,0.0410958904109589,0.00410958904109589,0.9780821917808219,0.914324880054832,0.630891950688905
1459,68.0,9717.0,0.0,0.0,0.0,0.0,5.0,6.0,1950.0,1996.0,0.0,2.0,2.0,2.0,2.0,2.0,0.0,49.0,3.0,1029.0,0.0,1078.0,1.0,1078.0,0.0,0.0,1078.0,2.0,1.0,1.0,5.0,0.0,0.0,5.0,2.0,1950.0,2.0,1.0,240.0,2.0,2.0,0.0,366.0,0.0,112.0,0.0,0.0,0.0,4.0,4.0,0.0,4.0,2010.0,142125.0,1.0,0.0,1.0,0.0,0.0,0.0,0.0,0.0,0.8356164383561644,0.8678082191780822,0.8205479452054795,0.36712328767123287,0.7883561643835616,0.1541095890410959,0.863013698630137,0.9897260273972602,0.7205479452054795,0.1958904109589041,0.9821917808219178,0.1506849315068493,0.14657534246575343,0.43424657534246575,0.9780821917808219,0.06442769019876628,0.630891950688905
1460,75.0,9937.0,0.0,0.0,0.0,0.0,5.0,6.0,1965.0,1965.0,0.0,1.0,2.0,2.0,2.0,3.0,2.0,830.0,4.0,290.0,136.0,1256.0,1.0,1256.0,0.0,0.0,1256.0,3.0,1.0,2.0,6.0,0.0,0.0,5.0,2.5,1965.0,0.0,1.0,276.0,2.0,2.0,0.0,736.0,68.0,0.0,0.0,0.0,0.0,4.0,4.0,0.0,6.0,2008.0,147500.0,1.0,0.0,1.0,0.0,0.0,0.0,0.0,0.0,0.8356164383561644,0.8678082191780822,0.8205479452054795,0.36712328767123287,0.7883561643835616,0.0684931506849315,0.863013698630137,0.9897260273972602,0.7205479452054795,0.7815068493150685,0.9821917808219178,0.15205479452054796,0.14178082191780822,0.43424657534246575,0.9780821917808219,0.914324880054832,0.630891950688905
